catalog_id,k,heuristic,ndcg5,ci_lo,ci_hi
phi_V100_EHIGH_z0.5_p0.25_s0,0,pop_global,0.764743,0.743962,0.785434
phi_V100_EHIGH_z0.5_p0.25_s0,0,recency_pop_0.1,0.034912,0.026189,0.043776
phi_V100_EHIGH_z0.5_p0.25_s0,0,recency_pop_0.5,0.052222,0.039862,0.065705
phi_V100_EHIGH_z0.5_p0.25_s0,0,recency_pop_1.0,0.052908,0.041352,0.066165
phi_V100_EHIGH_z0.5_p0.25_s0,0,pop_category,0.734560,0.710765,0.758052
phi_V100_EHIGH_z0.5_p0.25_s0,0,pop_price,0.759268,0.735002,0.780307
phi_V100_EHIGH_z0.5_p0.25_s0,0,lambda_hybrid_0.25,0.764743,0.744397,0.784720
phi_V100_EHIGH_z0.5_p0.25_s0,0,lambda_hybrid_0.5,0.764743,0.743159,0.786207
phi_V100_EHIGH_z0.5_p0.25_s0,0,lambda_hybrid_0.75,0.764743,0.744341,0.784365
phi_V100_EHIGH_z0.5_p0.25_s0,0,active_elic2,0.734560,0.711334,0.758460
phi_V100_EHIGH_z0.5_p0.25_s0,1,pop_global,0.433437,0.404620,0.460531
phi_V100_EHIGH_z0.5_p0.25_s0,1,recency_pop_0.1,0.118345,0.101880,0.134889
phi_V100_EHIGH_z0.5_p0.25_s0,1,recency_pop_0.5,0.202367,0.181519,0.224917
phi_V100_EHIGH_z0.5_p0.25_s0,1,recency_pop_1.0,0.203606,0.181857,0.224465
phi_V100_EHIGH_z0.5_p0.25_s0,1,pop_category,0.416018,0.389136,0.444482
phi_V100_EHIGH_z0.5_p0.25_s0,1,pop_price,0.421547,0.394802,0.450855
phi_V100_EHIGH_z0.5_p0.25_s0,1,content_knn_1,0.069835,0.058642,0.082951
phi_V100_EHIGH_z0.5_p0.25_s0,1,content_knn_3,0.097591,0.080155,0.114762
phi_V100_EHIGH_z0.5_p0.25_s0,1,content_knn_5,0.077511,0.063380,0.093800
phi_V100_EHIGH_z0.5_p0.25_s0,1,last_item_nbhd,0.058951,0.047618,0.070261
phi_V100_EHIGH_z0.5_p0.25_s0,1,pop_scaled_content,0.421928,0.393281,0.449218
phi_V100_EHIGH_z0.5_p0.25_s0,1,co_purchase,0.009915,0.004704,0.015277
phi_V100_EHIGH_z0.5_p0.25_s0,1,lambda_hybrid_0.25,0.415116,0.386632,0.441971
phi_V100_EHIGH_z0.5_p0.25_s0,1,lambda_hybrid_0.5,0.403869,0.374578,0.432851
phi_V100_EHIGH_z0.5_p0.25_s0,1,lambda_hybrid_0.75,0.317156,0.291267,0.342099
phi_V100_EHIGH_z0.5_p0.25_s0,2,pop_global,0.355735,0.330530,0.384663
phi_V100_EHIGH_z0.5_p0.25_s0,2,recency_pop_0.1,0.232443,0.210676,0.257699
phi_V100_EHIGH_z0.5_p0.25_s0,2,recency_pop_0.5,0.274318,0.249811,0.300428
phi_V100_EHIGH_z0.5_p0.25_s0,2,recency_pop_1.0,0.275211,0.249652,0.299512
phi_V100_EHIGH_z0.5_p0.25_s0,2,pop_category,0.332696,0.305961,0.360860
phi_V100_EHIGH_z0.5_p0.25_s0,2,pop_price,0.333606,0.305163,0.362392
phi_V100_EHIGH_z0.5_p0.25_s0,2,content_knn_1,0.046500,0.037364,0.057047
phi_V100_EHIGH_z0.5_p0.25_s0,2,content_knn_3,0.073186,0.060476,0.085883
phi_V100_EHIGH_z0.5_p0.25_s0,2,content_knn_5,0.041609,0.031112,0.051922
phi_V100_EHIGH_z0.5_p0.25_s0,2,last_item_nbhd,0.045618,0.036005,0.056567
phi_V100_EHIGH_z0.5_p0.25_s0,2,pop_scaled_content,0.353133,0.325508,0.381054
phi_V100_EHIGH_z0.5_p0.25_s0,2,co_purchase,0.003047,0.000774,0.006144
phi_V100_EHIGH_z0.5_p0.25_s0,2,lambda_hybrid_0.25,0.344108,0.316369,0.373963
phi_V100_EHIGH_z0.5_p0.25_s0,2,lambda_hybrid_0.5,0.340499,0.313963,0.369171
phi_V100_EHIGH_z0.5_p0.25_s0,2,lambda_hybrid_0.75,0.213445,0.191898,0.235058
phi_V100_EHIGH_z0.5_p0.25_s0,3,pop_global,0.241010,0.216510,0.266586
phi_V100_EHIGH_z0.5_p0.25_s0,3,recency_pop_0.1,0.207363,0.184842,0.230899
phi_V100_EHIGH_z0.5_p0.25_s0,3,recency_pop_0.5,0.220979,0.200000,0.245628
phi_V100_EHIGH_z0.5_p0.25_s0,3,recency_pop_1.0,0.221182,0.198206,0.246117
phi_V100_EHIGH_z0.5_p0.25_s0,3,pop_category,0.217514,0.193331,0.243284
phi_V100_EHIGH_z0.5_p0.25_s0,3,pop_price,0.224677,0.200839,0.249058
phi_V100_EHIGH_z0.5_p0.25_s0,3,content_knn_1,0.039337,0.030135,0.048132
phi_V100_EHIGH_z0.5_p0.25_s0,3,content_knn_3,0.049870,0.037391,0.061473
phi_V100_EHIGH_z0.5_p0.25_s0,3,content_knn_5,0.033862,0.025408,0.042560
phi_V100_EHIGH_z0.5_p0.25_s0,3,last_item_nbhd,0.032982,0.024466,0.041988
phi_V100_EHIGH_z0.5_p0.25_s0,3,pop_scaled_content,0.238072,0.214533,0.264292
phi_V100_EHIGH_z0.5_p0.25_s0,3,co_purchase,0.004040,0.001010,0.009091
phi_V100_EHIGH_z0.5_p0.25_s0,3,lambda_hybrid_0.25,0.229111,0.205345,0.252363
phi_V100_EHIGH_z0.5_p0.25_s0,3,lambda_hybrid_0.5,0.220364,0.195161,0.247112
phi_V100_EHIGH_z0.5_p0.25_s0,3,lambda_hybrid_0.75,0.123942,0.106397,0.142597
phi_V100_EHIGH_z0.5_p0.25_s0,5,pop_global,0.141432,0.122390,0.163089
phi_V100_EHIGH_z0.5_p0.25_s0,5,recency_pop_0.1,0.133391,0.113492,0.155072
phi_V100_EHIGH_z0.5_p0.25_s0,5,recency_pop_0.5,0.137117,0.117915,0.156457
phi_V100_EHIGH_z0.5_p0.25_s0,5,recency_pop_1.0,0.137117,0.119115,0.159789
phi_V100_EHIGH_z0.5_p0.25_s0,5,pop_category,0.126624,0.107644,0.147070
phi_V100_EHIGH_z0.5_p0.25_s0,5,pop_price,0.137712,0.117119,0.158015
phi_V100_EHIGH_z0.5_p0.25_s0,5,content_knn_1,0.019397,0.013235,0.026115
phi_V100_EHIGH_z0.5_p0.25_s0,5,content_knn_3,0.028466,0.019902,0.037782
phi_V100_EHIGH_z0.5_p0.25_s0,5,content_knn_5,0.018270,0.012285,0.024545
phi_V100_EHIGH_z0.5_p0.25_s0,5,last_item_nbhd,0.022002,0.015317,0.029767
phi_V100_EHIGH_z0.5_p0.25_s0,5,pop_scaled_content,0.140976,0.122258,0.160644
phi_V100_EHIGH_z0.5_p0.25_s0,5,co_purchase,0.004969,0.001073,0.009664
phi_V100_EHIGH_z0.5_p0.25_s0,5,lambda_hybrid_0.25,0.132058,0.112573,0.153579
phi_V100_EHIGH_z0.5_p0.25_s0,5,lambda_hybrid_0.5,0.122887,0.105217,0.144397
phi_V100_EHIGH_z0.5_p0.25_s0,5,lambda_hybrid_0.75,0.069816,0.056027,0.083265
phi_V100_EHIGH_z0.5_p0.25_s0,8,pop_global,0.061071,0.046002,0.077209
phi_V100_EHIGH_z0.5_p0.25_s0,8,recency_pop_0.1,0.061214,0.043894,0.078678
phi_V100_EHIGH_z0.5_p0.25_s0,8,recency_pop_0.5,0.059780,0.045040,0.076490
phi_V100_EHIGH_z0.5_p0.25_s0,8,recency_pop_1.0,0.059780,0.044168,0.075585
phi_V100_EHIGH_z0.5_p0.25_s0,8,pop_category,0.051950,0.036931,0.068093
phi_V100_EHIGH_z0.5_p0.25_s0,8,pop_price,0.052497,0.037246,0.069044
phi_V100_EHIGH_z0.5_p0.25_s0,8,content_knn_1,0.015421,0.008933,0.022538
phi_V100_EHIGH_z0.5_p0.25_s0,8,content_knn_3,0.021785,0.013146,0.031338
phi_V100_EHIGH_z0.5_p0.25_s0,8,content_knn_5,0.017440,0.010339,0.025135
phi_V100_EHIGH_z0.5_p0.25_s0,8,last_item_nbhd,0.017756,0.010759,0.025960
phi_V100_EHIGH_z0.5_p0.25_s0,8,pop_scaled_content,0.060755,0.045011,0.076424
phi_V100_EHIGH_z0.5_p0.25_s0,8,co_purchase,0.007157,0.001740,0.014073
phi_V100_EHIGH_z0.5_p0.25_s0,8,lambda_hybrid_0.25,0.058676,0.042291,0.075816
phi_V100_EHIGH_z0.5_p0.25_s0,8,lambda_hybrid_0.5,0.054984,0.040177,0.071208
phi_V100_EHIGH_z0.5_p0.25_s0,8,lambda_hybrid_0.75,0.036140,0.024743,0.049503
phi_V100_EHIGH_z0.5_p0.25_s1,0,pop_global,0.757393,0.735895,0.779777
phi_V100_EHIGH_z0.5_p0.25_s1,0,recency_pop_0.1,0.037845,0.027838,0.048062
phi_V100_EHIGH_z0.5_p0.25_s1,0,recency_pop_0.5,0.047424,0.036025,0.059374
phi_V100_EHIGH_z0.5_p0.25_s1,0,recency_pop_1.0,0.047424,0.036219,0.058633
phi_V100_EHIGH_z0.5_p0.25_s1,0,pop_category,0.757393,0.736055,0.778959
phi_V100_EHIGH_z0.5_p0.25_s1,0,pop_price,0.754028,0.732140,0.775648
phi_V100_EHIGH_z0.5_p0.25_s1,0,lambda_hybrid_0.25,0.757393,0.735612,0.776374
phi_V100_EHIGH_z0.5_p0.25_s1,0,lambda_hybrid_0.5,0.757393,0.734950,0.778956
phi_V100_EHIGH_z0.5_p0.25_s1,0,lambda_hybrid_0.75,0.757393,0.735397,0.778175
phi_V100_EHIGH_z0.5_p0.25_s1,0,active_elic2,0.827812,0.806253,0.847006
phi_V100_EHIGH_z0.5_p0.25_s1,1,pop_global,0.418585,0.390278,0.444385
phi_V100_EHIGH_z0.5_p0.25_s1,1,recency_pop_0.1,0.060697,0.046927,0.075294
phi_V100_EHIGH_z0.5_p0.25_s1,1,recency_pop_0.5,0.197541,0.175346,0.220617
phi_V100_EHIGH_z0.5_p0.25_s1,1,recency_pop_1.0,0.206550,0.185419,0.231075
phi_V100_EHIGH_z0.5_p0.25_s1,1,pop_category,0.418198,0.389085,0.447772
phi_V100_EHIGH_z0.5_p0.25_s1,1,pop_price,0.410187,0.383718,0.437147
phi_V100_EHIGH_z0.5_p0.25_s1,1,content_knn_1,0.043774,0.035106,0.053089
phi_V100_EHIGH_z0.5_p0.25_s1,1,content_knn_3,0.050382,0.040427,0.060185
phi_V100_EHIGH_z0.5_p0.25_s1,1,content_knn_5,0.046818,0.037477,0.055888
phi_V100_EHIGH_z0.5_p0.25_s1,1,last_item_nbhd,0.047010,0.038684,0.055951
phi_V100_EHIGH_z0.5_p0.25_s1,1,pop_scaled_content,0.365944,0.340301,0.392388
phi_V100_EHIGH_z0.5_p0.25_s1,1,co_purchase,0.017020,0.010470,0.023438
phi_V100_EHIGH_z0.5_p0.25_s1,1,lambda_hybrid_0.25,0.384931,0.357932,0.413246
phi_V100_EHIGH_z0.5_p0.25_s1,1,lambda_hybrid_0.5,0.305020,0.278937,0.331834
phi_V100_EHIGH_z0.5_p0.25_s1,1,lambda_hybrid_0.75,0.105901,0.089891,0.122703
phi_V100_EHIGH_z0.5_p0.25_s1,2,pop_global,0.316200,0.290079,0.342044
phi_V100_EHIGH_z0.5_p0.25_s1,2,recency_pop_0.1,0.093810,0.077870,0.110233
phi_V100_EHIGH_z0.5_p0.25_s1,2,recency_pop_0.5,0.173424,0.150607,0.196604
phi_V100_EHIGH_z0.5_p0.25_s1,2,recency_pop_1.0,0.176138,0.155348,0.197399
phi_V100_EHIGH_z0.5_p0.25_s1,2,pop_category,0.311470,0.284449,0.337402
phi_V100_EHIGH_z0.5_p0.25_s1,2,pop_price,0.301802,0.278604,0.326004
phi_V100_EHIGH_z0.5_p0.25_s1,2,content_knn_1,0.032788,0.025190,0.040663
phi_V100_EHIGH_z0.5_p0.25_s1,2,content_knn_3,0.055406,0.044976,0.065215
phi_V100_EHIGH_z0.5_p0.25_s1,2,content_knn_5,0.031740,0.024240,0.039627
phi_V100_EHIGH_z0.5_p0.25_s1,2,last_item_nbhd,0.032964,0.025071,0.041459
phi_V100_EHIGH_z0.5_p0.25_s1,2,pop_scaled_content,0.292893,0.267443,0.319300
phi_V100_EHIGH_z0.5_p0.25_s1,2,co_purchase,0.003953,0.001387,0.007270
phi_V100_EHIGH_z0.5_p0.25_s1,2,lambda_hybrid_0.25,0.273405,0.247578,0.301495
phi_V100_EHIGH_z0.5_p0.25_s1,2,lambda_hybrid_0.5,0.235059,0.211910,0.260081
phi_V100_EHIGH_z0.5_p0.25_s1,2,lambda_hybrid_0.75,0.138406,0.118955,0.160524
phi_V100_EHIGH_z0.5_p0.25_s1,3,pop_global,0.249155,0.225878,0.274303
phi_V100_EHIGH_z0.5_p0.25_s1,3,recency_pop_0.1,0.100670,0.084654,0.117632
phi_V100_EHIGH_z0.5_p0.25_s1,3,recency_pop_0.5,0.125637,0.106453,0.145100
phi_V100_EHIGH_z0.5_p0.25_s1,3,recency_pop_1.0,0.128229,0.108329,0.149299
phi_V100_EHIGH_z0.5_p0.25_s1,3,pop_category,0.240844,0.217360,0.266862
phi_V100_EHIGH_z0.5_p0.25_s1,3,pop_price,0.232848,0.207624,0.256774
phi_V100_EHIGH_z0.5_p0.25_s1,3,content_knn_1,0.030414,0.022659,0.038729
phi_V100_EHIGH_z0.5_p0.25_s1,3,content_knn_3,0.036202,0.027810,0.045022
phi_V100_EHIGH_z0.5_p0.25_s1,3,content_knn_5,0.033364,0.025334,0.041636
phi_V100_EHIGH_z0.5_p0.25_s1,3,last_item_nbhd,0.032704,0.025149,0.040847
phi_V100_EHIGH_z0.5_p0.25_s1,3,pop_scaled_content,0.225035,0.201816,0.248069
phi_V100_EHIGH_z0.5_p0.25_s1,3,co_purchase,0.007412,0.003458,0.012015
phi_V100_EHIGH_z0.5_p0.25_s1,3,lambda_hybrid_0.25,0.204592,0.181392,0.228739
phi_V100_EHIGH_z0.5_p0.25_s1,3,lambda_hybrid_0.5,0.152390,0.133857,0.173719
phi_V100_EHIGH_z0.5_p0.25_s1,3,lambda_hybrid_0.75,0.076598,0.061468,0.092276
phi_V100_EHIGH_z0.5_p0.25_s1,5,pop_global,0.195850,0.173775,0.217666
phi_V100_EHIGH_z0.5_p0.25_s1,5,recency_pop_0.1,0.124430,0.105313,0.142282
phi_V100_EHIGH_z0.5_p0.25_s1,5,recency_pop_0.5,0.138589,0.120689,0.158982
phi_V100_EHIGH_z0.5_p0.25_s1,5,recency_pop_1.0,0.140473,0.120357,0.159608
phi_V100_EHIGH_z0.5_p0.25_s1,5,pop_category,0.179624,0.160114,0.202764
phi_V100_EHIGH_z0.5_p0.25_s1,5,pop_price,0.185373,0.167086,0.207106
phi_V100_EHIGH_z0.5_p0.25_s1,5,content_knn_1,0.029194,0.021508,0.037059
phi_V100_EHIGH_z0.5_p0.25_s1,5,content_knn_3,0.032050,0.023475,0.040500
phi_V100_EHIGH_z0.5_p0.25_s1,5,content_knn_5,0.026825,0.019200,0.034849
phi_V100_EHIGH_z0.5_p0.25_s1,5,last_item_nbhd,0.028126,0.020685,0.035987
phi_V100_EHIGH_z0.5_p0.25_s1,5,pop_scaled_content,0.169960,0.149702,0.193556
phi_V100_EHIGH_z0.5_p0.25_s1,5,co_purchase,0.003380,0.000827,0.007003
phi_V100_EHIGH_z0.5_p0.25_s1,5,lambda_hybrid_0.25,0.135726,0.114417,0.157150
phi_V100_EHIGH_z0.5_p0.25_s1,5,lambda_hybrid_0.5,0.094548,0.077267,0.111638
phi_V100_EHIGH_z0.5_p0.25_s1,5,lambda_hybrid_0.75,0.052529,0.040500,0.065220
phi_V100_EHIGH_z0.5_p0.25_s1,8,pop_global,0.169802,0.145121,0.196849
phi_V100_EHIGH_z0.5_p0.25_s1,8,recency_pop_0.1,0.146976,0.124626,0.172150
phi_V100_EHIGH_z0.5_p0.25_s1,8,recency_pop_0.5,0.153274,0.129436,0.175203
phi_V100_EHIGH_z0.5_p0.25_s1,8,recency_pop_1.0,0.152917,0.128126,0.174276
phi_V100_EHIGH_z0.5_p0.25_s1,8,pop_category,0.147451,0.123077,0.172641
phi_V100_EHIGH_z0.5_p0.25_s1,8,pop_price,0.156804,0.135036,0.180590
phi_V100_EHIGH_z0.5_p0.25_s1,8,content_knn_1,0.025770,0.017775,0.034437
phi_V100_EHIGH_z0.5_p0.25_s1,8,content_knn_3,0.027161,0.017185,0.038467
phi_V100_EHIGH_z0.5_p0.25_s1,8,content_knn_5,0.021646,0.014492,0.029512
phi_V100_EHIGH_z0.5_p0.25_s1,8,last_item_nbhd,0.022940,0.014735,0.031267
phi_V100_EHIGH_z0.5_p0.25_s1,8,pop_scaled_content,0.146253,0.122595,0.169624
phi_V100_EHIGH_z0.5_p0.25_s1,8,co_purchase,0.002899,0.000000,0.007195
phi_V100_EHIGH_z0.5_p0.25_s1,8,lambda_hybrid_0.25,0.103058,0.080428,0.125809
phi_V100_EHIGH_z0.5_p0.25_s1,8,lambda_hybrid_0.5,0.074573,0.056075,0.093983
phi_V100_EHIGH_z0.5_p0.25_s1,8,lambda_hybrid_0.75,0.044726,0.030117,0.059260
phi_V100_EHIGH_z0.5_p0.5_s0,0,pop_global,0.760526,0.739941,0.781195
phi_V100_EHIGH_z0.5_p0.5_s0,0,recency_pop_0.1,0.037174,0.027208,0.047167
phi_V100_EHIGH_z0.5_p0.5_s0,0,recency_pop_0.5,0.051851,0.039177,0.064814
phi_V100_EHIGH_z0.5_p0.5_s0,0,recency_pop_1.0,0.053466,0.041424,0.066208
phi_V100_EHIGH_z0.5_p0.5_s0,0,pop_category,0.733394,0.709605,0.756370
phi_V100_EHIGH_z0.5_p0.5_s0,0,pop_price,0.751394,0.727774,0.773117
phi_V100_EHIGH_z0.5_p0.5_s0,0,lambda_hybrid_0.25,0.760526,0.740314,0.781290
phi_V100_EHIGH_z0.5_p0.5_s0,0,lambda_hybrid_0.5,0.760526,0.738701,0.780014
phi_V100_EHIGH_z0.5_p0.5_s0,0,lambda_hybrid_0.75,0.760526,0.739946,0.779666
phi_V100_EHIGH_z0.5_p0.5_s0,0,active_elic2,0.733394,0.709447,0.756058
phi_V100_EHIGH_z0.5_p0.5_s0,1,pop_global,0.422251,0.393780,0.449333
phi_V100_EHIGH_z0.5_p0.5_s0,1,recency_pop_0.1,0.123552,0.107015,0.140068
phi_V100_EHIGH_z0.5_p0.5_s0,1,recency_pop_0.5,0.200085,0.178739,0.221523
phi_V100_EHIGH_z0.5_p0.5_s0,1,recency_pop_1.0,0.206430,0.184234,0.228212
phi_V100_EHIGH_z0.5_p0.5_s0,1,pop_category,0.395737,0.367177,0.422604
phi_V100_EHIGH_z0.5_p0.5_s0,1,pop_price,0.413148,0.387642,0.441886
phi_V100_EHIGH_z0.5_p0.5_s0,1,content_knn_1,0.070387,0.059587,0.082295
phi_V100_EHIGH_z0.5_p0.5_s0,1,content_knn_3,0.099830,0.082244,0.117447
phi_V100_EHIGH_z0.5_p0.5_s0,1,content_knn_5,0.079946,0.064640,0.096054
phi_V100_EHIGH_z0.5_p0.5_s0,1,last_item_nbhd,0.061879,0.050764,0.073233
phi_V100_EHIGH_z0.5_p0.5_s0,1,pop_scaled_content,0.413078,0.385430,0.442259
phi_V100_EHIGH_z0.5_p0.5_s0,1,co_purchase,0.009040,0.004587,0.014627
phi_V100_EHIGH_z0.5_p0.5_s0,1,lambda_hybrid_0.25,0.404044,0.376212,0.430567
phi_V100_EHIGH_z0.5_p0.5_s0,1,lambda_hybrid_0.5,0.390952,0.363406,0.421451
phi_V100_EHIGH_z0.5_p0.5_s0,1,lambda_hybrid_0.75,0.308738,0.283634,0.333175
phi_V100_EHIGH_z0.5_p0.5_s0,2,pop_global,0.342873,0.315831,0.372328
phi_V100_EHIGH_z0.5_p0.5_s0,2,recency_pop_0.1,0.227406,0.204913,0.251803
phi_V100_EHIGH_z0.5_p0.5_s0,2,recency_pop_0.5,0.264811,0.241623,0.292562
phi_V100_EHIGH_z0.5_p0.5_s0,2,recency_pop_1.0,0.264210,0.239558,0.289769
phi_V100_EHIGH_z0.5_p0.5_s0,2,pop_category,0.320551,0.292642,0.347495
phi_V100_EHIGH_z0.5_p0.5_s0,2,pop_price,0.322067,0.295133,0.349940
phi_V100_EHIGH_z0.5_p0.5_s0,2,content_knn_1,0.041314,0.033007,0.050468
phi_V100_EHIGH_z0.5_p0.5_s0,2,content_knn_3,0.065944,0.052363,0.078947
phi_V100_EHIGH_z0.5_p0.5_s0,2,content_knn_5,0.035603,0.026075,0.045444
phi_V100_EHIGH_z0.5_p0.5_s0,2,last_item_nbhd,0.038977,0.029518,0.049066
phi_V100_EHIGH_z0.5_p0.5_s0,2,pop_scaled_content,0.337891,0.313206,0.364845
phi_V100_EHIGH_z0.5_p0.5_s0,2,co_purchase,0.008774,0.003887,0.014937
phi_V100_EHIGH_z0.5_p0.5_s0,2,lambda_hybrid_0.25,0.327796,0.299196,0.357177
phi_V100_EHIGH_z0.5_p0.5_s0,2,lambda_hybrid_0.5,0.320769,0.293909,0.349704
phi_V100_EHIGH_z0.5_p0.5_s0,2,lambda_hybrid_0.75,0.194204,0.174989,0.216400
phi_V100_EHIGH_z0.5_p0.5_s0,3,pop_global,0.243132,0.217728,0.267351
phi_V100_EHIGH_z0.5_p0.5_s0,3,recency_pop_0.1,0.198204,0.173778,0.220274
phi_V100_EHIGH_z0.5_p0.5_s0,3,recency_pop_0.5,0.215089,0.192642,0.238434
phi_V100_EHIGH_z0.5_p0.5_s0,3,recency_pop_1.0,0.215556,0.192884,0.239474
phi_V100_EHIGH_z0.5_p0.5_s0,3,pop_category,0.221122,0.197296,0.246721
phi_V100_EHIGH_z0.5_p0.5_s0,3,pop_price,0.229402,0.204235,0.252534
phi_V100_EHIGH_z0.5_p0.5_s0,3,content_knn_1,0.034550,0.025688,0.043028
phi_V100_EHIGH_z0.5_p0.5_s0,3,content_knn_3,0.046360,0.035959,0.056798
phi_V100_EHIGH_z0.5_p0.5_s0,3,content_knn_5,0.034089,0.025476,0.042843
phi_V100_EHIGH_z0.5_p0.5_s0,3,last_item_nbhd,0.034233,0.025755,0.044270
phi_V100_EHIGH_z0.5_p0.5_s0,3,pop_scaled_content,0.238010,0.213965,0.264482
phi_V100_EHIGH_z0.5_p0.5_s0,3,co_purchase,0.011670,0.005961,0.017893
phi_V100_EHIGH_z0.5_p0.5_s0,3,lambda_hybrid_0.25,0.232261,0.207851,0.259523
phi_V100_EHIGH_z0.5_p0.5_s0,3,lambda_hybrid_0.5,0.221460,0.197502,0.246556
phi_V100_EHIGH_z0.5_p0.5_s0,3,lambda_hybrid_0.75,0.131729,0.113624,0.149400
phi_V100_EHIGH_z0.5_p0.5_s0,5,pop_global,0.133731,0.113733,0.153818
phi_V100_EHIGH_z0.5_p0.5_s0,5,recency_pop_0.1,0.128443,0.108595,0.146363
phi_V100_EHIGH_z0.5_p0.5_s0,5,recency_pop_0.5,0.130631,0.111411,0.150401
phi_V100_EHIGH_z0.5_p0.5_s0,5,recency_pop_1.0,0.129462,0.110846,0.149018
phi_V100_EHIGH_z0.5_p0.5_s0,5,pop_category,0.125502,0.106680,0.144169
phi_V100_EHIGH_z0.5_p0.5_s0,5,pop_price,0.126486,0.107389,0.146748
phi_V100_EHIGH_z0.5_p0.5_s0,5,content_knn_1,0.016438,0.011008,0.023042
phi_V100_EHIGH_z0.5_p0.5_s0,5,content_knn_3,0.026330,0.018384,0.035018
phi_V100_EHIGH_z0.5_p0.5_s0,5,content_knn_5,0.020121,0.013582,0.026427
phi_V100_EHIGH_z0.5_p0.5_s0,5,last_item_nbhd,0.017827,0.011833,0.024225
phi_V100_EHIGH_z0.5_p0.5_s0,5,pop_scaled_content,0.131712,0.113211,0.150761
phi_V100_EHIGH_z0.5_p0.5_s0,5,co_purchase,0.003391,0.000415,0.007272
phi_V100_EHIGH_z0.5_p0.5_s0,5,lambda_hybrid_0.25,0.123128,0.102786,0.142512
phi_V100_EHIGH_z0.5_p0.5_s0,5,lambda_hybrid_0.5,0.114762,0.096733,0.135730
phi_V100_EHIGH_z0.5_p0.5_s0,5,lambda_hybrid_0.75,0.059732,0.047246,0.071973
phi_V100_EHIGH_z0.5_p0.5_s0,8,pop_global,0.061428,0.045261,0.077019
phi_V100_EHIGH_z0.5_p0.5_s0,8,recency_pop_0.1,0.060928,0.044214,0.076882
phi_V100_EHIGH_z0.5_p0.5_s0,8,recency_pop_0.5,0.061467,0.044272,0.076825
phi_V100_EHIGH_z0.5_p0.5_s0,8,recency_pop_1.0,0.059967,0.043197,0.075862
phi_V100_EHIGH_z0.5_p0.5_s0,8,pop_category,0.049966,0.035356,0.066235
phi_V100_EHIGH_z0.5_p0.5_s0,8,pop_price,0.053545,0.038896,0.069273
phi_V100_EHIGH_z0.5_p0.5_s0,8,content_knn_1,0.011236,0.006011,0.017293
phi_V100_EHIGH_z0.5_p0.5_s0,8,content_knn_3,0.014273,0.006955,0.021857
phi_V100_EHIGH_z0.5_p0.5_s0,8,content_knn_5,0.011613,0.006218,0.017703
phi_V100_EHIGH_z0.5_p0.5_s0,8,last_item_nbhd,0.010420,0.005539,0.016480
phi_V100_EHIGH_z0.5_p0.5_s0,8,pop_scaled_content,0.060220,0.043709,0.076572
phi_V100_EHIGH_z0.5_p0.5_s0,8,co_purchase,0.005143,0.000646,0.010495
phi_V100_EHIGH_z0.5_p0.5_s0,8,lambda_hybrid_0.25,0.054535,0.038802,0.071614
phi_V100_EHIGH_z0.5_p0.5_s0,8,lambda_hybrid_0.5,0.046563,0.033426,0.062618
phi_V100_EHIGH_z0.5_p0.5_s0,8,lambda_hybrid_0.75,0.025818,0.017095,0.035933
phi_V100_EHIGH_z0.5_p0.5_s1,0,pop_global,0.744778,0.723108,0.766843
phi_V100_EHIGH_z0.5_p0.5_s1,0,recency_pop_0.1,0.042796,0.032069,0.055057
phi_V100_EHIGH_z0.5_p0.5_s1,0,recency_pop_0.5,0.050040,0.038481,0.062241
phi_V100_EHIGH_z0.5_p0.5_s1,0,recency_pop_1.0,0.050694,0.040200,0.063265
phi_V100_EHIGH_z0.5_p0.5_s1,0,pop_category,0.744778,0.722429,0.764764
phi_V100_EHIGH_z0.5_p0.5_s1,0,pop_price,0.741840,0.720516,0.764118
phi_V100_EHIGH_z0.5_p0.5_s1,0,lambda_hybrid_0.25,0.744778,0.721931,0.765727
phi_V100_EHIGH_z0.5_p0.5_s1,0,lambda_hybrid_0.5,0.744778,0.723787,0.766091
phi_V100_EHIGH_z0.5_p0.5_s1,0,lambda_hybrid_0.75,0.744778,0.722515,0.765292
phi_V100_EHIGH_z0.5_p0.5_s1,0,active_elic2,0.818362,0.797385,0.837887
phi_V100_EHIGH_z0.5_p0.5_s1,1,pop_global,0.425761,0.398469,0.451693
phi_V100_EHIGH_z0.5_p0.5_s1,1,recency_pop_0.1,0.059514,0.045970,0.072987
phi_V100_EHIGH_z0.5_p0.5_s1,1,recency_pop_0.5,0.182644,0.162394,0.203454
phi_V100_EHIGH_z0.5_p0.5_s1,1,recency_pop_1.0,0.201539,0.178957,0.225348
phi_V100_EHIGH_z0.5_p0.5_s1,1,pop_category,0.426535,0.397347,0.453635
phi_V100_EHIGH_z0.5_p0.5_s1,1,pop_price,0.415158,0.388525,0.443866
phi_V100_EHIGH_z0.5_p0.5_s1,1,content_knn_1,0.041192,0.033660,0.048444
phi_V100_EHIGH_z0.5_p0.5_s1,1,content_knn_3,0.050713,0.040380,0.060762
phi_V100_EHIGH_z0.5_p0.5_s1,1,content_knn_5,0.048861,0.039500,0.058223
phi_V100_EHIGH_z0.5_p0.5_s1,1,last_item_nbhd,0.047292,0.037997,0.056223
phi_V100_EHIGH_z0.5_p0.5_s1,1,pop_scaled_content,0.375887,0.349722,0.402696
phi_V100_EHIGH_z0.5_p0.5_s1,1,co_purchase,0.010589,0.005340,0.016260
phi_V100_EHIGH_z0.5_p0.5_s1,1,lambda_hybrid_0.25,0.399390,0.370920,0.425875
phi_V100_EHIGH_z0.5_p0.5_s1,1,lambda_hybrid_0.5,0.314902,0.287814,0.343202
phi_V100_EHIGH_z0.5_p0.5_s1,1,lambda_hybrid_0.75,0.100506,0.083454,0.117619
phi_V100_EHIGH_z0.5_p0.5_s1,2,pop_global,0.304858,0.280016,0.331089
phi_V100_EHIGH_z0.5_p0.5_s1,2,recency_pop_0.1,0.097284,0.081864,0.113080
phi_V100_EHIGH_z0.5_p0.5_s1,2,recency_pop_0.5,0.171334,0.146983,0.193425
phi_V100_EHIGH_z0.5_p0.5_s1,2,recency_pop_1.0,0.173590,0.152759,0.195712
phi_V100_EHIGH_z0.5_p0.5_s1,2,pop_category,0.300515,0.277267,0.326121
phi_V100_EHIGH_z0.5_p0.5_s1,2,pop_price,0.287080,0.262802,0.310782
phi_V100_EHIGH_z0.5_p0.5_s1,2,content_knn_1,0.028468,0.021706,0.035877
phi_V100_EHIGH_z0.5_p0.5_s1,2,content_knn_3,0.048000,0.038394,0.057389
phi_V100_EHIGH_z0.5_p0.5_s1,2,content_knn_5,0.030791,0.023434,0.038263
phi_V100_EHIGH_z0.5_p0.5_s1,2,last_item_nbhd,0.035712,0.027922,0.044508
phi_V100_EHIGH_z0.5_p0.5_s1,2,pop_scaled_content,0.282807,0.259965,0.309119
phi_V100_EHIGH_z0.5_p0.5_s1,2,co_purchase,0.001387,0.000000,0.004000
phi_V100_EHIGH_z0.5_p0.5_s1,2,lambda_hybrid_0.25,0.263099,0.239267,0.290240
phi_V100_EHIGH_z0.5_p0.5_s1,2,lambda_hybrid_0.5,0.227589,0.204986,0.252078
phi_V100_EHIGH_z0.5_p0.5_s1,2,lambda_hybrid_0.75,0.134708,0.115210,0.157007
phi_V100_EHIGH_z0.5_p0.5_s1,3,pop_global,0.255728,0.232442,0.280159
phi_V100_EHIGH_z0.5_p0.5_s1,3,recency_pop_0.1,0.111515,0.094546,0.128250
phi_V100_EHIGH_z0.5_p0.5_s1,3,recency_pop_0.5,0.138277,0.118941,0.159250
phi_V100_EHIGH_z0.5_p0.5_s1,3,recency_pop_1.0,0.142759,0.121529,0.166368
phi_V100_EHIGH_z0.5_p0.5_s1,3,pop_category,0.246769,0.223351,0.271153
phi_V100_EHIGH_z0.5_p0.5_s1,3,pop_price,0.240670,0.215988,0.265131
phi_V100_EHIGH_z0.5_p0.5_s1,3,content_knn_1,0.030881,0.023746,0.039372
phi_V100_EHIGH_z0.5_p0.5_s1,3,content_knn_3,0.038162,0.029940,0.046936
phi_V100_EHIGH_z0.5_p0.5_s1,3,content_knn_5,0.034708,0.026463,0.042999
phi_V100_EHIGH_z0.5_p0.5_s1,3,last_item_nbhd,0.034136,0.026280,0.041743
phi_V100_EHIGH_z0.5_p0.5_s1,3,pop_scaled_content,0.230671,0.207377,0.255330
phi_V100_EHIGH_z0.5_p0.5_s1,3,co_purchase,0.008999,0.004603,0.014520
phi_V100_EHIGH_z0.5_p0.5_s1,3,lambda_hybrid_0.25,0.206466,0.184583,0.231089
phi_V100_EHIGH_z0.5_p0.5_s1,3,lambda_hybrid_0.5,0.158480,0.138461,0.177404
phi_V100_EHIGH_z0.5_p0.5_s1,3,lambda_hybrid_0.75,0.086681,0.070234,0.103556
phi_V100_EHIGH_z0.5_p0.5_s1,5,pop_global,0.180826,0.159819,0.202601
phi_V100_EHIGH_z0.5_p0.5_s1,5,recency_pop_0.1,0.111866,0.094178,0.129887
phi_V100_EHIGH_z0.5_p0.5_s1,5,recency_pop_0.5,0.126662,0.108312,0.147010
phi_V100_EHIGH_z0.5_p0.5_s1,5,recency_pop_1.0,0.129425,0.111623,0.149038
phi_V100_EHIGH_z0.5_p0.5_s1,5,pop_category,0.170135,0.148278,0.191311
phi_V100_EHIGH_z0.5_p0.5_s1,5,pop_price,0.167074,0.146167,0.188375
phi_V100_EHIGH_z0.5_p0.5_s1,5,content_knn_1,0.020818,0.014158,0.027903
phi_V100_EHIGH_z0.5_p0.5_s1,5,content_knn_3,0.025261,0.017120,0.033577
phi_V100_EHIGH_z0.5_p0.5_s1,5,content_knn_5,0.019566,0.013170,0.026503
phi_V100_EHIGH_z0.5_p0.5_s1,5,last_item_nbhd,0.022721,0.015669,0.030633
phi_V100_EHIGH_z0.5_p0.5_s1,5,pop_scaled_content,0.156096,0.135134,0.180186
phi_V100_EHIGH_z0.5_p0.5_s1,5,co_purchase,0.004832,0.001483,0.009264
phi_V100_EHIGH_z0.5_p0.5_s1,5,lambda_hybrid_0.25,0.126188,0.106200,0.147667
phi_V100_EHIGH_z0.5_p0.5_s1,5,lambda_hybrid_0.5,0.088664,0.071065,0.106095
phi_V100_EHIGH_z0.5_p0.5_s1,5,lambda_hybrid_0.75,0.049616,0.037447,0.062531
phi_V100_EHIGH_z0.5_p0.5_s1,8,pop_global,0.167603,0.144334,0.194702
phi_V100_EHIGH_z0.5_p0.5_s1,8,recency_pop_0.1,0.151822,0.127419,0.178621
phi_V100_EHIGH_z0.5_p0.5_s1,8,recency_pop_0.5,0.154241,0.128744,0.177129
phi_V100_EHIGH_z0.5_p0.5_s1,8,recency_pop_1.0,0.153923,0.128740,0.179692
phi_V100_EHIGH_z0.5_p0.5_s1,8,pop_category,0.149060,0.125478,0.176704
phi_V100_EHIGH_z0.5_p0.5_s1,8,pop_price,0.158923,0.136562,0.185250
phi_V100_EHIGH_z0.5_p0.5_s1,8,content_knn_1,0.023504,0.015802,0.031656
phi_V100_EHIGH_z0.5_p0.5_s1,8,content_knn_3,0.025415,0.016354,0.036223
phi_V100_EHIGH_z0.5_p0.5_s1,8,content_knn_5,0.018897,0.012139,0.026088
phi_V100_EHIGH_z0.5_p0.5_s1,8,last_item_nbhd,0.023920,0.015756,0.032682
phi_V100_EHIGH_z0.5_p0.5_s1,8,pop_scaled_content,0.147865,0.123701,0.172376
phi_V100_EHIGH_z0.5_p0.5_s1,8,co_purchase,0.004400,0.000647,0.009658
phi_V100_EHIGH_z0.5_p0.5_s1,8,lambda_hybrid_0.25,0.107212,0.084186,0.129622
phi_V100_EHIGH_z0.5_p0.5_s1,8,lambda_hybrid_0.5,0.078491,0.059778,0.099147
phi_V100_EHIGH_z0.5_p0.5_s1,8,lambda_hybrid_0.75,0.045905,0.031759,0.060410
phi_V100_EHIGH_z0.5_p0.5_s2,0,pop_global,0.754755,0.734267,0.775628
phi_V100_EHIGH_z0.5_p0.5_s2,0,recency_pop_0.1,0.032254,0.023220,0.041165
phi_V100_EHIGH_z0.5_p0.5_s2,0,recency_pop_0.5,0.046986,0.037041,0.058307
phi_V100_EHIGH_z0.5_p0.5_s2,0,recency_pop_1.0,0.050226,0.038111,0.062846
phi_V100_EHIGH_z0.5_p0.5_s2,0,pop_category,0.731689,0.709023,0.754551
phi_V100_EHIGH_z0.5_p0.5_s2,0,pop_price,0.745470,0.723352,0.765927
phi_V100_EHIGH_z0.5_p0.5_s2,0,lambda_hybrid_0.25,0.754755,0.733372,0.774340
phi_V100_EHIGH_z0.5_p0.5_s2,0,lambda_hybrid_0.5,0.754755,0.733835,0.774619
phi_V100_EHIGH_z0.5_p0.5_s2,0,lambda_hybrid_0.75,0.754755,0.733865,0.774997
phi_V100_EHIGH_z0.5_p0.5_s2,0,active_elic2,0.731689,0.707357,0.754167
phi_V100_EHIGH_z0.5_p0.5_s2,1,pop_global,0.405152,0.377718,0.431703
phi_V100_EHIGH_z0.5_p0.5_s2,1,recency_pop_0.1,0.051468,0.041185,0.062173
phi_V100_EHIGH_z0.5_p0.5_s2,1,recency_pop_0.5,0.155660,0.135741,0.176827
phi_V100_EHIGH_z0.5_p0.5_s2,1,recency_pop_1.0,0.175813,0.154138,0.198046
phi_V100_EHIGH_z0.5_p0.5_s2,1,pop_category,0.380498,0.354243,0.408336
phi_V100_EHIGH_z0.5_p0.5_s2,1,pop_price,0.389787,0.364240,0.418094
phi_V100_EHIGH_z0.5_p0.5_s2,1,content_knn_1,0.022169,0.015758,0.029514
phi_V100_EHIGH_z0.5_p0.5_s2,1,content_knn_3,0.021671,0.014809,0.028806
phi_V100_EHIGH_z0.5_p0.5_s2,1,content_knn_5,0.021381,0.015102,0.028707
phi_V100_EHIGH_z0.5_p0.5_s2,1,last_item_nbhd,0.021151,0.014639,0.028136
phi_V100_EHIGH_z0.5_p0.5_s2,1,pop_scaled_content,0.352890,0.324818,0.378760
phi_V100_EHIGH_z0.5_p0.5_s2,1,co_purchase,0.010459,0.005422,0.016099
phi_V100_EHIGH_z0.5_p0.5_s2,1,lambda_hybrid_0.25,0.374024,0.345065,0.403076
phi_V100_EHIGH_z0.5_p0.5_s2,1,lambda_hybrid_0.5,0.339944,0.312187,0.367383
phi_V100_EHIGH_z0.5_p0.5_s2,1,lambda_hybrid_0.75,0.086335,0.070755,0.102579
phi_V100_EHIGH_z0.5_p0.5_s2,2,pop_global,0.324494,0.299447,0.348590
phi_V100_EHIGH_z0.5_p0.5_s2,2,recency_pop_0.1,0.063545,0.052598,0.076378
phi_V100_EHIGH_z0.5_p0.5_s2,2,recency_pop_0.5,0.143992,0.124604,0.166496
phi_V100_EHIGH_z0.5_p0.5_s2,2,recency_pop_1.0,0.147899,0.126934,0.169105
phi_V100_EHIGH_z0.5_p0.5_s2,2,pop_category,0.309890,0.280592,0.334833
phi_V100_EHIGH_z0.5_p0.5_s2,2,pop_price,0.314661,0.288494,0.341426
phi_V100_EHIGH_z0.5_p0.5_s2,2,content_knn_1,0.010627,0.005817,0.016477
phi_V100_EHIGH_z0.5_p0.5_s2,2,content_knn_3,0.015857,0.009608,0.022689
phi_V100_EHIGH_z0.5_p0.5_s2,2,content_knn_5,0.014020,0.008045,0.020176
phi_V100_EHIGH_z0.5_p0.5_s2,2,last_item_nbhd,0.017798,0.011751,0.024399
phi_V100_EHIGH_z0.5_p0.5_s2,2,pop_scaled_content,0.314112,0.287380,0.340101
phi_V100_EHIGH_z0.5_p0.5_s2,2,co_purchase,0.006335,0.002704,0.010979
phi_V100_EHIGH_z0.5_p0.5_s2,2,lambda_hybrid_0.25,0.302968,0.276780,0.329256
phi_V100_EHIGH_z0.5_p0.5_s2,2,lambda_hybrid_0.5,0.286874,0.259581,0.312906
phi_V100_EHIGH_z0.5_p0.5_s2,2,lambda_hybrid_0.75,0.125184,0.104837,0.142472
phi_V100_EHIGH_z0.5_p0.5_s2,3,pop_global,0.264772,0.237754,0.291001
phi_V100_EHIGH_z0.5_p0.5_s2,3,recency_pop_0.1,0.088570,0.073169,0.102633
phi_V100_EHIGH_z0.5_p0.5_s2,3,recency_pop_0.5,0.137498,0.115834,0.157686
phi_V100_EHIGH_z0.5_p0.5_s2,3,recency_pop_1.0,0.139654,0.119421,0.163381
phi_V100_EHIGH_z0.5_p0.5_s2,3,pop_category,0.242182,0.217826,0.268702
phi_V100_EHIGH_z0.5_p0.5_s2,3,pop_price,0.257101,0.232817,0.283649
phi_V100_EHIGH_z0.5_p0.5_s2,3,content_knn_1,0.007979,0.003767,0.012940
phi_V100_EHIGH_z0.5_p0.5_s2,3,content_knn_3,0.010003,0.005071,0.015720
phi_V100_EHIGH_z0.5_p0.5_s2,3,content_knn_5,0.005423,0.002181,0.009331
phi_V100_EHIGH_z0.5_p0.5_s2,3,last_item_nbhd,0.013712,0.008171,0.020341
phi_V100_EHIGH_z0.5_p0.5_s2,3,pop_scaled_content,0.248097,0.221185,0.274012
phi_V100_EHIGH_z0.5_p0.5_s2,3,co_purchase,0.004204,0.001281,0.007958
phi_V100_EHIGH_z0.5_p0.5_s2,3,lambda_hybrid_0.25,0.237505,0.210201,0.261801
phi_V100_EHIGH_z0.5_p0.5_s2,3,lambda_hybrid_0.5,0.216004,0.190643,0.243353
phi_V100_EHIGH_z0.5_p0.5_s2,3,lambda_hybrid_0.75,0.090899,0.073887,0.107400
phi_V100_EHIGH_z0.5_p0.5_s2,5,pop_global,0.166377,0.144511,0.189955
phi_V100_EHIGH_z0.5_p0.5_s2,5,recency_pop_0.1,0.098695,0.081586,0.116493
phi_V100_EHIGH_z0.5_p0.5_s2,5,recency_pop_0.5,0.128641,0.107979,0.148292
phi_V100_EHIGH_z0.5_p0.5_s2,5,recency_pop_1.0,0.129300,0.109835,0.148982
phi_V100_EHIGH_z0.5_p0.5_s2,5,pop_category,0.132839,0.111713,0.154463
phi_V100_EHIGH_z0.5_p0.5_s2,5,pop_price,0.155968,0.134195,0.178048
phi_V100_EHIGH_z0.5_p0.5_s2,5,content_knn_1,0.004321,0.001064,0.008568
phi_V100_EHIGH_z0.5_p0.5_s2,5,content_knn_3,0.005463,0.002345,0.009354
phi_V100_EHIGH_z0.5_p0.5_s2,5,content_knn_5,0.003257,0.000990,0.005920
phi_V100_EHIGH_z0.5_p0.5_s2,5,last_item_nbhd,0.005881,0.002530,0.010024
phi_V100_EHIGH_z0.5_p0.5_s2,5,pop_scaled_content,0.149538,0.128045,0.173082
phi_V100_EHIGH_z0.5_p0.5_s2,5,co_purchase,0.002225,0.000412,0.004279
phi_V100_EHIGH_z0.5_p0.5_s2,5,lambda_hybrid_0.25,0.133134,0.110121,0.154464
phi_V100_EHIGH_z0.5_p0.5_s2,5,lambda_hybrid_0.5,0.109643,0.089554,0.130240
phi_V100_EHIGH_z0.5_p0.5_s2,5,lambda_hybrid_0.75,0.050688,0.038661,0.064021
phi_V100_EHIGH_z0.5_p0.5_s2,8,pop_global,0.097155,0.077160,0.117706
phi_V100_EHIGH_z0.5_p0.5_s2,8,recency_pop_0.1,0.085324,0.066404,0.105031
phi_V100_EHIGH_z0.5_p0.5_s2,8,recency_pop_0.5,0.087618,0.069064,0.107482
phi_V100_EHIGH_z0.5_p0.5_s2,8,recency_pop_1.0,0.085101,0.067230,0.102550
phi_V100_EHIGH_z0.5_p0.5_s2,8,pop_category,0.076696,0.056424,0.098090
phi_V100_EHIGH_z0.5_p0.5_s2,8,pop_price,0.085595,0.065906,0.106366
phi_V100_EHIGH_z0.5_p0.5_s2,8,content_knn_1,0.003918,0.001293,0.007256
phi_V100_EHIGH_z0.5_p0.5_s2,8,content_knn_3,0.004061,0.000647,0.008631
phi_V100_EHIGH_z0.5_p0.5_s2,8,content_knn_5,0.003272,0.000647,0.006477
phi_V100_EHIGH_z0.5_p0.5_s2,8,last_item_nbhd,0.003584,0.000581,0.007749
phi_V100_EHIGH_z0.5_p0.5_s2,8,pop_scaled_content,0.091264,0.071273,0.112732
phi_V100_EHIGH_z0.5_p0.5_s2,8,co_purchase,0.003650,0.000647,0.008050
phi_V100_EHIGH_z0.5_p0.5_s2,8,lambda_hybrid_0.25,0.081966,0.062426,0.101683
phi_V100_EHIGH_z0.5_p0.5_s2,8,lambda_hybrid_0.5,0.062324,0.044937,0.079626
phi_V100_EHIGH_z0.5_p0.5_s2,8,lambda_hybrid_0.75,0.030951,0.019776,0.042084
phi_V100_EHIGH_z0.5_p0_s0,0,pop_global,0.761762,0.741144,0.783597
phi_V100_EHIGH_z0.5_p0_s0,0,recency_pop_0.1,0.033377,0.024678,0.042880
phi_V100_EHIGH_z0.5_p0_s0,0,recency_pop_0.5,0.048866,0.037076,0.060998
phi_V100_EHIGH_z0.5_p0_s0,0,recency_pop_1.0,0.048142,0.037629,0.060627
phi_V100_EHIGH_z0.5_p0_s0,0,pop_category,0.736517,0.713363,0.759153
phi_V100_EHIGH_z0.5_p0_s0,0,pop_price,0.752885,0.728910,0.774864
phi_V100_EHIGH_z0.5_p0_s0,0,lambda_hybrid_0.25,0.761762,0.740974,0.782437
phi_V100_EHIGH_z0.5_p0_s0,0,lambda_hybrid_0.5,0.761762,0.739847,0.782160
phi_V100_EHIGH_z0.5_p0_s0,0,lambda_hybrid_0.75,0.761762,0.740280,0.781990
phi_V100_EHIGH_z0.5_p0_s0,0,active_elic2,0.736517,0.713523,0.761757
phi_V100_EHIGH_z0.5_p0_s0,1,pop_global,0.450282,0.421283,0.476996
phi_V100_EHIGH_z0.5_p0_s0,1,recency_pop_0.1,0.113980,0.097165,0.130553
phi_V100_EHIGH_z0.5_p0_s0,1,recency_pop_0.5,0.211111,0.190504,0.234843
phi_V100_EHIGH_z0.5_p0_s0,1,recency_pop_1.0,0.212586,0.188368,0.234963
phi_V100_EHIGH_z0.5_p0_s0,1,pop_category,0.424919,0.397564,0.452693
phi_V100_EHIGH_z0.5_p0_s0,1,pop_price,0.438088,0.409790,0.466570
phi_V100_EHIGH_z0.5_p0_s0,1,content_knn_1,0.054408,0.043176,0.065954
phi_V100_EHIGH_z0.5_p0_s0,1,content_knn_3,0.077807,0.062375,0.094586
phi_V100_EHIGH_z0.5_p0_s0,1,content_knn_5,0.065198,0.051859,0.081074
phi_V100_EHIGH_z0.5_p0_s0,1,last_item_nbhd,0.049759,0.039884,0.060294
phi_V100_EHIGH_z0.5_p0_s0,1,pop_scaled_content,0.433513,0.404891,0.462601
phi_V100_EHIGH_z0.5_p0_s0,1,co_purchase,0.008770,0.004321,0.013968
phi_V100_EHIGH_z0.5_p0_s0,1,lambda_hybrid_0.25,0.426458,0.398559,0.455566
phi_V100_EHIGH_z0.5_p0_s0,1,lambda_hybrid_0.5,0.415360,0.384597,0.444270
phi_V100_EHIGH_z0.5_p0_s0,1,lambda_hybrid_0.75,0.320695,0.295548,0.344662
phi_V100_EHIGH_z0.5_p0_s0,2,pop_global,0.337593,0.310269,0.364374
phi_V100_EHIGH_z0.5_p0_s0,2,recency_pop_0.1,0.216896,0.194349,0.240853
phi_V100_EHIGH_z0.5_p0_s0,2,recency_pop_0.5,0.257008,0.233029,0.282718
phi_V100_EHIGH_z0.5_p0_s0,2,recency_pop_1.0,0.258591,0.234139,0.282829
phi_V100_EHIGH_z0.5_p0_s0,2,pop_category,0.312609,0.285166,0.341759
phi_V100_EHIGH_z0.5_p0_s0,2,pop_price,0.319443,0.293365,0.349158
phi_V100_EHIGH_z0.5_p0_s0,2,content_knn_1,0.048950,0.038862,0.059788
phi_V100_EHIGH_z0.5_p0_s0,2,content_knn_3,0.076624,0.063296,0.089772
phi_V100_EHIGH_z0.5_p0_s0,2,content_knn_5,0.045095,0.035238,0.056019
phi_V100_EHIGH_z0.5_p0_s0,2,last_item_nbhd,0.049815,0.039192,0.060646
phi_V100_EHIGH_z0.5_p0_s0,2,pop_scaled_content,0.335851,0.307588,0.364252
phi_V100_EHIGH_z0.5_p0_s0,2,co_purchase,0.003018,0.000387,0.006405
phi_V100_EHIGH_z0.5_p0_s0,2,lambda_hybrid_0.25,0.327538,0.299965,0.357491
phi_V100_EHIGH_z0.5_p0_s0,2,lambda_hybrid_0.5,0.324291,0.296488,0.354475
phi_V100_EHIGH_z0.5_p0_s0,2,lambda_hybrid_0.75,0.207930,0.187130,0.230846
phi_V100_EHIGH_z0.5_p0_s0,3,pop_global,0.239753,0.213953,0.265469
phi_V100_EHIGH_z0.5_p0_s0,3,recency_pop_0.1,0.195753,0.171365,0.218814
phi_V100_EHIGH_z0.5_p0_s0,3,recency_pop_0.5,0.216998,0.192887,0.241216
phi_V100_EHIGH_z0.5_p0_s0,3,recency_pop_1.0,0.217314,0.194709,0.242081
phi_V100_EHIGH_z0.5_p0_s0,3,pop_category,0.215849,0.191131,0.241687
phi_V100_EHIGH_z0.5_p0_s0,3,pop_price,0.229178,0.204769,0.255478
phi_V100_EHIGH_z0.5_p0_s0,3,content_knn_1,0.042147,0.032723,0.051430
phi_V100_EHIGH_z0.5_p0_s0,3,content_knn_3,0.055439,0.042646,0.067602
phi_V100_EHIGH_z0.5_p0_s0,3,content_knn_5,0.036730,0.027719,0.046699
phi_V100_EHIGH_z0.5_p0_s0,3,last_item_nbhd,0.039604,0.029843,0.050347
phi_V100_EHIGH_z0.5_p0_s0,3,pop_scaled_content,0.239067,0.215428,0.265950
phi_V100_EHIGH_z0.5_p0_s0,3,co_purchase,0.008099,0.003532,0.013690
phi_V100_EHIGH_z0.5_p0_s0,3,lambda_hybrid_0.25,0.230210,0.205241,0.254731
phi_V100_EHIGH_z0.5_p0_s0,3,lambda_hybrid_0.5,0.223198,0.199234,0.248885
phi_V100_EHIGH_z0.5_p0_s0,3,lambda_hybrid_0.75,0.134734,0.116312,0.154167
phi_V100_EHIGH_z0.5_p0_s0,5,pop_global,0.143783,0.124931,0.163623
phi_V100_EHIGH_z0.5_p0_s0,5,recency_pop_0.1,0.141162,0.120604,0.163185
phi_V100_EHIGH_z0.5_p0_s0,5,recency_pop_0.5,0.140881,0.120930,0.161683
phi_V100_EHIGH_z0.5_p0_s0,5,recency_pop_1.0,0.140881,0.120747,0.162145
phi_V100_EHIGH_z0.5_p0_s0,5,pop_category,0.126130,0.105791,0.148439
phi_V100_EHIGH_z0.5_p0_s0,5,pop_price,0.134092,0.113761,0.155206
phi_V100_EHIGH_z0.5_p0_s0,5,content_knn_1,0.019313,0.013379,0.025984
phi_V100_EHIGH_z0.5_p0_s0,5,content_knn_3,0.026845,0.018175,0.036643
phi_V100_EHIGH_z0.5_p0_s0,5,content_knn_5,0.018907,0.012846,0.025709
phi_V100_EHIGH_z0.5_p0_s0,5,last_item_nbhd,0.019247,0.012894,0.026594
phi_V100_EHIGH_z0.5_p0_s0,5,pop_scaled_content,0.142153,0.121724,0.164052
phi_V100_EHIGH_z0.5_p0_s0,5,co_purchase,0.005986,0.002211,0.010561
phi_V100_EHIGH_z0.5_p0_s0,5,lambda_hybrid_0.25,0.133762,0.114127,0.153926
phi_V100_EHIGH_z0.5_p0_s0,5,lambda_hybrid_0.5,0.127406,0.108347,0.148954
phi_V100_EHIGH_z0.5_p0_s0,5,lambda_hybrid_0.75,0.062960,0.050653,0.076587
phi_V100_EHIGH_z0.5_p0_s0,8,pop_global,0.049526,0.035660,0.064379
phi_V100_EHIGH_z0.5_p0_s0,8,recency_pop_0.1,0.048324,0.032727,0.063363
phi_V100_EHIGH_z0.5_p0_s0,8,recency_pop_0.5,0.048946,0.034627,0.063815
phi_V100_EHIGH_z0.5_p0_s0,8,recency_pop_1.0,0.048366,0.034614,0.062781
phi_V100_EHIGH_z0.5_p0_s0,8,pop_category,0.047696,0.033675,0.063915
phi_V100_EHIGH_z0.5_p0_s0,8,pop_price,0.045676,0.031635,0.060817
phi_V100_EHIGH_z0.5_p0_s0,8,content_knn_1,0.004721,0.000946,0.008282
phi_V100_EHIGH_z0.5_p0_s0,8,content_knn_3,0.011905,0.004865,0.019129
phi_V100_EHIGH_z0.5_p0_s0,8,content_knn_5,0.007951,0.003217,0.013448
phi_V100_EHIGH_z0.5_p0_s0,8,last_item_nbhd,0.007062,0.002749,0.012457
phi_V100_EHIGH_z0.5_p0_s0,8,pop_scaled_content,0.049116,0.035821,0.064473
phi_V100_EHIGH_z0.5_p0_s0,8,co_purchase,0.004890,0.000946,0.010173
phi_V100_EHIGH_z0.5_p0_s0,8,lambda_hybrid_0.25,0.043104,0.029782,0.057177
phi_V100_EHIGH_z0.5_p0_s0,8,lambda_hybrid_0.5,0.037699,0.024070,0.050515
phi_V100_EHIGH_z0.5_p0_s0,8,lambda_hybrid_0.75,0.022153,0.012774,0.033342
phi_V100_EHIGH_z0.5_p0_s1,0,pop_global,0.758214,0.735791,0.779776
phi_V100_EHIGH_z0.5_p0_s1,0,recency_pop_0.1,0.036883,0.027032,0.046399
phi_V100_EHIGH_z0.5_p0_s1,0,recency_pop_0.5,0.050014,0.038632,0.062486
phi_V100_EHIGH_z0.5_p0_s1,0,recency_pop_1.0,0.050189,0.039572,0.061489
phi_V100_EHIGH_z0.5_p0_s1,0,pop_category,0.758214,0.736979,0.778910
phi_V100_EHIGH_z0.5_p0_s1,0,pop_price,0.754710,0.732191,0.776702
phi_V100_EHIGH_z0.5_p0_s1,0,lambda_hybrid_0.25,0.758214,0.735373,0.778886
phi_V100_EHIGH_z0.5_p0_s1,0,lambda_hybrid_0.5,0.758214,0.737481,0.780121
phi_V100_EHIGH_z0.5_p0_s1,0,lambda_hybrid_0.75,0.758214,0.736983,0.777935
phi_V100_EHIGH_z0.5_p0_s1,0,active_elic2,0.828250,0.806704,0.847988
phi_V100_EHIGH_z0.5_p0_s1,1,pop_global,0.414728,0.386470,0.442071
phi_V100_EHIGH_z0.5_p0_s1,1,recency_pop_0.1,0.063112,0.050072,0.076681
phi_V100_EHIGH_z0.5_p0_s1,1,recency_pop_0.5,0.201981,0.180895,0.224282
phi_V100_EHIGH_z0.5_p0_s1,1,recency_pop_1.0,0.211922,0.190976,0.237756
phi_V100_EHIGH_z0.5_p0_s1,1,pop_category,0.414341,0.386551,0.441629
phi_V100_EHIGH_z0.5_p0_s1,1,pop_price,0.405689,0.379162,0.434209
phi_V100_EHIGH_z0.5_p0_s1,1,content_knn_1,0.044074,0.035848,0.053005
phi_V100_EHIGH_z0.5_p0_s1,1,content_knn_3,0.050208,0.040248,0.060084
phi_V100_EHIGH_z0.5_p0_s1,1,content_knn_5,0.046679,0.038106,0.055526
phi_V100_EHIGH_z0.5_p0_s1,1,last_item_nbhd,0.046062,0.037498,0.055631
phi_V100_EHIGH_z0.5_p0_s1,1,pop_scaled_content,0.361694,0.334163,0.388789
phi_V100_EHIGH_z0.5_p0_s1,1,co_purchase,0.012130,0.007363,0.017753
phi_V100_EHIGH_z0.5_p0_s1,1,lambda_hybrid_0.25,0.378131,0.351064,0.406962
phi_V100_EHIGH_z0.5_p0_s1,1,lambda_hybrid_0.5,0.303461,0.276571,0.330467
phi_V100_EHIGH_z0.5_p0_s1,1,lambda_hybrid_0.75,0.097663,0.082281,0.114036
phi_V100_EHIGH_z0.5_p0_s1,2,pop_global,0.313920,0.289029,0.339451
phi_V100_EHIGH_z0.5_p0_s1,2,recency_pop_0.1,0.089885,0.074597,0.105945
phi_V100_EHIGH_z0.5_p0_s1,2,recency_pop_0.5,0.159298,0.136912,0.181584
phi_V100_EHIGH_z0.5_p0_s1,2,recency_pop_1.0,0.162786,0.143350,0.184596
phi_V100_EHIGH_z0.5_p0_s1,2,pop_category,0.310307,0.284568,0.336124
phi_V100_EHIGH_z0.5_p0_s1,2,pop_price,0.296911,0.271928,0.323609
phi_V100_EHIGH_z0.5_p0_s1,2,content_knn_1,0.031236,0.023855,0.039568
phi_V100_EHIGH_z0.5_p0_s1,2,content_knn_3,0.050644,0.041034,0.061090
phi_V100_EHIGH_z0.5_p0_s1,2,content_knn_5,0.026841,0.019857,0.033917
phi_V100_EHIGH_z0.5_p0_s1,2,last_item_nbhd,0.030452,0.022815,0.038439
phi_V100_EHIGH_z0.5_p0_s1,2,pop_scaled_content,0.286076,0.261164,0.311406
phi_V100_EHIGH_z0.5_p0_s1,2,co_purchase,0.005018,0.001500,0.009280
phi_V100_EHIGH_z0.5_p0_s1,2,lambda_hybrid_0.25,0.271718,0.245260,0.298870
phi_V100_EHIGH_z0.5_p0_s1,2,lambda_hybrid_0.5,0.217572,0.193930,0.239897
phi_V100_EHIGH_z0.5_p0_s1,2,lambda_hybrid_0.75,0.124410,0.104518,0.144440
phi_V100_EHIGH_z0.5_p0_s1,3,pop_global,0.253117,0.229115,0.278560
phi_V100_EHIGH_z0.5_p0_s1,3,recency_pop_0.1,0.102458,0.086621,0.118833
phi_V100_EHIGH_z0.5_p0_s1,3,recency_pop_0.5,0.124379,0.105161,0.143200
phi_V100_EHIGH_z0.5_p0_s1,3,recency_pop_1.0,0.125831,0.106610,0.145101
phi_V100_EHIGH_z0.5_p0_s1,3,pop_category,0.242926,0.220462,0.266316
phi_V100_EHIGH_z0.5_p0_s1,3,pop_price,0.236425,0.211894,0.260636
phi_V100_EHIGH_z0.5_p0_s1,3,content_knn_1,0.034802,0.026989,0.043372
phi_V100_EHIGH_z0.5_p0_s1,3,content_knn_3,0.041222,0.032371,0.050761
phi_V100_EHIGH_z0.5_p0_s1,3,content_knn_5,0.037536,0.028612,0.047042
phi_V100_EHIGH_z0.5_p0_s1,3,last_item_nbhd,0.034800,0.026936,0.042927
phi_V100_EHIGH_z0.5_p0_s1,3,pop_scaled_content,0.230475,0.207824,0.252100
phi_V100_EHIGH_z0.5_p0_s1,3,co_purchase,0.004932,0.001644,0.008487
phi_V100_EHIGH_z0.5_p0_s1,3,lambda_hybrid_0.25,0.207400,0.183072,0.233047
phi_V100_EHIGH_z0.5_p0_s1,3,lambda_hybrid_0.5,0.153606,0.134161,0.173903
phi_V100_EHIGH_z0.5_p0_s1,3,lambda_hybrid_0.75,0.082424,0.067974,0.097784
phi_V100_EHIGH_z0.5_p0_s1,5,pop_global,0.201129,0.179291,0.224192
phi_V100_EHIGH_z0.5_p0_s1,5,recency_pop_0.1,0.119448,0.101436,0.138323
phi_V100_EHIGH_z0.5_p0_s1,5,recency_pop_0.5,0.132967,0.113539,0.152482
phi_V100_EHIGH_z0.5_p0_s1,5,recency_pop_1.0,0.135452,0.115045,0.153403
phi_V100_EHIGH_z0.5_p0_s1,5,pop_category,0.184228,0.161297,0.206779
phi_V100_EHIGH_z0.5_p0_s1,5,pop_price,0.183839,0.163720,0.207116
phi_V100_EHIGH_z0.5_p0_s1,5,content_knn_1,0.033921,0.024935,0.042729
phi_V100_EHIGH_z0.5_p0_s1,5,content_knn_3,0.035807,0.026511,0.045255
phi_V100_EHIGH_z0.5_p0_s1,5,content_knn_5,0.028480,0.020341,0.037226
phi_V100_EHIGH_z0.5_p0_s1,5,last_item_nbhd,0.031457,0.023405,0.040534
phi_V100_EHIGH_z0.5_p0_s1,5,pop_scaled_content,0.180310,0.159486,0.205906
phi_V100_EHIGH_z0.5_p0_s1,5,co_purchase,0.006233,0.002545,0.010142
phi_V100_EHIGH_z0.5_p0_s1,5,lambda_hybrid_0.25,0.140100,0.118013,0.162035
phi_V100_EHIGH_z0.5_p0_s1,5,lambda_hybrid_0.5,0.099662,0.081218,0.118350
phi_V100_EHIGH_z0.5_p0_s1,5,lambda_hybrid_0.75,0.057991,0.044638,0.071632
phi_V100_EHIGH_z0.5_p0_s1,8,pop_global,0.169417,0.144909,0.194839
phi_V100_EHIGH_z0.5_p0_s1,8,recency_pop_0.1,0.136560,0.112508,0.161078
phi_V100_EHIGH_z0.5_p0_s1,8,recency_pop_0.5,0.146841,0.121556,0.171031
phi_V100_EHIGH_z0.5_p0_s1,8,recency_pop_1.0,0.146484,0.123081,0.171405
phi_V100_EHIGH_z0.5_p0_s1,8,pop_category,0.149062,0.123926,0.173943
phi_V100_EHIGH_z0.5_p0_s1,8,pop_price,0.148736,0.127620,0.172043
phi_V100_EHIGH_z0.5_p0_s1,8,content_knn_1,0.032023,0.022392,0.042730
phi_V100_EHIGH_z0.5_p0_s1,8,content_knn_3,0.033429,0.022488,0.044672
phi_V100_EHIGH_z0.5_p0_s1,8,content_knn_5,0.029121,0.020372,0.038789
phi_V100_EHIGH_z0.5_p0_s1,8,last_item_nbhd,0.030182,0.021136,0.040232
phi_V100_EHIGH_z0.5_p0_s1,8,pop_scaled_content,0.150803,0.124329,0.175247
phi_V100_EHIGH_z0.5_p0_s1,8,co_purchase,0.002729,0.000000,0.006587
phi_V100_EHIGH_z0.5_p0_s1,8,lambda_hybrid_0.25,0.110539,0.086878,0.133292
phi_V100_EHIGH_z0.5_p0_s1,8,lambda_hybrid_0.5,0.080553,0.061555,0.100278
phi_V100_EHIGH_z0.5_p0_s1,8,lambda_hybrid_0.75,0.055433,0.040360,0.071108
phi_V100_EHIGH_z0.5_p1_s0,0,pop_global,0.749891,0.729003,0.770629
phi_V100_EHIGH_z0.5_p1_s0,0,recency_pop_0.1,0.038994,0.029316,0.049017
phi_V100_EHIGH_z0.5_p1_s0,0,recency_pop_0.5,0.050486,0.038521,0.063492
phi_V100_EHIGH_z0.5_p1_s0,0,recency_pop_1.0,0.050669,0.038771,0.063447
phi_V100_EHIGH_z0.5_p1_s0,0,pop_category,0.725011,0.701151,0.748343
phi_V100_EHIGH_z0.5_p1_s0,0,pop_price,0.739511,0.715128,0.761644
phi_V100_EHIGH_z0.5_p1_s0,0,lambda_hybrid_0.25,0.749891,0.728569,0.771604
phi_V100_EHIGH_z0.5_p1_s0,0,lambda_hybrid_0.5,0.749891,0.726815,0.770147
phi_V100_EHIGH_z0.5_p1_s0,0,lambda_hybrid_0.75,0.749891,0.727931,0.768945
phi_V100_EHIGH_z0.5_p1_s0,0,active_elic2,0.725011,0.700877,0.749808
phi_V100_EHIGH_z0.5_p1_s0,1,pop_global,0.408532,0.380978,0.436971
phi_V100_EHIGH_z0.5_p1_s0,1,recency_pop_0.1,0.120667,0.102715,0.138165
phi_V100_EHIGH_z0.5_p1_s0,1,recency_pop_0.5,0.188142,0.168174,0.210255
phi_V100_EHIGH_z0.5_p1_s0,1,recency_pop_1.0,0.197502,0.175141,0.220474
phi_V100_EHIGH_z0.5_p1_s0,1,pop_category,0.389518,0.362463,0.417203
phi_V100_EHIGH_z0.5_p1_s0,1,pop_price,0.393977,0.366783,0.420558
phi_V100_EHIGH_z0.5_p1_s0,1,content_knn_1,0.068581,0.056789,0.080573
phi_V100_EHIGH_z0.5_p1_s0,1,content_knn_3,0.096314,0.079249,0.113832
phi_V100_EHIGH_z0.5_p1_s0,1,content_knn_5,0.076934,0.061649,0.092217
phi_V100_EHIGH_z0.5_p1_s0,1,last_item_nbhd,0.059149,0.047111,0.070102
phi_V100_EHIGH_z0.5_p1_s0,1,pop_scaled_content,0.397332,0.369555,0.425039
phi_V100_EHIGH_z0.5_p1_s0,1,co_purchase,0.011813,0.006540,0.018159
phi_V100_EHIGH_z0.5_p1_s0,1,lambda_hybrid_0.25,0.392670,0.363920,0.418498
phi_V100_EHIGH_z0.5_p1_s0,1,lambda_hybrid_0.5,0.380572,0.352046,0.410708
phi_V100_EHIGH_z0.5_p1_s0,1,lambda_hybrid_0.75,0.254972,0.229186,0.279910
phi_V100_EHIGH_z0.5_p1_s0,2,pop_global,0.333651,0.307476,0.361141
phi_V100_EHIGH_z0.5_p1_s0,2,recency_pop_0.1,0.217068,0.195552,0.241556
phi_V100_EHIGH_z0.5_p1_s0,2,recency_pop_0.5,0.255969,0.233546,0.282000
phi_V100_EHIGH_z0.5_p1_s0,2,recency_pop_1.0,0.256965,0.231686,0.281673
phi_V100_EHIGH_z0.5_p1_s0,2,pop_category,0.309617,0.282624,0.335533
phi_V100_EHIGH_z0.5_p1_s0,2,pop_price,0.317773,0.289287,0.346525
phi_V100_EHIGH_z0.5_p1_s0,2,content_knn_1,0.041781,0.032379,0.051431
phi_V100_EHIGH_z0.5_p1_s0,2,content_knn_3,0.062221,0.049226,0.074981
phi_V100_EHIGH_z0.5_p1_s0,2,content_knn_5,0.033373,0.024411,0.043002
phi_V100_EHIGH_z0.5_p1_s0,2,last_item_nbhd,0.037697,0.028488,0.046964
phi_V100_EHIGH_z0.5_p1_s0,2,pop_scaled_content,0.328611,0.302081,0.356157
phi_V100_EHIGH_z0.5_p1_s0,2,co_purchase,0.004387,0.001000,0.008387
phi_V100_EHIGH_z0.5_p1_s0,2,lambda_hybrid_0.25,0.322459,0.294350,0.349437
phi_V100_EHIGH_z0.5_p1_s0,2,lambda_hybrid_0.5,0.313025,0.286706,0.341748
phi_V100_EHIGH_z0.5_p1_s0,2,lambda_hybrid_0.75,0.157067,0.136614,0.179143
phi_V100_EHIGH_z0.5_p1_s0,3,pop_global,0.221374,0.197248,0.246083
phi_V100_EHIGH_z0.5_p1_s0,3,recency_pop_0.1,0.182381,0.159852,0.203209
phi_V100_EHIGH_z0.5_p1_s0,3,recency_pop_0.5,0.195098,0.172225,0.218827
phi_V100_EHIGH_z0.5_p1_s0,3,recency_pop_1.0,0.196082,0.173079,0.218005
phi_V100_EHIGH_z0.5_p1_s0,3,pop_category,0.203762,0.180948,0.227465
phi_V100_EHIGH_z0.5_p1_s0,3,pop_price,0.207397,0.184488,0.231349
phi_V100_EHIGH_z0.5_p1_s0,3,content_knn_1,0.033458,0.025020,0.042359
phi_V100_EHIGH_z0.5_p1_s0,3,content_knn_3,0.045148,0.034864,0.056422
phi_V100_EHIGH_z0.5_p1_s0,3,content_knn_5,0.035288,0.025891,0.044470
phi_V100_EHIGH_z0.5_p1_s0,3,last_item_nbhd,0.032068,0.023116,0.040864
phi_V100_EHIGH_z0.5_p1_s0,3,pop_scaled_content,0.215480,0.192370,0.238773
phi_V100_EHIGH_z0.5_p1_s0,3,co_purchase,0.004586,0.001305,0.008236
phi_V100_EHIGH_z0.5_p1_s0,3,lambda_hybrid_0.25,0.212330,0.189192,0.235510
phi_V100_EHIGH_z0.5_p1_s0,3,lambda_hybrid_0.5,0.197218,0.174572,0.221174
phi_V100_EHIGH_z0.5_p1_s0,3,lambda_hybrid_0.75,0.102547,0.086759,0.120169
phi_V100_EHIGH_z0.5_p1_s0,5,pop_global,0.126860,0.108007,0.148020
phi_V100_EHIGH_z0.5_p1_s0,5,recency_pop_0.1,0.118714,0.100223,0.138167
phi_V100_EHIGH_z0.5_p1_s0,5,recency_pop_0.5,0.123792,0.105678,0.143722
phi_V100_EHIGH_z0.5_p1_s0,5,recency_pop_1.0,0.124498,0.106533,0.144815
phi_V100_EHIGH_z0.5_p1_s0,5,pop_category,0.111588,0.095044,0.130111
phi_V100_EHIGH_z0.5_p1_s0,5,pop_price,0.123621,0.104132,0.144524
phi_V100_EHIGH_z0.5_p1_s0,5,content_knn_1,0.015141,0.009588,0.021538
phi_V100_EHIGH_z0.5_p1_s0,5,content_knn_3,0.022441,0.014456,0.031100
phi_V100_EHIGH_z0.5_p1_s0,5,content_knn_5,0.018191,0.012207,0.024167
phi_V100_EHIGH_z0.5_p1_s0,5,last_item_nbhd,0.018934,0.012905,0.025362
phi_V100_EHIGH_z0.5_p1_s0,5,pop_scaled_content,0.125933,0.108039,0.144739
phi_V100_EHIGH_z0.5_p1_s0,5,co_purchase,0.004558,0.001292,0.009070
phi_V100_EHIGH_z0.5_p1_s0,5,lambda_hybrid_0.25,0.115005,0.096253,0.134676
phi_V100_EHIGH_z0.5_p1_s0,5,lambda_hybrid_0.5,0.106064,0.088294,0.125155
phi_V100_EHIGH_z0.5_p1_s0,5,lambda_hybrid_0.75,0.048790,0.037562,0.060664
phi_V100_EHIGH_z0.5_p1_s0,8,pop_global,0.066797,0.050195,0.084142
phi_V100_EHIGH_z0.5_p1_s0,8,recency_pop_0.1,0.067425,0.050935,0.085926
phi_V100_EHIGH_z0.5_p1_s0,8,recency_pop_0.5,0.068246,0.052496,0.085226
phi_V100_EHIGH_z0.5_p1_s0,8,recency_pop_1.0,0.067957,0.050754,0.086822
phi_V100_EHIGH_z0.5_p1_s0,8,pop_category,0.056888,0.041771,0.075147
phi_V100_EHIGH_z0.5_p1_s0,8,pop_price,0.062261,0.044973,0.081277
phi_V100_EHIGH_z0.5_p1_s0,8,content_knn_1,0.011367,0.006208,0.016715
phi_V100_EHIGH_z0.5_p1_s0,8,content_knn_3,0.016034,0.008261,0.024427
phi_V100_EHIGH_z0.5_p1_s0,8,content_knn_5,0.014097,0.007325,0.021097
phi_V100_EHIGH_z0.5_p1_s0,8,last_item_nbhd,0.014385,0.007772,0.021910
phi_V100_EHIGH_z0.5_p1_s0,8,pop_scaled_content,0.066257,0.048724,0.082880
phi_V100_EHIGH_z0.5_p1_s0,8,co_purchase,0.005143,0.000646,0.010933
phi_V100_EHIGH_z0.5_p1_s0,8,lambda_hybrid_0.25,0.062829,0.046517,0.080085
phi_V100_EHIGH_z0.5_p1_s0,8,lambda_hybrid_0.5,0.056546,0.041265,0.074643
phi_V100_EHIGH_z0.5_p1_s0,8,lambda_hybrid_0.75,0.029373,0.019384,0.041055
phi_V100_EHIGH_z0.5_p1_s1,0,pop_global,0.753119,0.731812,0.774472
phi_V100_EHIGH_z0.5_p1_s1,0,recency_pop_0.1,0.040012,0.030015,0.051656
phi_V100_EHIGH_z0.5_p1_s1,0,recency_pop_0.5,0.047602,0.035777,0.059428
phi_V100_EHIGH_z0.5_p1_s1,0,recency_pop_1.0,0.050709,0.039875,0.061973
phi_V100_EHIGH_z0.5_p1_s1,0,pop_category,0.753119,0.731946,0.774437
phi_V100_EHIGH_z0.5_p1_s1,0,pop_price,0.740035,0.716207,0.761393
phi_V100_EHIGH_z0.5_p1_s1,0,lambda_hybrid_0.25,0.753119,0.731920,0.774591
phi_V100_EHIGH_z0.5_p1_s1,0,lambda_hybrid_0.5,0.753119,0.732576,0.774041
phi_V100_EHIGH_z0.5_p1_s1,0,lambda_hybrid_0.75,0.753119,0.731222,0.773437
phi_V100_EHIGH_z0.5_p1_s1,0,active_elic2,0.817115,0.795351,0.836615
phi_V100_EHIGH_z0.5_p1_s1,1,pop_global,0.406967,0.378676,0.433905
phi_V100_EHIGH_z0.5_p1_s1,1,recency_pop_0.1,0.056857,0.044448,0.070203
phi_V100_EHIGH_z0.5_p1_s1,1,recency_pop_0.5,0.172180,0.152562,0.191865
phi_V100_EHIGH_z0.5_p1_s1,1,recency_pop_1.0,0.202574,0.181322,0.224036
phi_V100_EHIGH_z0.5_p1_s1,1,pop_category,0.409675,0.382267,0.437322
phi_V100_EHIGH_z0.5_p1_s1,1,pop_price,0.370195,0.346553,0.395999
phi_V100_EHIGH_z0.5_p1_s1,1,content_knn_1,0.046929,0.038883,0.054975
phi_V100_EHIGH_z0.5_p1_s1,1,content_knn_3,0.059198,0.048688,0.070131
phi_V100_EHIGH_z0.5_p1_s1,1,content_knn_5,0.054431,0.044998,0.063794
phi_V100_EHIGH_z0.5_p1_s1,1,last_item_nbhd,0.053704,0.043743,0.062595
phi_V100_EHIGH_z0.5_p1_s1,1,pop_scaled_content,0.369886,0.343966,0.396672
phi_V100_EHIGH_z0.5_p1_s1,1,co_purchase,0.015572,0.009322,0.022377
phi_V100_EHIGH_z0.5_p1_s1,1,lambda_hybrid_0.25,0.368867,0.342353,0.396542
phi_V100_EHIGH_z0.5_p1_s1,1,lambda_hybrid_0.5,0.316291,0.289149,0.343046
phi_V100_EHIGH_z0.5_p1_s1,1,lambda_hybrid_0.75,0.117562,0.100703,0.136630
phi_V100_EHIGH_z0.5_p1_s1,2,pop_global,0.295240,0.269688,0.320585
phi_V100_EHIGH_z0.5_p1_s1,2,recency_pop_0.1,0.088950,0.074331,0.103853
phi_V100_EHIGH_z0.5_p1_s1,2,recency_pop_0.5,0.166195,0.144252,0.189453
phi_V100_EHIGH_z0.5_p1_s1,2,recency_pop_1.0,0.169789,0.147954,0.192573
phi_V100_EHIGH_z0.5_p1_s1,2,pop_category,0.291670,0.266399,0.317824
phi_V100_EHIGH_z0.5_p1_s1,2,pop_price,0.265323,0.241555,0.289455
phi_V100_EHIGH_z0.5_p1_s1,2,content_knn_1,0.033237,0.026116,0.040840
phi_V100_EHIGH_z0.5_p1_s1,2,content_knn_3,0.055263,0.044762,0.066679
phi_V100_EHIGH_z0.5_p1_s1,2,content_knn_5,0.035222,0.027385,0.043570
phi_V100_EHIGH_z0.5_p1_s1,2,last_item_nbhd,0.041412,0.032405,0.051267
phi_V100_EHIGH_z0.5_p1_s1,2,pop_scaled_content,0.276003,0.252585,0.302973
phi_V100_EHIGH_z0.5_p1_s1,2,co_purchase,0.002062,0.000431,0.004193
phi_V100_EHIGH_z0.5_p1_s1,2,lambda_hybrid_0.25,0.255226,0.230274,0.279909
phi_V100_EHIGH_z0.5_p1_s1,2,lambda_hybrid_0.5,0.210216,0.187413,0.233491
phi_V100_EHIGH_z0.5_p1_s1,2,lambda_hybrid_0.75,0.116886,0.097651,0.136228
phi_V100_EHIGH_z0.5_p1_s1,3,pop_global,0.234773,0.212855,0.258910
phi_V100_EHIGH_z0.5_p1_s1,3,recency_pop_0.1,0.111347,0.093755,0.128578
phi_V100_EHIGH_z0.5_p1_s1,3,recency_pop_0.5,0.134361,0.114271,0.154956
phi_V100_EHIGH_z0.5_p1_s1,3,recency_pop_1.0,0.135159,0.115629,0.156694
phi_V100_EHIGH_z0.5_p1_s1,3,pop_category,0.226620,0.203794,0.250725
phi_V100_EHIGH_z0.5_p1_s1,3,pop_price,0.202925,0.181377,0.223323
phi_V100_EHIGH_z0.5_p1_s1,3,content_knn_1,0.026294,0.019455,0.034042
phi_V100_EHIGH_z0.5_p1_s1,3,content_knn_3,0.036036,0.027691,0.044001
phi_V100_EHIGH_z0.5_p1_s1,3,content_knn_5,0.031457,0.024142,0.039465
phi_V100_EHIGH_z0.5_p1_s1,3,last_item_nbhd,0.030888,0.023474,0.038477
phi_V100_EHIGH_z0.5_p1_s1,3,pop_scaled_content,0.202659,0.179824,0.225244
phi_V100_EHIGH_z0.5_p1_s1,3,co_purchase,0.001902,0.000000,0.004536
phi_V100_EHIGH_z0.5_p1_s1,3,lambda_hybrid_0.25,0.176213,0.154727,0.198325
phi_V100_EHIGH_z0.5_p1_s1,3,lambda_hybrid_0.5,0.129268,0.110421,0.148403
phi_V100_EHIGH_z0.5_p1_s1,3,lambda_hybrid_0.75,0.070738,0.056308,0.084907
phi_V100_EHIGH_z0.5_p1_s1,5,pop_global,0.160353,0.140091,0.180651
phi_V100_EHIGH_z0.5_p1_s1,5,recency_pop_0.1,0.096973,0.081976,0.113581
phi_V100_EHIGH_z0.5_p1_s1,5,recency_pop_0.5,0.105724,0.089639,0.123204
phi_V100_EHIGH_z0.5_p1_s1,5,recency_pop_1.0,0.105972,0.088379,0.121964
phi_V100_EHIGH_z0.5_p1_s1,5,pop_category,0.147065,0.128595,0.166957
phi_V100_EHIGH_z0.5_p1_s1,5,pop_price,0.138002,0.119901,0.155830
phi_V100_EHIGH_z0.5_p1_s1,5,content_knn_1,0.021282,0.014600,0.028021
phi_V100_EHIGH_z0.5_p1_s1,5,content_knn_3,0.025501,0.017735,0.033290
phi_V100_EHIGH_z0.5_p1_s1,5,content_knn_5,0.021965,0.015095,0.029507
phi_V100_EHIGH_z0.5_p1_s1,5,last_item_nbhd,0.024717,0.017400,0.033409
phi_V100_EHIGH_z0.5_p1_s1,5,pop_scaled_content,0.144549,0.124663,0.164529
phi_V100_EHIGH_z0.5_p1_s1,5,co_purchase,0.002479,0.000414,0.005274
phi_V100_EHIGH_z0.5_p1_s1,5,lambda_hybrid_0.25,0.109597,0.090820,0.129571
phi_V100_EHIGH_z0.5_p1_s1,5,lambda_hybrid_0.5,0.074368,0.058885,0.090084
phi_V100_EHIGH_z0.5_p1_s1,5,lambda_hybrid_0.75,0.048266,0.036527,0.061432
phi_V100_EHIGH_z0.5_p1_s1,8,pop_global,0.140961,0.119268,0.165867
phi_V100_EHIGH_z0.5_p1_s1,8,recency_pop_0.1,0.126639,0.104421,0.150095
phi_V100_EHIGH_z0.5_p1_s1,8,recency_pop_0.5,0.133209,0.109276,0.155056
phi_V100_EHIGH_z0.5_p1_s1,8,recency_pop_1.0,0.131416,0.108537,0.154386
phi_V100_EHIGH_z0.5_p1_s1,8,pop_category,0.123436,0.101084,0.148005
phi_V100_EHIGH_z0.5_p1_s1,8,pop_price,0.123362,0.104320,0.146444
phi_V100_EHIGH_z0.5_p1_s1,8,content_knn_1,0.017856,0.010717,0.025251
phi_V100_EHIGH_z0.5_p1_s1,8,content_knn_3,0.021346,0.013154,0.030749
phi_V100_EHIGH_z0.5_p1_s1,8,content_knn_5,0.016749,0.010153,0.024095
phi_V100_EHIGH_z0.5_p1_s1,8,last_item_nbhd,0.020977,0.013033,0.030911
phi_V100_EHIGH_z0.5_p1_s1,8,pop_scaled_content,0.124684,0.103191,0.147245
phi_V100_EHIGH_z0.5_p1_s1,8,co_purchase,0.005505,0.001528,0.011172
phi_V100_EHIGH_z0.5_p1_s1,8,lambda_hybrid_0.25,0.082031,0.062183,0.103908
phi_V100_EHIGH_z0.5_p1_s1,8,lambda_hybrid_0.5,0.053274,0.037934,0.070571
phi_V100_EHIGH_z0.5_p1_s1,8,lambda_hybrid_0.75,0.033513,0.021943,0.046919
phi_V100_EHIGH_z1.5_p0.25_s0,0,pop_global,0.172991,0.154715,0.191310
phi_V100_EHIGH_z1.5_p0.25_s0,0,recency_pop_0.1,0.046312,0.036033,0.058691
phi_V100_EHIGH_z1.5_p0.25_s0,0,recency_pop_0.5,0.049812,0.038162,0.062487
phi_V100_EHIGH_z1.5_p0.25_s0,0,recency_pop_1.0,0.051453,0.039474,0.063969
phi_V100_EHIGH_z1.5_p0.25_s0,0,pop_category,0.158678,0.140117,0.177925
phi_V100_EHIGH_z1.5_p0.25_s0,0,pop_price,0.164707,0.146423,0.183471
phi_V100_EHIGH_z1.5_p0.25_s0,0,lambda_hybrid_0.25,0.172991,0.154442,0.192817
phi_V100_EHIGH_z1.5_p0.25_s0,0,lambda_hybrid_0.5,0.172991,0.154312,0.192238
phi_V100_EHIGH_z1.5_p0.25_s0,0,lambda_hybrid_0.75,0.172991,0.154081,0.191966
phi_V100_EHIGH_z1.5_p0.25_s0,0,active_elic2,0.158678,0.140173,0.178102
phi_V100_EHIGH_z1.5_p0.25_s0,1,pop_global,0.163090,0.144505,0.183292
phi_V100_EHIGH_z1.5_p0.25_s0,1,recency_pop_0.1,0.055576,0.043309,0.068462
phi_V100_EHIGH_z1.5_p0.25_s0,1,recency_pop_0.5,0.057707,0.046149,0.070586
phi_V100_EHIGH_z1.5_p0.25_s0,1,recency_pop_1.0,0.059905,0.047164,0.073256
phi_V100_EHIGH_z1.5_p0.25_s0,1,pop_category,0.154061,0.134924,0.173586
phi_V100_EHIGH_z1.5_p0.25_s0,1,pop_price,0.153386,0.134018,0.172362
phi_V100_EHIGH_z1.5_p0.25_s0,1,content_knn_1,0.033851,0.025745,0.042815
phi_V100_EHIGH_z1.5_p0.25_s0,1,content_knn_3,0.033451,0.025075,0.043256
phi_V100_EHIGH_z1.5_p0.25_s0,1,content_knn_5,0.033050,0.024444,0.042779
phi_V100_EHIGH_z1.5_p0.25_s0,1,last_item_nbhd,0.029808,0.021782,0.038932
phi_V100_EHIGH_z1.5_p0.25_s0,1,pop_scaled_content,0.138004,0.118885,0.157253
phi_V100_EHIGH_z1.5_p0.25_s0,1,co_purchase,0.011867,0.006883,0.017373
phi_V100_EHIGH_z1.5_p0.25_s0,1,lambda_hybrid_0.25,0.153773,0.133916,0.170962
phi_V100_EHIGH_z1.5_p0.25_s0,1,lambda_hybrid_0.5,0.135904,0.117742,0.155784
phi_V100_EHIGH_z1.5_p0.25_s0,1,lambda_hybrid_0.75,0.075377,0.062381,0.088317
phi_V100_EHIGH_z1.5_p0.25_s0,2,pop_global,0.177687,0.158046,0.199000
phi_V100_EHIGH_z1.5_p0.25_s0,2,recency_pop_0.1,0.079414,0.065864,0.094773
phi_V100_EHIGH_z1.5_p0.25_s0,2,recency_pop_0.5,0.088134,0.072831,0.103179
phi_V100_EHIGH_z1.5_p0.25_s0,2,recency_pop_1.0,0.088453,0.074366,0.103279
phi_V100_EHIGH_z1.5_p0.25_s0,2,pop_category,0.171673,0.152034,0.193393
phi_V100_EHIGH_z1.5_p0.25_s0,2,pop_price,0.175818,0.155214,0.198247
phi_V100_EHIGH_z1.5_p0.25_s0,2,content_knn_1,0.040715,0.031266,0.050668
phi_V100_EHIGH_z1.5_p0.25_s0,2,content_knn_3,0.046787,0.037723,0.057021
phi_V100_EHIGH_z1.5_p0.25_s0,2,content_knn_5,0.044088,0.033481,0.054515
phi_V100_EHIGH_z1.5_p0.25_s0,2,last_item_nbhd,0.044579,0.034765,0.054949
phi_V100_EHIGH_z1.5_p0.25_s0,2,pop_scaled_content,0.164923,0.145506,0.185225
phi_V100_EHIGH_z1.5_p0.25_s0,2,co_purchase,0.015298,0.009330,0.022085
phi_V100_EHIGH_z1.5_p0.25_s0,2,lambda_hybrid_0.25,0.178227,0.158888,0.198281
phi_V100_EHIGH_z1.5_p0.25_s0,2,lambda_hybrid_0.5,0.161804,0.143608,0.182855
phi_V100_EHIGH_z1.5_p0.25_s0,2,lambda_hybrid_0.75,0.101973,0.086663,0.118161
phi_V100_EHIGH_z1.5_p0.25_s0,3,pop_global,0.185385,0.164458,0.207226
phi_V100_EHIGH_z1.5_p0.25_s0,3,recency_pop_0.1,0.101900,0.085018,0.116624
phi_V100_EHIGH_z1.5_p0.25_s0,3,recency_pop_0.5,0.120633,0.103209,0.138185
phi_V100_EHIGH_z1.5_p0.25_s0,3,recency_pop_1.0,0.122407,0.105003,0.141232
phi_V100_EHIGH_z1.5_p0.25_s0,3,pop_category,0.179191,0.157641,0.200431
phi_V100_EHIGH_z1.5_p0.25_s0,3,pop_price,0.180720,0.161667,0.201756
phi_V100_EHIGH_z1.5_p0.25_s0,3,content_knn_1,0.041627,0.031491,0.051677
phi_V100_EHIGH_z1.5_p0.25_s0,3,content_knn_3,0.044714,0.034285,0.055130
phi_V100_EHIGH_z1.5_p0.25_s0,3,content_knn_5,0.045851,0.036641,0.056921
phi_V100_EHIGH_z1.5_p0.25_s0,3,last_item_nbhd,0.038514,0.029295,0.048073
phi_V100_EHIGH_z1.5_p0.25_s0,3,pop_scaled_content,0.180111,0.160816,0.201631
phi_V100_EHIGH_z1.5_p0.25_s0,3,co_purchase,0.006107,0.002908,0.009829
phi_V100_EHIGH_z1.5_p0.25_s0,3,lambda_hybrid_0.25,0.183669,0.163176,0.204823
phi_V100_EHIGH_z1.5_p0.25_s0,3,lambda_hybrid_0.5,0.173774,0.153000,0.194778
phi_V100_EHIGH_z1.5_p0.25_s0,3,lambda_hybrid_0.75,0.134783,0.115258,0.154171
phi_V100_EHIGH_z1.5_p0.25_s0,5,pop_global,0.173060,0.152145,0.195158
phi_V100_EHIGH_z1.5_p0.25_s0,5,recency_pop_0.1,0.160931,0.140529,0.182189
phi_V100_EHIGH_z1.5_p0.25_s0,5,recency_pop_0.5,0.164871,0.145232,0.187468
phi_V100_EHIGH_z1.5_p0.25_s0,5,recency_pop_1.0,0.163099,0.142859,0.183384
phi_V100_EHIGH_z1.5_p0.25_s0,5,pop_category,0.177199,0.156549,0.199434
phi_V100_EHIGH_z1.5_p0.25_s0,5,pop_price,0.172009,0.149972,0.194101
phi_V100_EHIGH_z1.5_p0.25_s0,5,content_knn_1,0.030552,0.022466,0.040320
phi_V100_EHIGH_z1.5_p0.25_s0,5,content_knn_3,0.037381,0.027846,0.047242
phi_V100_EHIGH_z1.5_p0.25_s0,5,content_knn_5,0.036362,0.027248,0.046513
phi_V100_EHIGH_z1.5_p0.25_s0,5,last_item_nbhd,0.035221,0.025920,0.045922
phi_V100_EHIGH_z1.5_p0.25_s0,5,pop_scaled_content,0.166183,0.144197,0.186172
phi_V100_EHIGH_z1.5_p0.25_s0,5,co_purchase,0.003070,0.000999,0.005680
phi_V100_EHIGH_z1.5_p0.25_s0,5,lambda_hybrid_0.25,0.171116,0.150912,0.193020
phi_V100_EHIGH_z1.5_p0.25_s0,5,lambda_hybrid_0.5,0.161029,0.141415,0.182014
phi_V100_EHIGH_z1.5_p0.25_s0,5,lambda_hybrid_0.75,0.123937,0.106066,0.143356
phi_V100_EHIGH_z1.5_p0.25_s0,8,pop_global,0.145355,0.120777,0.170910
phi_V100_EHIGH_z1.5_p0.25_s0,8,recency_pop_0.1,0.149521,0.126089,0.173710
phi_V100_EHIGH_z1.5_p0.25_s0,8,recency_pop_0.5,0.151924,0.126878,0.178082
phi_V100_EHIGH_z1.5_p0.25_s0,8,recency_pop_1.0,0.146739,0.123704,0.173552
phi_V100_EHIGH_z1.5_p0.25_s0,8,pop_category,0.149706,0.125660,0.174406
phi_V100_EHIGH_z1.5_p0.25_s0,8,pop_price,0.151451,0.127105,0.176101
phi_V100_EHIGH_z1.5_p0.25_s0,8,content_knn_1,0.028216,0.018596,0.038926
phi_V100_EHIGH_z1.5_p0.25_s0,8,content_knn_3,0.032170,0.022135,0.043317
phi_V100_EHIGH_z1.5_p0.25_s0,8,content_knn_5,0.033564,0.022670,0.045304
phi_V100_EHIGH_z1.5_p0.25_s0,8,last_item_nbhd,0.033540,0.022740,0.047098
phi_V100_EHIGH_z1.5_p0.25_s0,8,pop_scaled_content,0.141968,0.118526,0.166609
phi_V100_EHIGH_z1.5_p0.25_s0,8,co_purchase,0.004120,0.000646,0.008204
phi_V100_EHIGH_z1.5_p0.25_s0,8,lambda_hybrid_0.25,0.143075,0.117883,0.168310
phi_V100_EHIGH_z1.5_p0.25_s0,8,lambda_hybrid_0.5,0.141371,0.118453,0.166015
phi_V100_EHIGH_z1.5_p0.25_s0,8,lambda_hybrid_0.75,0.116356,0.094971,0.138023
phi_V100_EHIGH_z1.5_p0.25_s1,0,pop_global,0.137006,0.118719,0.156788
phi_V100_EHIGH_z1.5_p0.25_s1,0,recency_pop_0.1,0.053006,0.041962,0.064208
phi_V100_EHIGH_z1.5_p0.25_s1,0,recency_pop_0.5,0.058838,0.046932,0.070924
phi_V100_EHIGH_z1.5_p0.25_s1,0,recency_pop_1.0,0.061081,0.049001,0.073344
phi_V100_EHIGH_z1.5_p0.25_s1,0,pop_category,0.096970,0.081818,0.112284
phi_V100_EHIGH_z1.5_p0.25_s1,0,pop_price,0.132539,0.113990,0.152315
phi_V100_EHIGH_z1.5_p0.25_s1,0,lambda_hybrid_0.25,0.137006,0.120510,0.154959
phi_V100_EHIGH_z1.5_p0.25_s1,0,lambda_hybrid_0.5,0.137006,0.119224,0.155320
phi_V100_EHIGH_z1.5_p0.25_s1,0,lambda_hybrid_0.75,0.137006,0.118254,0.155590
phi_V100_EHIGH_z1.5_p0.25_s1,0,active_elic2,0.096970,0.081715,0.111971
phi_V100_EHIGH_z1.5_p0.25_s1,1,pop_global,0.157836,0.140105,0.178535
phi_V100_EHIGH_z1.5_p0.25_s1,1,recency_pop_0.1,0.047570,0.036782,0.059585
phi_V100_EHIGH_z1.5_p0.25_s1,1,recency_pop_0.5,0.051350,0.040562,0.062286
phi_V100_EHIGH_z1.5_p0.25_s1,1,recency_pop_1.0,0.051489,0.041004,0.062572
phi_V100_EHIGH_z1.5_p0.25_s1,1,pop_category,0.127541,0.110445,0.145893
phi_V100_EHIGH_z1.5_p0.25_s1,1,pop_price,0.158133,0.139058,0.176023
phi_V100_EHIGH_z1.5_p0.25_s1,1,content_knn_1,0.027379,0.019236,0.035765
phi_V100_EHIGH_z1.5_p0.25_s1,1,content_knn_3,0.029165,0.021480,0.038522
phi_V100_EHIGH_z1.5_p0.25_s1,1,content_knn_5,0.030367,0.022095,0.039490
phi_V100_EHIGH_z1.5_p0.25_s1,1,last_item_nbhd,0.028085,0.020149,0.037135
phi_V100_EHIGH_z1.5_p0.25_s1,1,pop_scaled_content,0.117251,0.102004,0.133109
phi_V100_EHIGH_z1.5_p0.25_s1,1,co_purchase,0.013746,0.008379,0.019058
phi_V100_EHIGH_z1.5_p0.25_s1,1,lambda_hybrid_0.25,0.150695,0.132314,0.169866
phi_V100_EHIGH_z1.5_p0.25_s1,1,lambda_hybrid_0.5,0.135313,0.117223,0.152948
phi_V100_EHIGH_z1.5_p0.25_s1,1,lambda_hybrid_0.75,0.066394,0.054241,0.080305
phi_V100_EHIGH_z1.5_p0.25_s1,2,pop_global,0.150306,0.132214,0.168822
phi_V100_EHIGH_z1.5_p0.25_s1,2,recency_pop_0.1,0.062181,0.049088,0.074119
phi_V100_EHIGH_z1.5_p0.25_s1,2,recency_pop_0.5,0.072218,0.058720,0.085444
phi_V100_EHIGH_z1.5_p0.25_s1,2,recency_pop_1.0,0.072500,0.058809,0.086166
phi_V100_EHIGH_z1.5_p0.25_s1,2,pop_category,0.116613,0.100269,0.133410
phi_V100_EHIGH_z1.5_p0.25_s1,2,pop_price,0.136723,0.118285,0.155440
phi_V100_EHIGH_z1.5_p0.25_s1,2,content_knn_1,0.032891,0.023309,0.042729
phi_V100_EHIGH_z1.5_p0.25_s1,2,content_knn_3,0.032530,0.023831,0.042135
phi_V100_EHIGH_z1.5_p0.25_s1,2,content_knn_5,0.027522,0.020024,0.035795
phi_V100_EHIGH_z1.5_p0.25_s1,2,last_item_nbhd,0.031460,0.021605,0.041750
phi_V100_EHIGH_z1.5_p0.25_s1,2,pop_scaled_content,0.132233,0.114520,0.150098
phi_V100_EHIGH_z1.5_p0.25_s1,2,co_purchase,0.013429,0.008401,0.019738
phi_V100_EHIGH_z1.5_p0.25_s1,2,lambda_hybrid_0.25,0.150542,0.133813,0.168845
phi_V100_EHIGH_z1.5_p0.25_s1,2,lambda_hybrid_0.5,0.139472,0.122519,0.158246
phi_V100_EHIGH_z1.5_p0.25_s1,2,lambda_hybrid_0.75,0.087744,0.072491,0.103422
phi_V100_EHIGH_z1.5_p0.25_s1,3,pop_global,0.146888,0.130249,0.163784
phi_V100_EHIGH_z1.5_p0.25_s1,3,recency_pop_0.1,0.084008,0.069092,0.098436
phi_V100_EHIGH_z1.5_p0.25_s1,3,recency_pop_0.5,0.089408,0.075217,0.104394
phi_V100_EHIGH_z1.5_p0.25_s1,3,recency_pop_1.0,0.093277,0.078605,0.109662
phi_V100_EHIGH_z1.5_p0.25_s1,3,pop_category,0.132242,0.115192,0.149494
phi_V100_EHIGH_z1.5_p0.25_s1,3,pop_price,0.140376,0.124148,0.158654
phi_V100_EHIGH_z1.5_p0.25_s1,3,content_knn_1,0.022880,0.016322,0.029877
phi_V100_EHIGH_z1.5_p0.25_s1,3,content_knn_3,0.021350,0.014572,0.028823
phi_V100_EHIGH_z1.5_p0.25_s1,3,content_knn_5,0.020804,0.013777,0.028555
phi_V100_EHIGH_z1.5_p0.25_s1,3,last_item_nbhd,0.026308,0.018451,0.034221
phi_V100_EHIGH_z1.5_p0.25_s1,3,pop_scaled_content,0.129699,0.111437,0.147579
phi_V100_EHIGH_z1.5_p0.25_s1,3,co_purchase,0.013225,0.007547,0.019746
phi_V100_EHIGH_z1.5_p0.25_s1,3,lambda_hybrid_0.25,0.148702,0.131586,0.166117
phi_V100_EHIGH_z1.5_p0.25_s1,3,lambda_hybrid_0.5,0.132759,0.116626,0.150740
phi_V100_EHIGH_z1.5_p0.25_s1,3,lambda_hybrid_0.75,0.082191,0.068458,0.097769
phi_V100_EHIGH_z1.5_p0.25_s1,5,pop_global,0.136427,0.117800,0.153700
phi_V100_EHIGH_z1.5_p0.25_s1,5,recency_pop_0.1,0.122054,0.105519,0.140954
phi_V100_EHIGH_z1.5_p0.25_s1,5,recency_pop_0.5,0.115083,0.099419,0.132180
phi_V100_EHIGH_z1.5_p0.25_s1,5,recency_pop_1.0,0.119979,0.103601,0.137868
phi_V100_EHIGH_z1.5_p0.25_s1,5,pop_category,0.121180,0.104587,0.138080
phi_V100_EHIGH_z1.5_p0.25_s1,5,pop_price,0.128221,0.111560,0.146260
phi_V100_EHIGH_z1.5_p0.25_s1,5,content_knn_1,0.030839,0.022242,0.040154
phi_V100_EHIGH_z1.5_p0.25_s1,5,content_knn_3,0.024716,0.017271,0.032878
phi_V100_EHIGH_z1.5_p0.25_s1,5,content_knn_5,0.017648,0.011576,0.024457
phi_V100_EHIGH_z1.5_p0.25_s1,5,last_item_nbhd,0.028133,0.019652,0.037272
phi_V100_EHIGH_z1.5_p0.25_s1,5,pop_scaled_content,0.113739,0.096135,0.131722
phi_V100_EHIGH_z1.5_p0.25_s1,5,co_purchase,0.007810,0.003586,0.012695
phi_V100_EHIGH_z1.5_p0.25_s1,5,lambda_hybrid_0.25,0.133008,0.116472,0.150089
phi_V100_EHIGH_z1.5_p0.25_s1,5,lambda_hybrid_0.5,0.118588,0.102296,0.136400
phi_V100_EHIGH_z1.5_p0.25_s1,5,lambda_hybrid_0.75,0.076332,0.062221,0.091920
phi_V100_EHIGH_z1.5_p0.25_s1,8,pop_global,0.147707,0.127793,0.169567
phi_V100_EHIGH_z1.5_p0.25_s1,8,recency_pop_0.1,0.175028,0.151509,0.199303
phi_V100_EHIGH_z1.5_p0.25_s1,8,recency_pop_0.5,0.156030,0.134802,0.176469
phi_V100_EHIGH_z1.5_p0.25_s1,8,recency_pop_1.0,0.160102,0.139428,0.181636
phi_V100_EHIGH_z1.5_p0.25_s1,8,pop_category,0.121631,0.103781,0.140780
phi_V100_EHIGH_z1.5_p0.25_s1,8,pop_price,0.150680,0.128573,0.173151
phi_V100_EHIGH_z1.5_p0.25_s1,8,content_knn_1,0.032276,0.020786,0.043555
phi_V100_EHIGH_z1.5_p0.25_s1,8,content_knn_3,0.024459,0.016048,0.033393
phi_V100_EHIGH_z1.5_p0.25_s1,8,content_knn_5,0.018269,0.011216,0.025851
phi_V100_EHIGH_z1.5_p0.25_s1,8,last_item_nbhd,0.032065,0.020601,0.043691
phi_V100_EHIGH_z1.5_p0.25_s1,8,pop_scaled_content,0.117196,0.096351,0.135950
phi_V100_EHIGH_z1.5_p0.25_s1,8,co_purchase,0.003489,0.000647,0.007278
phi_V100_EHIGH_z1.5_p0.25_s1,8,lambda_hybrid_0.25,0.144258,0.124302,0.162635
phi_V100_EHIGH_z1.5_p0.25_s1,8,lambda_hybrid_0.5,0.112201,0.093037,0.130653
phi_V100_EHIGH_z1.5_p0.25_s1,8,lambda_hybrid_0.75,0.068790,0.052990,0.083829
phi_V100_EHIGH_z1.5_p0.5_s0,0,pop_global,0.181175,0.162101,0.201288
phi_V100_EHIGH_z1.5_p0.5_s0,0,recency_pop_0.1,0.042215,0.032362,0.053722
phi_V100_EHIGH_z1.5_p0.5_s0,0,recency_pop_0.5,0.047768,0.035707,0.060508
phi_V100_EHIGH_z1.5_p0.5_s0,0,recency_pop_1.0,0.047838,0.036582,0.059671
phi_V100_EHIGH_z1.5_p0.5_s0,0,pop_category,0.168409,0.149829,0.188040
phi_V100_EHIGH_z1.5_p0.5_s0,0,pop_price,0.182782,0.164041,0.202462
phi_V100_EHIGH_z1.5_p0.5_s0,0,lambda_hybrid_0.25,0.181175,0.161722,0.202809
phi_V100_EHIGH_z1.5_p0.5_s0,0,lambda_hybrid_0.5,0.181175,0.161732,0.201036
phi_V100_EHIGH_z1.5_p0.5_s0,0,lambda_hybrid_0.75,0.181175,0.161904,0.201067
phi_V100_EHIGH_z1.5_p0.5_s0,0,active_elic2,0.168409,0.148738,0.188819
phi_V100_EHIGH_z1.5_p0.5_s0,1,pop_global,0.169106,0.150211,0.190031
phi_V100_EHIGH_z1.5_p0.5_s0,1,recency_pop_0.1,0.058848,0.046448,0.072649
phi_V100_EHIGH_z1.5_p0.5_s0,1,recency_pop_0.5,0.064260,0.051113,0.077220
phi_V100_EHIGH_z1.5_p0.5_s0,1,recency_pop_1.0,0.064260,0.051601,0.077675
phi_V100_EHIGH_z1.5_p0.5_s0,1,pop_category,0.159260,0.139309,0.179762
phi_V100_EHIGH_z1.5_p0.5_s0,1,pop_price,0.157851,0.138803,0.177271
phi_V100_EHIGH_z1.5_p0.5_s0,1,content_knn_1,0.048715,0.038071,0.060117
phi_V100_EHIGH_z1.5_p0.5_s0,1,content_knn_3,0.048276,0.036816,0.059414
phi_V100_EHIGH_z1.5_p0.5_s0,1,content_knn_5,0.048000,0.036574,0.060297
phi_V100_EHIGH_z1.5_p0.5_s0,1,last_item_nbhd,0.046748,0.036120,0.056959
phi_V100_EHIGH_z1.5_p0.5_s0,1,pop_scaled_content,0.147548,0.129907,0.166040
phi_V100_EHIGH_z1.5_p0.5_s0,1,co_purchase,0.019816,0.013196,0.027225
phi_V100_EHIGH_z1.5_p0.5_s0,1,lambda_hybrid_0.25,0.160278,0.141265,0.178167
phi_V100_EHIGH_z1.5_p0.5_s0,1,lambda_hybrid_0.5,0.150157,0.132670,0.170917
phi_V100_EHIGH_z1.5_p0.5_s0,1,lambda_hybrid_0.75,0.090751,0.075566,0.106390
phi_V100_EHIGH_z1.5_p0.5_s0,2,pop_global,0.172823,0.153571,0.194650
phi_V100_EHIGH_z1.5_p0.5_s0,2,recency_pop_0.1,0.070684,0.058195,0.085370
phi_V100_EHIGH_z1.5_p0.5_s0,2,recency_pop_0.5,0.081935,0.067147,0.097907
phi_V100_EHIGH_z1.5_p0.5_s0,2,recency_pop_1.0,0.081892,0.067881,0.097088
phi_V100_EHIGH_z1.5_p0.5_s0,2,pop_category,0.168049,0.148199,0.188287
phi_V100_EHIGH_z1.5_p0.5_s0,2,pop_price,0.173129,0.153432,0.193185
phi_V100_EHIGH_z1.5_p0.5_s0,2,content_knn_1,0.044590,0.034177,0.055154
phi_V100_EHIGH_z1.5_p0.5_s0,2,content_knn_3,0.045404,0.034955,0.056948
phi_V100_EHIGH_z1.5_p0.5_s0,2,content_knn_5,0.045316,0.035623,0.056310
phi_V100_EHIGH_z1.5_p0.5_s0,2,last_item_nbhd,0.046894,0.036669,0.057578
phi_V100_EHIGH_z1.5_p0.5_s0,2,pop_scaled_content,0.163467,0.144514,0.183571
phi_V100_EHIGH_z1.5_p0.5_s0,2,co_purchase,0.017399,0.011062,0.024765
phi_V100_EHIGH_z1.5_p0.5_s0,2,lambda_hybrid_0.25,0.172109,0.152357,0.193175
phi_V100_EHIGH_z1.5_p0.5_s0,2,lambda_hybrid_0.5,0.159068,0.139514,0.181420
phi_V100_EHIGH_z1.5_p0.5_s0,2,lambda_hybrid_0.75,0.106648,0.089936,0.122887
phi_V100_EHIGH_z1.5_p0.5_s0,3,pop_global,0.173452,0.153135,0.194613
phi_V100_EHIGH_z1.5_p0.5_s0,3,recency_pop_0.1,0.088560,0.073178,0.103350
phi_V100_EHIGH_z1.5_p0.5_s0,3,recency_pop_0.5,0.105101,0.088739,0.121534
phi_V100_EHIGH_z1.5_p0.5_s0,3,recency_pop_1.0,0.104231,0.087642,0.122241
phi_V100_EHIGH_z1.5_p0.5_s0,3,pop_category,0.171233,0.150502,0.191886
phi_V100_EHIGH_z1.5_p0.5_s0,3,pop_price,0.172246,0.151707,0.194090
phi_V100_EHIGH_z1.5_p0.5_s0,3,content_knn_1,0.045574,0.035238,0.055982
phi_V100_EHIGH_z1.5_p0.5_s0,3,content_knn_3,0.045704,0.035542,0.057056
phi_V100_EHIGH_z1.5_p0.5_s0,3,content_knn_5,0.041036,0.031548,0.051502
phi_V100_EHIGH_z1.5_p0.5_s0,3,last_item_nbhd,0.043149,0.033760,0.053914
phi_V100_EHIGH_z1.5_p0.5_s0,3,pop_scaled_content,0.169160,0.149452,0.190297
phi_V100_EHIGH_z1.5_p0.5_s0,3,co_purchase,0.010784,0.005842,0.016277
phi_V100_EHIGH_z1.5_p0.5_s0,3,lambda_hybrid_0.25,0.171859,0.151997,0.192732
phi_V100_EHIGH_z1.5_p0.5_s0,3,lambda_hybrid_0.5,0.166098,0.146156,0.187637
phi_V100_EHIGH_z1.5_p0.5_s0,3,lambda_hybrid_0.75,0.130312,0.111494,0.149964
phi_V100_EHIGH_z1.5_p0.5_s0,5,pop_global,0.149034,0.130430,0.171086
phi_V100_EHIGH_z1.5_p0.5_s0,5,recency_pop_0.1,0.147506,0.127630,0.167746
phi_V100_EHIGH_z1.5_p0.5_s0,5,recency_pop_0.5,0.142230,0.122992,0.164044
phi_V100_EHIGH_z1.5_p0.5_s0,5,recency_pop_1.0,0.137695,0.118327,0.157232
phi_V100_EHIGH_z1.5_p0.5_s0,5,pop_category,0.155035,0.135394,0.175516
phi_V100_EHIGH_z1.5_p0.5_s0,5,pop_price,0.149110,0.128040,0.169671
phi_V100_EHIGH_z1.5_p0.5_s0,5,content_knn_1,0.035317,0.025841,0.046596
phi_V100_EHIGH_z1.5_p0.5_s0,5,content_knn_3,0.033831,0.024904,0.043301
phi_V100_EHIGH_z1.5_p0.5_s0,5,content_knn_5,0.034170,0.025011,0.045096
phi_V100_EHIGH_z1.5_p0.5_s0,5,last_item_nbhd,0.037510,0.027977,0.047125
phi_V100_EHIGH_z1.5_p0.5_s0,5,pop_scaled_content,0.148093,0.126974,0.167814
phi_V100_EHIGH_z1.5_p0.5_s0,5,co_purchase,0.008893,0.004655,0.014499
phi_V100_EHIGH_z1.5_p0.5_s0,5,lambda_hybrid_0.25,0.151356,0.132128,0.172181
phi_V100_EHIGH_z1.5_p0.5_s0,5,lambda_hybrid_0.5,0.141450,0.122967,0.162200
phi_V100_EHIGH_z1.5_p0.5_s0,5,lambda_hybrid_0.75,0.117552,0.101697,0.135029
phi_V100_EHIGH_z1.5_p0.5_s0,8,pop_global,0.139868,0.115349,0.165043
phi_V100_EHIGH_z1.5_p0.5_s0,8,recency_pop_0.1,0.148421,0.125088,0.172451
phi_V100_EHIGH_z1.5_p0.5_s0,8,recency_pop_0.5,0.148252,0.124854,0.174726
phi_V100_EHIGH_z1.5_p0.5_s0,8,recency_pop_1.0,0.139540,0.115371,0.167183
phi_V100_EHIGH_z1.5_p0.5_s0,8,pop_category,0.148519,0.125292,0.175221
phi_V100_EHIGH_z1.5_p0.5_s0,8,pop_price,0.149821,0.125703,0.175119
phi_V100_EHIGH_z1.5_p0.5_s0,8,content_knn_1,0.032235,0.021936,0.043702
phi_V100_EHIGH_z1.5_p0.5_s0,8,content_knn_3,0.035671,0.024800,0.047229
phi_V100_EHIGH_z1.5_p0.5_s0,8,content_knn_5,0.035313,0.024486,0.046701
phi_V100_EHIGH_z1.5_p0.5_s0,8,last_item_nbhd,0.031193,0.021170,0.042294
phi_V100_EHIGH_z1.5_p0.5_s0,8,pop_scaled_content,0.140442,0.116901,0.164787
phi_V100_EHIGH_z1.5_p0.5_s0,8,co_purchase,0.001160,0.000000,0.002900
phi_V100_EHIGH_z1.5_p0.5_s0,8,lambda_hybrid_0.25,0.143012,0.117724,0.166614
phi_V100_EHIGH_z1.5_p0.5_s0,8,lambda_hybrid_0.5,0.140605,0.114772,0.164719
phi_V100_EHIGH_z1.5_p0.5_s0,8,lambda_hybrid_0.75,0.119228,0.096634,0.141150
phi_V100_EHIGH_z1.5_p0.5_s1,0,pop_global,0.138808,0.120990,0.156487
phi_V100_EHIGH_z1.5_p0.5_s1,0,recency_pop_0.1,0.050351,0.039841,0.061614
phi_V100_EHIGH_z1.5_p0.5_s1,0,recency_pop_0.5,0.054530,0.043419,0.066198
phi_V100_EHIGH_z1.5_p0.5_s1,0,recency_pop_1.0,0.053530,0.043076,0.065686
phi_V100_EHIGH_z1.5_p0.5_s1,0,pop_category,0.097689,0.083007,0.113610
phi_V100_EHIGH_z1.5_p0.5_s1,0,pop_price,0.135136,0.116780,0.154227
phi_V100_EHIGH_z1.5_p0.5_s1,0,lambda_hybrid_0.25,0.138808,0.120207,0.158812
phi_V100_EHIGH_z1.5_p0.5_s1,0,lambda_hybrid_0.5,0.138808,0.120217,0.156705
phi_V100_EHIGH_z1.5_p0.5_s1,0,lambda_hybrid_0.75,0.138808,0.119944,0.157406
phi_V100_EHIGH_z1.5_p0.5_s1,0,active_elic2,0.097689,0.081815,0.113378
phi_V100_EHIGH_z1.5_p0.5_s1,1,pop_global,0.158371,0.141039,0.178511
phi_V100_EHIGH_z1.5_p0.5_s1,1,recency_pop_0.1,0.052078,0.041074,0.064924
phi_V100_EHIGH_z1.5_p0.5_s1,1,recency_pop_0.5,0.052164,0.041089,0.064781
phi_V100_EHIGH_z1.5_p0.5_s1,1,recency_pop_1.0,0.050557,0.040287,0.061559
phi_V100_EHIGH_z1.5_p0.5_s1,1,pop_category,0.126543,0.108950,0.144245
phi_V100_EHIGH_z1.5_p0.5_s1,1,pop_price,0.159114,0.141463,0.177731
phi_V100_EHIGH_z1.5_p0.5_s1,1,content_knn_1,0.032528,0.024192,0.041392
phi_V100_EHIGH_z1.5_p0.5_s1,1,content_knn_3,0.039383,0.029259,0.050447
phi_V100_EHIGH_z1.5_p0.5_s1,1,content_knn_5,0.041038,0.031173,0.051357
phi_V100_EHIGH_z1.5_p0.5_s1,1,last_item_nbhd,0.035764,0.026950,0.045286
phi_V100_EHIGH_z1.5_p0.5_s1,1,pop_scaled_content,0.105579,0.090661,0.120600
phi_V100_EHIGH_z1.5_p0.5_s1,1,co_purchase,0.021451,0.015156,0.029214
phi_V100_EHIGH_z1.5_p0.5_s1,1,lambda_hybrid_0.25,0.154115,0.135666,0.173420
phi_V100_EHIGH_z1.5_p0.5_s1,1,lambda_hybrid_0.5,0.134290,0.118181,0.151402
phi_V100_EHIGH_z1.5_p0.5_s1,1,lambda_hybrid_0.75,0.072071,0.059540,0.087349
phi_V100_EHIGH_z1.5_p0.5_s1,2,pop_global,0.152477,0.134001,0.171350
phi_V100_EHIGH_z1.5_p0.5_s1,2,recency_pop_0.1,0.070617,0.058786,0.084356
phi_V100_EHIGH_z1.5_p0.5_s1,2,recency_pop_0.5,0.077357,0.063983,0.092384
phi_V100_EHIGH_z1.5_p0.5_s1,2,recency_pop_1.0,0.072312,0.058695,0.086184
phi_V100_EHIGH_z1.5_p0.5_s1,2,pop_category,0.110185,0.094555,0.125231
phi_V100_EHIGH_z1.5_p0.5_s1,2,pop_price,0.138713,0.121483,0.158299
phi_V100_EHIGH_z1.5_p0.5_s1,2,content_knn_1,0.025020,0.017278,0.033003
phi_V100_EHIGH_z1.5_p0.5_s1,2,content_knn_3,0.024201,0.016132,0.032026
phi_V100_EHIGH_z1.5_p0.5_s1,2,content_knn_5,0.030001,0.021172,0.040105
phi_V100_EHIGH_z1.5_p0.5_s1,2,last_item_nbhd,0.026470,0.018459,0.035226
phi_V100_EHIGH_z1.5_p0.5_s1,2,pop_scaled_content,0.132984,0.115865,0.149482
phi_V100_EHIGH_z1.5_p0.5_s1,2,co_purchase,0.011600,0.006588,0.017014
phi_V100_EHIGH_z1.5_p0.5_s1,2,lambda_hybrid_0.25,0.149273,0.132718,0.166839
phi_V100_EHIGH_z1.5_p0.5_s1,2,lambda_hybrid_0.5,0.143388,0.125867,0.162103
phi_V100_EHIGH_z1.5_p0.5_s1,2,lambda_hybrid_0.75,0.083788,0.069473,0.098933
phi_V100_EHIGH_z1.5_p0.5_s1,3,pop_global,0.149984,0.131213,0.169177
phi_V100_EHIGH_z1.5_p0.5_s1,3,recency_pop_0.1,0.089607,0.074611,0.104401
phi_V100_EHIGH_z1.5_p0.5_s1,3,recency_pop_0.5,0.090115,0.076547,0.105421
phi_V100_EHIGH_z1.5_p0.5_s1,3,recency_pop_1.0,0.081640,0.068778,0.097755
phi_V100_EHIGH_z1.5_p0.5_s1,3,pop_category,0.132581,0.114212,0.149198
phi_V100_EHIGH_z1.5_p0.5_s1,3,pop_price,0.146514,0.129986,0.164154
phi_V100_EHIGH_z1.5_p0.5_s1,3,content_knn_1,0.027269,0.019026,0.034803
phi_V100_EHIGH_z1.5_p0.5_s1,3,content_knn_3,0.021381,0.013927,0.028779
phi_V100_EHIGH_z1.5_p0.5_s1,3,content_knn_5,0.022169,0.015430,0.029240
phi_V100_EHIGH_z1.5_p0.5_s1,3,last_item_nbhd,0.031469,0.022832,0.041015
phi_V100_EHIGH_z1.5_p0.5_s1,3,pop_scaled_content,0.126403,0.110353,0.142629
phi_V100_EHIGH_z1.5_p0.5_s1,3,co_purchase,0.011599,0.007014,0.017133
phi_V100_EHIGH_z1.5_p0.5_s1,3,lambda_hybrid_0.25,0.148748,0.131174,0.166287
phi_V100_EHIGH_z1.5_p0.5_s1,3,lambda_hybrid_0.5,0.132127,0.113673,0.149795
phi_V100_EHIGH_z1.5_p0.5_s1,3,lambda_hybrid_0.75,0.081475,0.066930,0.095973
phi_V100_EHIGH_z1.5_p0.5_s1,5,pop_global,0.148431,0.129222,0.167034
phi_V100_EHIGH_z1.5_p0.5_s1,5,recency_pop_0.1,0.127529,0.111241,0.145894
phi_V100_EHIGH_z1.5_p0.5_s1,5,recency_pop_0.5,0.127735,0.110108,0.145305
phi_V100_EHIGH_z1.5_p0.5_s1,5,recency_pop_1.0,0.121805,0.104352,0.140067
phi_V100_EHIGH_z1.5_p0.5_s1,5,pop_category,0.117515,0.101103,0.135589
phi_V100_EHIGH_z1.5_p0.5_s1,5,pop_price,0.142038,0.123470,0.161478
phi_V100_EHIGH_z1.5_p0.5_s1,5,content_knn_1,0.036750,0.026855,0.047005
phi_V100_EHIGH_z1.5_p0.5_s1,5,content_knn_3,0.028373,0.020199,0.037377
phi_V100_EHIGH_z1.5_p0.5_s1,5,content_knn_5,0.022768,0.015639,0.030553
phi_V100_EHIGH_z1.5_p0.5_s1,5,last_item_nbhd,0.030463,0.022140,0.039457
phi_V100_EHIGH_z1.5_p0.5_s1,5,pop_scaled_content,0.128685,0.111712,0.146330
phi_V100_EHIGH_z1.5_p0.5_s1,5,co_purchase,0.012407,0.006900,0.019151
phi_V100_EHIGH_z1.5_p0.5_s1,5,lambda_hybrid_0.25,0.143843,0.125285,0.163969
phi_V100_EHIGH_z1.5_p0.5_s1,5,lambda_hybrid_0.5,0.133651,0.116281,0.151548
phi_V100_EHIGH_z1.5_p0.5_s1,5,lambda_hybrid_0.75,0.080801,0.066034,0.095466
phi_V100_EHIGH_z1.5_p0.5_s1,8,pop_global,0.136497,0.116964,0.157723
phi_V100_EHIGH_z1.5_p0.5_s1,8,recency_pop_0.1,0.160219,0.138807,0.181605
phi_V100_EHIGH_z1.5_p0.5_s1,8,recency_pop_0.5,0.137354,0.117894,0.158771
phi_V100_EHIGH_z1.5_p0.5_s1,8,recency_pop_1.0,0.130827,0.111225,0.148792
phi_V100_EHIGH_z1.5_p0.5_s1,8,pop_category,0.120967,0.102245,0.139456
phi_V100_EHIGH_z1.5_p0.5_s1,8,pop_price,0.133613,0.112470,0.153713
phi_V100_EHIGH_z1.5_p0.5_s1,8,content_knn_1,0.035408,0.023259,0.048157
phi_V100_EHIGH_z1.5_p0.5_s1,8,content_knn_3,0.032408,0.021768,0.044228
phi_V100_EHIGH_z1.5_p0.5_s1,8,content_knn_5,0.031628,0.021975,0.042373
phi_V100_EHIGH_z1.5_p0.5_s1,8,last_item_nbhd,0.039876,0.028165,0.053139
phi_V100_EHIGH_z1.5_p0.5_s1,8,pop_scaled_content,0.118952,0.101083,0.139440
phi_V100_EHIGH_z1.5_p0.5_s1,8,co_purchase,0.004904,0.001293,0.009481
phi_V100_EHIGH_z1.5_p0.5_s1,8,lambda_hybrid_0.25,0.138739,0.118054,0.158044
phi_V100_EHIGH_z1.5_p0.5_s1,8,lambda_hybrid_0.5,0.115883,0.096852,0.134138
phi_V100_EHIGH_z1.5_p0.5_s1,8,lambda_hybrid_0.75,0.084487,0.067951,0.101884
phi_V100_EHIGH_z1.5_p0.5_s2,0,pop_global,0.117550,0.101459,0.134426
phi_V100_EHIGH_z1.5_p0.5_s2,0,recency_pop_0.1,0.035644,0.026074,0.045936
phi_V100_EHIGH_z1.5_p0.5_s2,0,recency_pop_0.5,0.035519,0.025576,0.045770
phi_V100_EHIGH_z1.5_p0.5_s2,0,recency_pop_1.0,0.036293,0.026347,0.045971
phi_V100_EHIGH_z1.5_p0.5_s2,0,pop_category,0.128368,0.109842,0.146410
phi_V100_EHIGH_z1.5_p0.5_s2,0,pop_price,0.140777,0.122444,0.158928
phi_V100_EHIGH_z1.5_p0.5_s2,0,lambda_hybrid_0.25,0.117550,0.100712,0.134565
phi_V100_EHIGH_z1.5_p0.5_s2,0,lambda_hybrid_0.5,0.117550,0.101144,0.136120
phi_V100_EHIGH_z1.5_p0.5_s2,0,lambda_hybrid_0.75,0.117550,0.100796,0.136080
phi_V100_EHIGH_z1.5_p0.5_s2,0,active_elic2,0.128368,0.110888,0.146165
phi_V100_EHIGH_z1.5_p0.5_s2,1,pop_global,0.115526,0.098606,0.132452
phi_V100_EHIGH_z1.5_p0.5_s2,1,recency_pop_0.1,0.045592,0.035245,0.056222
phi_V100_EHIGH_z1.5_p0.5_s2,1,recency_pop_0.5,0.043934,0.033162,0.055271
phi_V100_EHIGH_z1.5_p0.5_s2,1,recency_pop_1.0,0.045504,0.035077,0.056106
phi_V100_EHIGH_z1.5_p0.5_s2,1,pop_category,0.128312,0.110516,0.145928
phi_V100_EHIGH_z1.5_p0.5_s2,1,pop_price,0.129037,0.112841,0.145699
phi_V100_EHIGH_z1.5_p0.5_s2,1,content_knn_1,0.037774,0.027432,0.047458
phi_V100_EHIGH_z1.5_p0.5_s2,1,content_knn_3,0.036683,0.027466,0.047138
phi_V100_EHIGH_z1.5_p0.5_s2,1,content_knn_5,0.036528,0.027627,0.045878
phi_V100_EHIGH_z1.5_p0.5_s2,1,last_item_nbhd,0.041390,0.031625,0.050656
phi_V100_EHIGH_z1.5_p0.5_s2,1,pop_scaled_content,0.100467,0.086733,0.115163
phi_V100_EHIGH_z1.5_p0.5_s2,1,co_purchase,0.020004,0.013044,0.027223
phi_V100_EHIGH_z1.5_p0.5_s2,1,lambda_hybrid_0.25,0.119144,0.103358,0.135290
phi_V100_EHIGH_z1.5_p0.5_s2,1,lambda_hybrid_0.5,0.107291,0.091915,0.124728
phi_V100_EHIGH_z1.5_p0.5_s2,1,lambda_hybrid_0.75,0.064084,0.051019,0.077826
phi_V100_EHIGH_z1.5_p0.5_s2,2,pop_global,0.154607,0.135460,0.173677
phi_V100_EHIGH_z1.5_p0.5_s2,2,recency_pop_0.1,0.069211,0.055824,0.082993
phi_V100_EHIGH_z1.5_p0.5_s2,2,recency_pop_0.5,0.074473,0.060908,0.087797
phi_V100_EHIGH_z1.5_p0.5_s2,2,recency_pop_1.0,0.077818,0.064304,0.092886
phi_V100_EHIGH_z1.5_p0.5_s2,2,pop_category,0.149202,0.130711,0.169796
phi_V100_EHIGH_z1.5_p0.5_s2,2,pop_price,0.165201,0.145877,0.183742
phi_V100_EHIGH_z1.5_p0.5_s2,2,content_knn_1,0.029501,0.022026,0.038316
phi_V100_EHIGH_z1.5_p0.5_s2,2,content_knn_3,0.029847,0.022018,0.038303
phi_V100_EHIGH_z1.5_p0.5_s2,2,content_knn_5,0.028498,0.020714,0.037169
phi_V100_EHIGH_z1.5_p0.5_s2,2,last_item_nbhd,0.031514,0.023783,0.040937
phi_V100_EHIGH_z1.5_p0.5_s2,2,pop_scaled_content,0.140182,0.122900,0.157865
phi_V100_EHIGH_z1.5_p0.5_s2,2,co_purchase,0.013004,0.008041,0.018759
phi_V100_EHIGH_z1.5_p0.5_s2,2,lambda_hybrid_0.25,0.158000,0.138898,0.178681
phi_V100_EHIGH_z1.5_p0.5_s2,2,lambda_hybrid_0.5,0.145977,0.128109,0.166354
phi_V100_EHIGH_z1.5_p0.5_s2,2,lambda_hybrid_0.75,0.075588,0.061708,0.089972
phi_V100_EHIGH_z1.5_p0.5_s2,3,pop_global,0.175746,0.154552,0.196737
phi_V100_EHIGH_z1.5_p0.5_s2,3,recency_pop_0.1,0.091952,0.076159,0.108281
phi_V100_EHIGH_z1.5_p0.5_s2,3,recency_pop_0.5,0.096474,0.079787,0.112689
phi_V100_EHIGH_z1.5_p0.5_s2,3,recency_pop_1.0,0.099293,0.083855,0.115879
phi_V100_EHIGH_z1.5_p0.5_s2,3,pop_category,0.144982,0.127161,0.163098
phi_V100_EHIGH_z1.5_p0.5_s2,3,pop_price,0.171040,0.150014,0.190925
phi_V100_EHIGH_z1.5_p0.5_s2,3,content_knn_1,0.032416,0.024008,0.041255
phi_V100_EHIGH_z1.5_p0.5_s2,3,content_knn_3,0.030272,0.021709,0.039752
phi_V100_EHIGH_z1.5_p0.5_s2,3,content_knn_5,0.032665,0.022992,0.041819
phi_V100_EHIGH_z1.5_p0.5_s2,3,last_item_nbhd,0.029116,0.021386,0.038061
phi_V100_EHIGH_z1.5_p0.5_s2,3,pop_scaled_content,0.150773,0.131669,0.170483
phi_V100_EHIGH_z1.5_p0.5_s2,3,co_purchase,0.008062,0.003837,0.012519
phi_V100_EHIGH_z1.5_p0.5_s2,3,lambda_hybrid_0.25,0.172791,0.152531,0.193300
phi_V100_EHIGH_z1.5_p0.5_s2,3,lambda_hybrid_0.5,0.157783,0.138115,0.178545
phi_V100_EHIGH_z1.5_p0.5_s2,3,lambda_hybrid_0.75,0.082309,0.066898,0.098640
phi_V100_EHIGH_z1.5_p0.5_s2,5,pop_global,0.212513,0.190573,0.234847
phi_V100_EHIGH_z1.5_p0.5_s2,5,recency_pop_0.1,0.152389,0.133443,0.171794
phi_V100_EHIGH_z1.5_p0.5_s2,5,recency_pop_0.5,0.161847,0.143001,0.183885
phi_V100_EHIGH_z1.5_p0.5_s2,5,recency_pop_1.0,0.162180,0.141010,0.182883
phi_V100_EHIGH_z1.5_p0.5_s2,5,pop_category,0.146388,0.125571,0.166692
phi_V100_EHIGH_z1.5_p0.5_s2,5,pop_price,0.191672,0.169977,0.214164
phi_V100_EHIGH_z1.5_p0.5_s2,5,content_knn_1,0.026784,0.018775,0.035422
phi_V100_EHIGH_z1.5_p0.5_s2,5,content_knn_3,0.026683,0.018448,0.035487
phi_V100_EHIGH_z1.5_p0.5_s2,5,content_knn_5,0.026906,0.017779,0.035443
phi_V100_EHIGH_z1.5_p0.5_s2,5,last_item_nbhd,0.029095,0.020671,0.039426
phi_V100_EHIGH_z1.5_p0.5_s2,5,pop_scaled_content,0.180276,0.159771,0.201243
phi_V100_EHIGH_z1.5_p0.5_s2,5,co_purchase,0.006140,0.002411,0.010487
phi_V100_EHIGH_z1.5_p0.5_s2,5,lambda_hybrid_0.25,0.205068,0.184141,0.225824
phi_V100_EHIGH_z1.5_p0.5_s2,5,lambda_hybrid_0.5,0.176616,0.154720,0.196718
phi_V100_EHIGH_z1.5_p0.5_s2,5,lambda_hybrid_0.75,0.092875,0.075668,0.110069
phi_V100_EHIGH_z1.5_p0.5_s2,8,pop_global,0.221372,0.195516,0.249586
phi_V100_EHIGH_z1.5_p0.5_s2,8,recency_pop_0.1,0.232986,0.204246,0.260994
phi_V100_EHIGH_z1.5_p0.5_s2,8,recency_pop_0.5,0.208694,0.182062,0.235281
phi_V100_EHIGH_z1.5_p0.5_s2,8,recency_pop_1.0,0.203466,0.176417,0.231569
phi_V100_EHIGH_z1.5_p0.5_s2,8,pop_category,0.118179,0.096944,0.138116
phi_V100_EHIGH_z1.5_p0.5_s2,8,pop_price,0.205226,0.180227,0.231993
phi_V100_EHIGH_z1.5_p0.5_s2,8,content_knn_1,0.014471,0.007847,0.022932
phi_V100_EHIGH_z1.5_p0.5_s2,8,content_knn_3,0.017866,0.010312,0.025795
phi_V100_EHIGH_z1.5_p0.5_s2,8,content_knn_5,0.015939,0.008441,0.024452
phi_V100_EHIGH_z1.5_p0.5_s2,8,last_item_nbhd,0.015025,0.008476,0.022987
phi_V100_EHIGH_z1.5_p0.5_s2,8,pop_scaled_content,0.155211,0.132578,0.178974
phi_V100_EHIGH_z1.5_p0.5_s2,8,co_purchase,0.002795,0.000000,0.006883
phi_V100_EHIGH_z1.5_p0.5_s2,8,lambda_hybrid_0.25,0.219178,0.192027,0.246535
phi_V100_EHIGH_z1.5_p0.5_s2,8,lambda_hybrid_0.5,0.148619,0.127323,0.170560
phi_V100_EHIGH_z1.5_p0.5_s2,8,lambda_hybrid_0.75,0.058380,0.043865,0.075591
phi_V100_EHIGH_z1.5_p0_s0,0,pop_global,0.165498,0.147101,0.183460
phi_V100_EHIGH_z1.5_p0_s0,0,recency_pop_0.1,0.048525,0.037464,0.060529
phi_V100_EHIGH_z1.5_p0_s0,0,recency_pop_0.5,0.050300,0.038500,0.062866
phi_V100_EHIGH_z1.5_p0_s0,0,recency_pop_1.0,0.052620,0.040930,0.065290
phi_V100_EHIGH_z1.5_p0_s0,0,pop_category,0.154279,0.135185,0.173806
phi_V100_EHIGH_z1.5_p0_s0,0,pop_price,0.159017,0.140320,0.179570
phi_V100_EHIGH_z1.5_p0_s0,0,lambda_hybrid_0.25,0.165498,0.147834,0.185685
phi_V100_EHIGH_z1.5_p0_s0,0,lambda_hybrid_0.5,0.165498,0.146347,0.184682
phi_V100_EHIGH_z1.5_p0_s0,0,lambda_hybrid_0.75,0.165498,0.145583,0.184477
phi_V100_EHIGH_z1.5_p0_s0,0,active_elic2,0.154279,0.135918,0.174418
phi_V100_EHIGH_z1.5_p0_s0,1,pop_global,0.165430,0.145769,0.184962
phi_V100_EHIGH_z1.5_p0_s0,1,recency_pop_0.1,0.060350,0.047441,0.073509
phi_V100_EHIGH_z1.5_p0_s0,1,recency_pop_0.5,0.062199,0.049511,0.074237
phi_V100_EHIGH_z1.5_p0_s0,1,recency_pop_1.0,0.062155,0.049794,0.075382
phi_V100_EHIGH_z1.5_p0_s0,1,pop_category,0.154890,0.137252,0.175071
phi_V100_EHIGH_z1.5_p0_s0,1,pop_price,0.158850,0.139382,0.178690
phi_V100_EHIGH_z1.5_p0_s0,1,content_knn_1,0.032516,0.024307,0.041258
phi_V100_EHIGH_z1.5_p0_s0,1,content_knn_3,0.033636,0.025048,0.042693
phi_V100_EHIGH_z1.5_p0_s0,1,content_knn_5,0.031532,0.022838,0.040622
phi_V100_EHIGH_z1.5_p0_s0,1,last_item_nbhd,0.029630,0.021435,0.038069
phi_V100_EHIGH_z1.5_p0_s0,1,pop_scaled_content,0.141575,0.123486,0.160160
phi_V100_EHIGH_z1.5_p0_s0,1,co_purchase,0.019544,0.013327,0.026458
phi_V100_EHIGH_z1.5_p0_s0,1,lambda_hybrid_0.25,0.150478,0.130185,0.169452
phi_V100_EHIGH_z1.5_p0_s0,1,lambda_hybrid_0.5,0.142807,0.124937,0.162273
phi_V100_EHIGH_z1.5_p0_s0,1,lambda_hybrid_0.75,0.070187,0.057617,0.083916
phi_V100_EHIGH_z1.5_p0_s0,2,pop_global,0.168641,0.149031,0.188860
phi_V100_EHIGH_z1.5_p0_s0,2,recency_pop_0.1,0.066875,0.054050,0.081475
phi_V100_EHIGH_z1.5_p0_s0,2,recency_pop_0.5,0.076985,0.062969,0.092130
phi_V100_EHIGH_z1.5_p0_s0,2,recency_pop_1.0,0.076496,0.062338,0.089571
phi_V100_EHIGH_z1.5_p0_s0,2,pop_category,0.162356,0.142675,0.183944
phi_V100_EHIGH_z1.5_p0_s0,2,pop_price,0.162487,0.144166,0.182757
phi_V100_EHIGH_z1.5_p0_s0,2,content_knn_1,0.035606,0.025682,0.045897
phi_V100_EHIGH_z1.5_p0_s0,2,content_knn_3,0.034293,0.026107,0.043009
phi_V100_EHIGH_z1.5_p0_s0,2,content_knn_5,0.036143,0.026880,0.045052
phi_V100_EHIGH_z1.5_p0_s0,2,last_item_nbhd,0.038109,0.028973,0.047687
phi_V100_EHIGH_z1.5_p0_s0,2,pop_scaled_content,0.159004,0.140257,0.179806
phi_V100_EHIGH_z1.5_p0_s0,2,co_purchase,0.006427,0.003021,0.010513
phi_V100_EHIGH_z1.5_p0_s0,2,lambda_hybrid_0.25,0.167925,0.147745,0.189334
phi_V100_EHIGH_z1.5_p0_s0,2,lambda_hybrid_0.5,0.152266,0.132281,0.170806
phi_V100_EHIGH_z1.5_p0_s0,2,lambda_hybrid_0.75,0.098710,0.083502,0.113358
phi_V100_EHIGH_z1.5_p0_s0,3,pop_global,0.177014,0.155668,0.198128
phi_V100_EHIGH_z1.5_p0_s0,3,recency_pop_0.1,0.097570,0.081780,0.111839
phi_V100_EHIGH_z1.5_p0_s0,3,recency_pop_0.5,0.117505,0.100415,0.133325
phi_V100_EHIGH_z1.5_p0_s0,3,recency_pop_1.0,0.117879,0.099284,0.136402
phi_V100_EHIGH_z1.5_p0_s0,3,pop_category,0.175835,0.154393,0.197665
phi_V100_EHIGH_z1.5_p0_s0,3,pop_price,0.176075,0.156126,0.198787
phi_V100_EHIGH_z1.5_p0_s0,3,content_knn_1,0.040779,0.030990,0.051702
phi_V100_EHIGH_z1.5_p0_s0,3,content_knn_3,0.037123,0.027920,0.047680
phi_V100_EHIGH_z1.5_p0_s0,3,content_knn_5,0.039328,0.029432,0.048873
phi_V100_EHIGH_z1.5_p0_s0,3,last_item_nbhd,0.048004,0.037124,0.059170
phi_V100_EHIGH_z1.5_p0_s0,3,pop_scaled_content,0.166415,0.146235,0.186150
phi_V100_EHIGH_z1.5_p0_s0,3,co_purchase,0.008602,0.004103,0.013855
phi_V100_EHIGH_z1.5_p0_s0,3,lambda_hybrid_0.25,0.175332,0.154266,0.196648
phi_V100_EHIGH_z1.5_p0_s0,3,lambda_hybrid_0.5,0.166507,0.144505,0.188186
phi_V100_EHIGH_z1.5_p0_s0,3,lambda_hybrid_0.75,0.117425,0.099506,0.136064
phi_V100_EHIGH_z1.5_p0_s0,5,pop_global,0.185453,0.162660,0.207697
phi_V100_EHIGH_z1.5_p0_s0,5,recency_pop_0.1,0.171652,0.151437,0.194026
phi_V100_EHIGH_z1.5_p0_s0,5,recency_pop_0.5,0.182773,0.160356,0.205097
phi_V100_EHIGH_z1.5_p0_s0,5,recency_pop_1.0,0.180041,0.159028,0.201369
phi_V100_EHIGH_z1.5_p0_s0,5,pop_category,0.186372,0.164649,0.208198
phi_V100_EHIGH_z1.5_p0_s0,5,pop_price,0.182080,0.159418,0.205153
phi_V100_EHIGH_z1.5_p0_s0,5,content_knn_1,0.031538,0.023017,0.041120
phi_V100_EHIGH_z1.5_p0_s0,5,content_knn_3,0.033667,0.024286,0.043499
phi_V100_EHIGH_z1.5_p0_s0,5,content_knn_5,0.038998,0.029824,0.049774
phi_V100_EHIGH_z1.5_p0_s0,5,last_item_nbhd,0.035244,0.025944,0.045203
phi_V100_EHIGH_z1.5_p0_s0,5,pop_scaled_content,0.174904,0.152080,0.195922
phi_V100_EHIGH_z1.5_p0_s0,5,co_purchase,0.009107,0.004689,0.014508
phi_V100_EHIGH_z1.5_p0_s0,5,lambda_hybrid_0.25,0.178562,0.157684,0.201069
phi_V100_EHIGH_z1.5_p0_s0,5,lambda_hybrid_0.5,0.171293,0.150364,0.194006
phi_V100_EHIGH_z1.5_p0_s0,5,lambda_hybrid_0.75,0.125633,0.107527,0.145625
phi_V100_EHIGH_z1.5_p0_s0,8,pop_global,0.147983,0.123329,0.171312
phi_V100_EHIGH_z1.5_p0_s0,8,recency_pop_0.1,0.161954,0.137875,0.186206
phi_V100_EHIGH_z1.5_p0_s0,8,recency_pop_0.5,0.153776,0.130715,0.181067
phi_V100_EHIGH_z1.5_p0_s0,8,recency_pop_1.0,0.151610,0.128735,0.177892
phi_V100_EHIGH_z1.5_p0_s0,8,pop_category,0.153454,0.129694,0.179050
phi_V100_EHIGH_z1.5_p0_s0,8,pop_price,0.158713,0.132824,0.183476
phi_V100_EHIGH_z1.5_p0_s0,8,content_knn_1,0.030325,0.021389,0.040642
phi_V100_EHIGH_z1.5_p0_s0,8,content_knn_3,0.037105,0.025778,0.048775
phi_V100_EHIGH_z1.5_p0_s0,8,content_knn_5,0.038335,0.026624,0.051035
phi_V100_EHIGH_z1.5_p0_s0,8,last_item_nbhd,0.029885,0.019773,0.041971
phi_V100_EHIGH_z1.5_p0_s0,8,pop_scaled_content,0.146711,0.124199,0.171861
phi_V100_EHIGH_z1.5_p0_s0,8,co_purchase,0.003775,0.000750,0.008303
phi_V100_EHIGH_z1.5_p0_s0,8,lambda_hybrid_0.25,0.147331,0.122846,0.173640
phi_V100_EHIGH_z1.5_p0_s0,8,lambda_hybrid_0.5,0.140273,0.117512,0.166112
phi_V100_EHIGH_z1.5_p0_s0,8,lambda_hybrid_0.75,0.118340,0.095735,0.141886
phi_V100_EHIGH_z1.5_p0_s1,0,pop_global,0.135564,0.117165,0.155687
phi_V100_EHIGH_z1.5_p0_s1,0,recency_pop_0.1,0.052473,0.041384,0.063581
phi_V100_EHIGH_z1.5_p0_s1,0,recency_pop_0.5,0.055696,0.043922,0.067218
phi_V100_EHIGH_z1.5_p0_s1,0,recency_pop_1.0,0.056667,0.045938,0.068799
phi_V100_EHIGH_z1.5_p0_s1,0,pop_category,0.099034,0.083452,0.114750
phi_V100_EHIGH_z1.5_p0_s1,0,pop_price,0.134637,0.115909,0.153472
phi_V100_EHIGH_z1.5_p0_s1,0,lambda_hybrid_0.25,0.135564,0.117736,0.154093
phi_V100_EHIGH_z1.5_p0_s1,0,lambda_hybrid_0.5,0.135564,0.118543,0.154024
phi_V100_EHIGH_z1.5_p0_s1,0,lambda_hybrid_0.75,0.135564,0.117397,0.154147
phi_V100_EHIGH_z1.5_p0_s1,0,active_elic2,0.099034,0.083122,0.115135
phi_V100_EHIGH_z1.5_p0_s1,1,pop_global,0.155371,0.136285,0.175029
phi_V100_EHIGH_z1.5_p0_s1,1,recency_pop_0.1,0.055309,0.044240,0.067581
phi_V100_EHIGH_z1.5_p0_s1,1,recency_pop_0.5,0.055517,0.043838,0.067242
phi_V100_EHIGH_z1.5_p0_s1,1,recency_pop_1.0,0.058462,0.046531,0.070354
phi_V100_EHIGH_z1.5_p0_s1,1,pop_category,0.132650,0.113776,0.151450
phi_V100_EHIGH_z1.5_p0_s1,1,pop_price,0.156742,0.138555,0.174404
phi_V100_EHIGH_z1.5_p0_s1,1,content_knn_1,0.034565,0.025201,0.044624
phi_V100_EHIGH_z1.5_p0_s1,1,content_knn_3,0.032751,0.024003,0.042567
phi_V100_EHIGH_z1.5_p0_s1,1,content_knn_5,0.036209,0.026316,0.046277
phi_V100_EHIGH_z1.5_p0_s1,1,last_item_nbhd,0.034974,0.025658,0.044776
phi_V100_EHIGH_z1.5_p0_s1,1,pop_scaled_content,0.119257,0.102934,0.135889
phi_V100_EHIGH_z1.5_p0_s1,1,co_purchase,0.014278,0.009038,0.019751
phi_V100_EHIGH_z1.5_p0_s1,1,lambda_hybrid_0.25,0.154563,0.136480,0.172599
phi_V100_EHIGH_z1.5_p0_s1,1,lambda_hybrid_0.5,0.144026,0.126359,0.161549
phi_V100_EHIGH_z1.5_p0_s1,1,lambda_hybrid_0.75,0.074499,0.062106,0.089097
phi_V100_EHIGH_z1.5_p0_s1,2,pop_global,0.151085,0.132490,0.169752
phi_V100_EHIGH_z1.5_p0_s1,2,recency_pop_0.1,0.074725,0.061164,0.087940
phi_V100_EHIGH_z1.5_p0_s1,2,recency_pop_0.5,0.079466,0.065899,0.094486
phi_V100_EHIGH_z1.5_p0_s1,2,recency_pop_1.0,0.079167,0.065854,0.093436
phi_V100_EHIGH_z1.5_p0_s1,2,pop_category,0.120394,0.104021,0.137096
phi_V100_EHIGH_z1.5_p0_s1,2,pop_price,0.141347,0.121930,0.161115
phi_V100_EHIGH_z1.5_p0_s1,2,content_knn_1,0.028072,0.019861,0.037145
phi_V100_EHIGH_z1.5_p0_s1,2,content_knn_3,0.025679,0.018296,0.034633
phi_V100_EHIGH_z1.5_p0_s1,2,content_knn_5,0.020213,0.013112,0.027670
phi_V100_EHIGH_z1.5_p0_s1,2,last_item_nbhd,0.025631,0.018357,0.033802
phi_V100_EHIGH_z1.5_p0_s1,2,pop_scaled_content,0.127530,0.111380,0.144232
phi_V100_EHIGH_z1.5_p0_s1,2,co_purchase,0.016617,0.011563,0.022206
phi_V100_EHIGH_z1.5_p0_s1,2,lambda_hybrid_0.25,0.145741,0.127080,0.163920
phi_V100_EHIGH_z1.5_p0_s1,2,lambda_hybrid_0.5,0.144616,0.127356,0.163576
phi_V100_EHIGH_z1.5_p0_s1,2,lambda_hybrid_0.75,0.086247,0.071721,0.101791
phi_V100_EHIGH_z1.5_p0_s1,3,pop_global,0.158525,0.140387,0.177332
phi_V100_EHIGH_z1.5_p0_s1,3,recency_pop_0.1,0.098743,0.083697,0.115087
phi_V100_EHIGH_z1.5_p0_s1,3,recency_pop_0.5,0.101559,0.085511,0.118163
phi_V100_EHIGH_z1.5_p0_s1,3,recency_pop_1.0,0.101237,0.086680,0.118455
phi_V100_EHIGH_z1.5_p0_s1,3,pop_category,0.137136,0.120059,0.156552
phi_V100_EHIGH_z1.5_p0_s1,3,pop_price,0.152115,0.135515,0.171106
phi_V100_EHIGH_z1.5_p0_s1,3,content_knn_1,0.024327,0.016174,0.032857
phi_V100_EHIGH_z1.5_p0_s1,3,content_knn_3,0.022926,0.015192,0.030926
phi_V100_EHIGH_z1.5_p0_s1,3,content_knn_5,0.019387,0.012636,0.026150
phi_V100_EHIGH_z1.5_p0_s1,3,last_item_nbhd,0.020312,0.014108,0.027763
phi_V100_EHIGH_z1.5_p0_s1,3,pop_scaled_content,0.131351,0.114376,0.150697
phi_V100_EHIGH_z1.5_p0_s1,3,co_purchase,0.009123,0.004637,0.014226
phi_V100_EHIGH_z1.5_p0_s1,3,lambda_hybrid_0.25,0.155612,0.136321,0.172876
phi_V100_EHIGH_z1.5_p0_s1,3,lambda_hybrid_0.5,0.142255,0.124308,0.160872
phi_V100_EHIGH_z1.5_p0_s1,3,lambda_hybrid_0.75,0.074763,0.061045,0.088496
phi_V100_EHIGH_z1.5_p0_s1,5,pop_global,0.156400,0.138271,0.173974
phi_V100_EHIGH_z1.5_p0_s1,5,recency_pop_0.1,0.137614,0.120563,0.156326
phi_V100_EHIGH_z1.5_p0_s1,5,recency_pop_0.5,0.138571,0.120518,0.157209
phi_V100_EHIGH_z1.5_p0_s1,5,recency_pop_1.0,0.134317,0.115978,0.152374
phi_V100_EHIGH_z1.5_p0_s1,5,pop_category,0.127188,0.110218,0.145747
phi_V100_EHIGH_z1.5_p0_s1,5,pop_price,0.150506,0.133879,0.170057
phi_V100_EHIGH_z1.5_p0_s1,5,content_knn_1,0.024625,0.017189,0.032967
phi_V100_EHIGH_z1.5_p0_s1,5,content_knn_3,0.021836,0.014679,0.029225
phi_V100_EHIGH_z1.5_p0_s1,5,content_knn_5,0.017745,0.011353,0.024686
phi_V100_EHIGH_z1.5_p0_s1,5,last_item_nbhd,0.023057,0.016290,0.030482
phi_V100_EHIGH_z1.5_p0_s1,5,pop_scaled_content,0.127040,0.108671,0.143750
phi_V100_EHIGH_z1.5_p0_s1,5,co_purchase,0.005479,0.002205,0.009437
phi_V100_EHIGH_z1.5_p0_s1,5,lambda_hybrid_0.25,0.147199,0.128861,0.165316
phi_V100_EHIGH_z1.5_p0_s1,5,lambda_hybrid_0.5,0.126812,0.108218,0.144871
phi_V100_EHIGH_z1.5_p0_s1,5,lambda_hybrid_0.75,0.075629,0.061280,0.090769
phi_V100_EHIGH_z1.5_p0_s1,8,pop_global,0.149292,0.128416,0.170594
phi_V100_EHIGH_z1.5_p0_s1,8,recency_pop_0.1,0.169714,0.147987,0.193738
phi_V100_EHIGH_z1.5_p0_s1,8,recency_pop_0.5,0.163434,0.141745,0.186235
phi_V100_EHIGH_z1.5_p0_s1,8,recency_pop_1.0,0.146903,0.126835,0.166634
phi_V100_EHIGH_z1.5_p0_s1,8,pop_category,0.134013,0.115226,0.154057
phi_V100_EHIGH_z1.5_p0_s1,8,pop_price,0.148527,0.127098,0.169667
phi_V100_EHIGH_z1.5_p0_s1,8,content_knn_1,0.044739,0.033318,0.058156
phi_V100_EHIGH_z1.5_p0_s1,8,content_knn_3,0.036742,0.025563,0.049456
phi_V100_EHIGH_z1.5_p0_s1,8,content_knn_5,0.032738,0.021444,0.044185
phi_V100_EHIGH_z1.5_p0_s1,8,last_item_nbhd,0.048302,0.035391,0.062257
phi_V100_EHIGH_z1.5_p0_s1,8,pop_scaled_content,0.131163,0.110270,0.152183
phi_V100_EHIGH_z1.5_p0_s1,8,co_purchase,0.002082,0.000000,0.005666
phi_V100_EHIGH_z1.5_p0_s1,8,lambda_hybrid_0.25,0.153303,0.133456,0.172874
phi_V100_EHIGH_z1.5_p0_s1,8,lambda_hybrid_0.5,0.129207,0.110618,0.152328
phi_V100_EHIGH_z1.5_p0_s1,8,lambda_hybrid_0.75,0.090242,0.071401,0.108826
phi_V100_EHIGH_z1.5_p1_s0,0,pop_global,0.168089,0.148978,0.188121
phi_V100_EHIGH_z1.5_p1_s0,0,recency_pop_0.1,0.042755,0.032175,0.053815
phi_V100_EHIGH_z1.5_p1_s0,0,recency_pop_0.5,0.045632,0.033686,0.058217
phi_V100_EHIGH_z1.5_p1_s0,0,recency_pop_1.0,0.046225,0.035556,0.058690
phi_V100_EHIGH_z1.5_p1_s0,0,pop_category,0.161513,0.143577,0.182046
phi_V100_EHIGH_z1.5_p1_s0,0,pop_price,0.160221,0.142108,0.179320
phi_V100_EHIGH_z1.5_p1_s0,0,lambda_hybrid_0.25,0.168089,0.149344,0.187605
phi_V100_EHIGH_z1.5_p1_s0,0,lambda_hybrid_0.5,0.168089,0.148786,0.186701
phi_V100_EHIGH_z1.5_p1_s0,0,lambda_hybrid_0.75,0.168089,0.149252,0.186244
phi_V100_EHIGH_z1.5_p1_s0,0,active_elic2,0.161513,0.142720,0.181904
phi_V100_EHIGH_z1.5_p1_s0,1,pop_global,0.150012,0.132047,0.169276
phi_V100_EHIGH_z1.5_p1_s0,1,recency_pop_0.1,0.055631,0.044103,0.069085
phi_V100_EHIGH_z1.5_p1_s0,1,recency_pop_0.5,0.056931,0.043733,0.069692
phi_V100_EHIGH_z1.5_p1_s0,1,recency_pop_1.0,0.056501,0.044988,0.069238
phi_V100_EHIGH_z1.5_p1_s0,1,pop_category,0.142012,0.123963,0.160663
phi_V100_EHIGH_z1.5_p1_s0,1,pop_price,0.137045,0.119071,0.154427
phi_V100_EHIGH_z1.5_p1_s0,1,content_knn_1,0.042464,0.033034,0.052145
phi_V100_EHIGH_z1.5_p1_s0,1,content_knn_3,0.036510,0.026928,0.046276
phi_V100_EHIGH_z1.5_p1_s0,1,content_knn_5,0.039676,0.030227,0.050174
phi_V100_EHIGH_z1.5_p1_s0,1,last_item_nbhd,0.041690,0.031210,0.052493
phi_V100_EHIGH_z1.5_p1_s0,1,pop_scaled_content,0.134300,0.117362,0.152558
phi_V100_EHIGH_z1.5_p1_s0,1,co_purchase,0.021865,0.015490,0.029870
phi_V100_EHIGH_z1.5_p1_s0,1,lambda_hybrid_0.25,0.143650,0.125182,0.162330
phi_V100_EHIGH_z1.5_p1_s0,1,lambda_hybrid_0.5,0.135662,0.117916,0.154958
phi_V100_EHIGH_z1.5_p1_s0,1,lambda_hybrid_0.75,0.089508,0.074309,0.104349
phi_V100_EHIGH_z1.5_p1_s0,2,pop_global,0.146897,0.128165,0.166424
phi_V100_EHIGH_z1.5_p1_s0,2,recency_pop_0.1,0.061157,0.049486,0.073605
phi_V100_EHIGH_z1.5_p1_s0,2,recency_pop_0.5,0.070623,0.058449,0.084507
phi_V100_EHIGH_z1.5_p1_s0,2,recency_pop_1.0,0.071467,0.058105,0.085401
phi_V100_EHIGH_z1.5_p1_s0,2,pop_category,0.141349,0.123201,0.159379
phi_V100_EHIGH_z1.5_p1_s0,2,pop_price,0.143353,0.123192,0.161490
phi_V100_EHIGH_z1.5_p1_s0,2,content_knn_1,0.044719,0.034483,0.055369
phi_V100_EHIGH_z1.5_p1_s0,2,content_knn_3,0.050047,0.039417,0.061295
phi_V100_EHIGH_z1.5_p1_s0,2,content_knn_5,0.044124,0.034654,0.055192
phi_V100_EHIGH_z1.5_p1_s0,2,last_item_nbhd,0.046392,0.036515,0.056945
phi_V100_EHIGH_z1.5_p1_s0,2,pop_scaled_content,0.146195,0.127319,0.165023
phi_V100_EHIGH_z1.5_p1_s0,2,co_purchase,0.013293,0.007940,0.019560
phi_V100_EHIGH_z1.5_p1_s0,2,lambda_hybrid_0.25,0.148096,0.130182,0.167200
phi_V100_EHIGH_z1.5_p1_s0,2,lambda_hybrid_0.5,0.139013,0.121189,0.158327
phi_V100_EHIGH_z1.5_p1_s0,2,lambda_hybrid_0.75,0.104124,0.087818,0.122220
phi_V100_EHIGH_z1.5_p1_s0,3,pop_global,0.145544,0.127329,0.164356
phi_V100_EHIGH_z1.5_p1_s0,3,recency_pop_0.1,0.079217,0.064958,0.093148
phi_V100_EHIGH_z1.5_p1_s0,3,recency_pop_0.5,0.092096,0.076322,0.108604
phi_V100_EHIGH_z1.5_p1_s0,3,recency_pop_1.0,0.096702,0.081077,0.112532
phi_V100_EHIGH_z1.5_p1_s0,3,pop_category,0.143907,0.125366,0.162811
phi_V100_EHIGH_z1.5_p1_s0,3,pop_price,0.135842,0.117976,0.157117
phi_V100_EHIGH_z1.5_p1_s0,3,content_knn_1,0.042574,0.033024,0.053192
phi_V100_EHIGH_z1.5_p1_s0,3,content_knn_3,0.043802,0.034059,0.054743
phi_V100_EHIGH_z1.5_p1_s0,3,content_knn_5,0.047542,0.036770,0.058606
phi_V100_EHIGH_z1.5_p1_s0,3,last_item_nbhd,0.042748,0.033542,0.053864
phi_V100_EHIGH_z1.5_p1_s0,3,pop_scaled_content,0.138997,0.120377,0.160149
phi_V100_EHIGH_z1.5_p1_s0,3,co_purchase,0.013118,0.007646,0.018545
phi_V100_EHIGH_z1.5_p1_s0,3,lambda_hybrid_0.25,0.138009,0.118755,0.157724
phi_V100_EHIGH_z1.5_p1_s0,3,lambda_hybrid_0.5,0.139280,0.119101,0.159901
phi_V100_EHIGH_z1.5_p1_s0,3,lambda_hybrid_0.75,0.110659,0.094436,0.128796
phi_V100_EHIGH_z1.5_p1_s0,5,pop_global,0.150481,0.131089,0.171914
phi_V100_EHIGH_z1.5_p1_s0,5,recency_pop_0.1,0.127685,0.108690,0.147863
phi_V100_EHIGH_z1.5_p1_s0,5,recency_pop_0.5,0.132131,0.112810,0.152521
phi_V100_EHIGH_z1.5_p1_s0,5,recency_pop_1.0,0.134012,0.116223,0.153661
phi_V100_EHIGH_z1.5_p1_s0,5,pop_category,0.142228,0.121793,0.162156
phi_V100_EHIGH_z1.5_p1_s0,5,pop_price,0.146923,0.127410,0.168254
phi_V100_EHIGH_z1.5_p1_s0,5,content_knn_1,0.039055,0.029692,0.048773
phi_V100_EHIGH_z1.5_p1_s0,5,content_knn_3,0.043895,0.034090,0.055179
phi_V100_EHIGH_z1.5_p1_s0,5,content_knn_5,0.044667,0.033471,0.055882
phi_V100_EHIGH_z1.5_p1_s0,5,last_item_nbhd,0.043076,0.032999,0.054058
phi_V100_EHIGH_z1.5_p1_s0,5,pop_scaled_content,0.146306,0.125275,0.165302
phi_V100_EHIGH_z1.5_p1_s0,5,co_purchase,0.009201,0.004851,0.014115
phi_V100_EHIGH_z1.5_p1_s0,5,lambda_hybrid_0.25,0.147715,0.127975,0.168522
phi_V100_EHIGH_z1.5_p1_s0,5,lambda_hybrid_0.5,0.145751,0.127409,0.165259
phi_V100_EHIGH_z1.5_p1_s0,5,lambda_hybrid_0.75,0.116983,0.100000,0.136463
phi_V100_EHIGH_z1.5_p1_s0,8,pop_global,0.111350,0.088855,0.134537
phi_V100_EHIGH_z1.5_p1_s0,8,recency_pop_0.1,0.120655,0.099198,0.142135
phi_V100_EHIGH_z1.5_p1_s0,8,recency_pop_0.5,0.116255,0.095303,0.136806
phi_V100_EHIGH_z1.5_p1_s0,8,recency_pop_1.0,0.111543,0.091475,0.133978
phi_V100_EHIGH_z1.5_p1_s0,8,pop_category,0.115459,0.094282,0.138105
phi_V100_EHIGH_z1.5_p1_s0,8,pop_price,0.117835,0.097696,0.141406
phi_V100_EHIGH_z1.5_p1_s0,8,content_knn_1,0.033341,0.024380,0.044575
phi_V100_EHIGH_z1.5_p1_s0,8,content_knn_3,0.033492,0.022359,0.045019
phi_V100_EHIGH_z1.5_p1_s0,8,content_knn_5,0.032754,0.021428,0.045435
phi_V100_EHIGH_z1.5_p1_s0,8,last_item_nbhd,0.032901,0.023385,0.043277
phi_V100_EHIGH_z1.5_p1_s0,8,pop_scaled_content,0.106788,0.086646,0.127172
phi_V100_EHIGH_z1.5_p1_s0,8,co_purchase,0.003698,0.000646,0.007185
phi_V100_EHIGH_z1.5_p1_s0,8,lambda_hybrid_0.25,0.113916,0.092083,0.134401
phi_V100_EHIGH_z1.5_p1_s0,8,lambda_hybrid_0.5,0.109439,0.088092,0.132038
phi_V100_EHIGH_z1.5_p1_s0,8,lambda_hybrid_0.75,0.091333,0.073056,0.111075
phi_V100_EHIGH_z1.5_p1_s1,0,pop_global,0.125834,0.110243,0.141210
phi_V100_EHIGH_z1.5_p1_s1,0,recency_pop_0.1,0.045671,0.036355,0.056119
phi_V100_EHIGH_z1.5_p1_s1,0,recency_pop_0.5,0.049514,0.039196,0.060169
phi_V100_EHIGH_z1.5_p1_s1,0,recency_pop_1.0,0.049514,0.038198,0.060600
phi_V100_EHIGH_z1.5_p1_s1,0,pop_category,0.107155,0.091797,0.123148
phi_V100_EHIGH_z1.5_p1_s1,0,pop_price,0.129835,0.113855,0.145682
phi_V100_EHIGH_z1.5_p1_s1,0,lambda_hybrid_0.25,0.125834,0.108843,0.143630
phi_V100_EHIGH_z1.5_p1_s1,0,lambda_hybrid_0.5,0.125834,0.110244,0.141435
phi_V100_EHIGH_z1.5_p1_s1,0,lambda_hybrid_0.75,0.125834,0.108261,0.141723
phi_V100_EHIGH_z1.5_p1_s1,0,active_elic2,0.107155,0.090734,0.123040
phi_V100_EHIGH_z1.5_p1_s1,1,pop_global,0.142503,0.124897,0.157688
phi_V100_EHIGH_z1.5_p1_s1,1,recency_pop_0.1,0.041393,0.031425,0.052059
phi_V100_EHIGH_z1.5_p1_s1,1,recency_pop_0.5,0.042222,0.032596,0.053102
phi_V100_EHIGH_z1.5_p1_s1,1,recency_pop_1.0,0.043521,0.033665,0.053391
phi_V100_EHIGH_z1.5_p1_s1,1,pop_category,0.123160,0.105659,0.139859
phi_V100_EHIGH_z1.5_p1_s1,1,pop_price,0.142854,0.126194,0.158433
phi_V100_EHIGH_z1.5_p1_s1,1,content_knn_1,0.033642,0.024480,0.043834
phi_V100_EHIGH_z1.5_p1_s1,1,content_knn_3,0.042693,0.032247,0.054396
phi_V100_EHIGH_z1.5_p1_s1,1,content_knn_5,0.041126,0.030552,0.051665
phi_V100_EHIGH_z1.5_p1_s1,1,last_item_nbhd,0.038887,0.029707,0.049510
phi_V100_EHIGH_z1.5_p1_s1,1,pop_scaled_content,0.103486,0.088343,0.119256
phi_V100_EHIGH_z1.5_p1_s1,1,co_purchase,0.030439,0.022414,0.039334
phi_V100_EHIGH_z1.5_p1_s1,1,lambda_hybrid_0.25,0.142050,0.125667,0.159777
phi_V100_EHIGH_z1.5_p1_s1,1,lambda_hybrid_0.5,0.124573,0.108155,0.140043
phi_V100_EHIGH_z1.5_p1_s1,1,lambda_hybrid_0.75,0.073795,0.060561,0.088401
phi_V100_EHIGH_z1.5_p1_s1,2,pop_global,0.129097,0.112399,0.146160
phi_V100_EHIGH_z1.5_p1_s1,2,recency_pop_0.1,0.065883,0.053822,0.078198
phi_V100_EHIGH_z1.5_p1_s1,2,recency_pop_0.5,0.069449,0.057326,0.081539
phi_V100_EHIGH_z1.5_p1_s1,2,recency_pop_1.0,0.069817,0.057345,0.083636
phi_V100_EHIGH_z1.5_p1_s1,2,pop_category,0.103877,0.086812,0.120028
phi_V100_EHIGH_z1.5_p1_s1,2,pop_price,0.121198,0.105359,0.136708
phi_V100_EHIGH_z1.5_p1_s1,2,content_knn_1,0.030530,0.021917,0.039928
phi_V100_EHIGH_z1.5_p1_s1,2,content_knn_3,0.027854,0.020123,0.036857
phi_V100_EHIGH_z1.5_p1_s1,2,content_knn_5,0.025675,0.017681,0.034266
phi_V100_EHIGH_z1.5_p1_s1,2,last_item_nbhd,0.030001,0.021810,0.037918
phi_V100_EHIGH_z1.5_p1_s1,2,pop_scaled_content,0.113931,0.097438,0.129895
phi_V100_EHIGH_z1.5_p1_s1,2,co_purchase,0.021252,0.013986,0.028872
phi_V100_EHIGH_z1.5_p1_s1,2,lambda_hybrid_0.25,0.129628,0.113695,0.146582
phi_V100_EHIGH_z1.5_p1_s1,2,lambda_hybrid_0.5,0.121206,0.103646,0.138893
phi_V100_EHIGH_z1.5_p1_s1,2,lambda_hybrid_0.75,0.079068,0.065392,0.093517
phi_V100_EHIGH_z1.5_p1_s1,3,pop_global,0.121353,0.105082,0.137205
phi_V100_EHIGH_z1.5_p1_s1,3,recency_pop_0.1,0.070967,0.058135,0.084631
phi_V100_EHIGH_z1.5_p1_s1,3,recency_pop_0.5,0.072562,0.058505,0.086439
phi_V100_EHIGH_z1.5_p1_s1,3,recency_pop_1.0,0.073081,0.059232,0.087410
phi_V100_EHIGH_z1.5_p1_s1,3,pop_category,0.107844,0.092504,0.124947
phi_V100_EHIGH_z1.5_p1_s1,3,pop_price,0.110167,0.095085,0.123908
phi_V100_EHIGH_z1.5_p1_s1,3,content_knn_1,0.028658,0.020261,0.037456
phi_V100_EHIGH_z1.5_p1_s1,3,content_knn_3,0.025622,0.018258,0.033719
phi_V100_EHIGH_z1.5_p1_s1,3,content_knn_5,0.021898,0.015304,0.028831
phi_V100_EHIGH_z1.5_p1_s1,3,last_item_nbhd,0.033781,0.024899,0.044005
phi_V100_EHIGH_z1.5_p1_s1,3,pop_scaled_content,0.104292,0.089099,0.121119
phi_V100_EHIGH_z1.5_p1_s1,3,co_purchase,0.013389,0.007834,0.019053
phi_V100_EHIGH_z1.5_p1_s1,3,lambda_hybrid_0.25,0.123123,0.107078,0.139403
phi_V100_EHIGH_z1.5_p1_s1,3,lambda_hybrid_0.5,0.110549,0.094544,0.128550
phi_V100_EHIGH_z1.5_p1_s1,3,lambda_hybrid_0.75,0.073365,0.059012,0.086755
phi_V100_EHIGH_z1.5_p1_s1,5,pop_global,0.113694,0.098203,0.131138
phi_V100_EHIGH_z1.5_p1_s1,5,recency_pop_0.1,0.120672,0.103813,0.138367
phi_V100_EHIGH_z1.5_p1_s1,5,recency_pop_0.5,0.114681,0.099011,0.132783
phi_V100_EHIGH_z1.5_p1_s1,5,recency_pop_1.0,0.108489,0.091747,0.124837
phi_V100_EHIGH_z1.5_p1_s1,5,pop_category,0.103323,0.087890,0.120109
phi_V100_EHIGH_z1.5_p1_s1,5,pop_price,0.119443,0.101335,0.135095
phi_V100_EHIGH_z1.5_p1_s1,5,content_knn_1,0.034898,0.025764,0.045020
phi_V100_EHIGH_z1.5_p1_s1,5,content_knn_3,0.028379,0.020046,0.037004
phi_V100_EHIGH_z1.5_p1_s1,5,content_knn_5,0.021692,0.014776,0.029667
phi_V100_EHIGH_z1.5_p1_s1,5,last_item_nbhd,0.033245,0.024292,0.043697
phi_V100_EHIGH_z1.5_p1_s1,5,pop_scaled_content,0.108570,0.091908,0.125167
phi_V100_EHIGH_z1.5_p1_s1,5,co_purchase,0.008550,0.004474,0.013410
phi_V100_EHIGH_z1.5_p1_s1,5,lambda_hybrid_0.25,0.122846,0.106918,0.138777
phi_V100_EHIGH_z1.5_p1_s1,5,lambda_hybrid_0.5,0.112938,0.095989,0.129273
phi_V100_EHIGH_z1.5_p1_s1,5,lambda_hybrid_0.75,0.069077,0.055463,0.084015
phi_V100_EHIGH_z1.5_p1_s1,8,pop_global,0.099104,0.080233,0.117883
phi_V100_EHIGH_z1.5_p1_s1,8,recency_pop_0.1,0.134057,0.113429,0.154410
phi_V100_EHIGH_z1.5_p1_s1,8,recency_pop_0.5,0.125049,0.107049,0.145242
phi_V100_EHIGH_z1.5_p1_s1,8,recency_pop_1.0,0.108389,0.090181,0.127120
phi_V100_EHIGH_z1.5_p1_s1,8,pop_category,0.107476,0.090171,0.125858
phi_V100_EHIGH_z1.5_p1_s1,8,pop_price,0.103387,0.087039,0.120365
phi_V100_EHIGH_z1.5_p1_s1,8,content_knn_1,0.033543,0.021723,0.045435
phi_V100_EHIGH_z1.5_p1_s1,8,content_knn_3,0.037726,0.026318,0.049752
phi_V100_EHIGH_z1.5_p1_s1,8,content_knn_5,0.027649,0.018631,0.037786
phi_V100_EHIGH_z1.5_p1_s1,8,last_item_nbhd,0.038221,0.027057,0.050307
phi_V100_EHIGH_z1.5_p1_s1,8,pop_scaled_content,0.109959,0.091172,0.128019
phi_V100_EHIGH_z1.5_p1_s1,8,co_purchase,0.008822,0.003983,0.014280
phi_V100_EHIGH_z1.5_p1_s1,8,lambda_hybrid_0.25,0.113592,0.095603,0.132762
phi_V100_EHIGH_z1.5_p1_s1,8,lambda_hybrid_0.5,0.105502,0.086074,0.123865
phi_V100_EHIGH_z1.5_p1_s1,8,lambda_hybrid_0.75,0.083176,0.065238,0.101121
phi_V100_ELOW_z0.5_p0.25_s0,0,pop_global,0.731202,0.709147,0.751999
phi_V100_ELOW_z0.5_p0.25_s0,0,recency_pop_0.1,0.027504,0.018385,0.037078
phi_V100_ELOW_z0.5_p0.25_s0,0,recency_pop_0.5,0.029627,0.021111,0.040193
phi_V100_ELOW_z0.5_p0.25_s0,0,recency_pop_1.0,0.031034,0.021282,0.040805
phi_V100_ELOW_z0.5_p0.25_s0,0,pop_category,0.717041,0.694900,0.740037
phi_V100_ELOW_z0.5_p0.25_s0,0,pop_price,0.731202,0.709212,0.753583
phi_V100_ELOW_z0.5_p0.25_s0,0,lambda_hybrid_0.25,0.731202,0.710656,0.753042
phi_V100_ELOW_z0.5_p0.25_s0,0,lambda_hybrid_0.5,0.731202,0.709532,0.753655
phi_V100_ELOW_z0.5_p0.25_s0,0,lambda_hybrid_0.75,0.731202,0.709507,0.753166
phi_V100_ELOW_z0.5_p0.25_s0,0,active_elic2,0.717041,0.694914,0.739556
phi_V100_ELOW_z0.5_p0.25_s0,1,pop_global,0.406263,0.377955,0.434064
phi_V100_ELOW_z0.5_p0.25_s0,1,recency_pop_0.1,0.102798,0.086348,0.119947
phi_V100_ELOW_z0.5_p0.25_s0,1,recency_pop_0.5,0.112926,0.096779,0.130757
phi_V100_ELOW_z0.5_p0.25_s0,1,recency_pop_1.0,0.114689,0.098657,0.131773
phi_V100_ELOW_z0.5_p0.25_s0,1,pop_category,0.402730,0.376824,0.428772
phi_V100_ELOW_z0.5_p0.25_s0,1,pop_price,0.399300,0.372527,0.425480
phi_V100_ELOW_z0.5_p0.25_s0,1,content_knn_1,0.056526,0.044631,0.068522
phi_V100_ELOW_z0.5_p0.25_s0,1,content_knn_3,0.087817,0.071042,0.103510
phi_V100_ELOW_z0.5_p0.25_s0,1,content_knn_5,0.091817,0.076810,0.107536
phi_V100_ELOW_z0.5_p0.25_s0,1,last_item_nbhd,0.079890,0.064894,0.096168
phi_V100_ELOW_z0.5_p0.25_s0,1,pop_scaled_content,0.396027,0.366940,0.421075
phi_V100_ELOW_z0.5_p0.25_s0,1,co_purchase,0.013893,0.008071,0.019718
phi_V100_ELOW_z0.5_p0.25_s0,1,lambda_hybrid_0.25,0.390851,0.363052,0.418039
phi_V100_ELOW_z0.5_p0.25_s0,1,lambda_hybrid_0.5,0.338089,0.309657,0.364812
phi_V100_ELOW_z0.5_p0.25_s0,1,lambda_hybrid_0.75,0.268882,0.241277,0.294330
phi_V100_ELOW_z0.5_p0.25_s0,2,pop_global,0.287473,0.261771,0.313378
phi_V100_ELOW_z0.5_p0.25_s0,2,recency_pop_0.1,0.132670,0.113786,0.151053
phi_V100_ELOW_z0.5_p0.25_s0,2,recency_pop_0.5,0.156257,0.137644,0.175751
phi_V100_ELOW_z0.5_p0.25_s0,2,recency_pop_1.0,0.162532,0.142717,0.181827
phi_V100_ELOW_z0.5_p0.25_s0,2,pop_category,0.284051,0.258614,0.308282
phi_V100_ELOW_z0.5_p0.25_s0,2,pop_price,0.282093,0.257074,0.306749
phi_V100_ELOW_z0.5_p0.25_s0,2,content_knn_1,0.073793,0.060959,0.088192
phi_V100_ELOW_z0.5_p0.25_s0,2,content_knn_3,0.100294,0.084392,0.117971
phi_V100_ELOW_z0.5_p0.25_s0,2,content_knn_5,0.078286,0.064167,0.091884
phi_V100_ELOW_z0.5_p0.25_s0,2,last_item_nbhd,0.082611,0.067174,0.097308
phi_V100_ELOW_z0.5_p0.25_s0,2,pop_scaled_content,0.280484,0.256614,0.305389
phi_V100_ELOW_z0.5_p0.25_s0,2,co_purchase,0.008379,0.003510,0.014445
phi_V100_ELOW_z0.5_p0.25_s0,2,lambda_hybrid_0.25,0.274861,0.251124,0.299544
phi_V100_ELOW_z0.5_p0.25_s0,2,lambda_hybrid_0.5,0.235456,0.212057,0.260694
phi_V100_ELOW_z0.5_p0.25_s0,2,lambda_hybrid_0.75,0.169899,0.147832,0.192461
phi_V100_ELOW_z0.5_p0.25_s0,3,pop_global,0.270153,0.243999,0.293279
phi_V100_ELOW_z0.5_p0.25_s0,3,recency_pop_0.1,0.179007,0.157139,0.199504
phi_V100_ELOW_z0.5_p0.25_s0,3,recency_pop_0.5,0.212965,0.191628,0.235037
phi_V100_ELOW_z0.5_p0.25_s0,3,recency_pop_1.0,0.221891,0.200941,0.243589
phi_V100_ELOW_z0.5_p0.25_s0,3,pop_category,0.269774,0.246051,0.295170
phi_V100_ELOW_z0.5_p0.25_s0,3,pop_price,0.263775,0.240768,0.286383
phi_V100_ELOW_z0.5_p0.25_s0,3,content_knn_1,0.065839,0.052499,0.078786
phi_V100_ELOW_z0.5_p0.25_s0,3,content_knn_3,0.083350,0.067893,0.099030
phi_V100_ELOW_z0.5_p0.25_s0,3,content_knn_5,0.080510,0.065612,0.095112
phi_V100_ELOW_z0.5_p0.25_s0,3,last_item_nbhd,0.072174,0.057607,0.088088
phi_V100_ELOW_z0.5_p0.25_s0,3,pop_scaled_content,0.258011,0.233760,0.283332
phi_V100_ELOW_z0.5_p0.25_s0,3,co_purchase,0.005509,0.002082,0.009552
phi_V100_ELOW_z0.5_p0.25_s0,3,lambda_hybrid_0.25,0.252904,0.228860,0.277944
phi_V100_ELOW_z0.5_p0.25_s0,3,lambda_hybrid_0.5,0.209760,0.186995,0.232102
phi_V100_ELOW_z0.5_p0.25_s0,3,lambda_hybrid_0.75,0.135634,0.116664,0.155901
phi_V100_ELOW_z0.5_p0.25_s0,5,pop_global,0.204296,0.182850,0.226734
phi_V100_ELOW_z0.5_p0.25_s0,5,recency_pop_0.1,0.193122,0.170682,0.216221
phi_V100_ELOW_z0.5_p0.25_s0,5,recency_pop_0.5,0.202365,0.179478,0.224877
phi_V100_ELOW_z0.5_p0.25_s0,5,recency_pop_1.0,0.202902,0.180954,0.225712
phi_V100_ELOW_z0.5_p0.25_s0,5,pop_category,0.191320,0.168244,0.214141
phi_V100_ELOW_z0.5_p0.25_s0,5,pop_price,0.194655,0.173246,0.217152
phi_V100_ELOW_z0.5_p0.25_s0,5,content_knn_1,0.046863,0.036582,0.058871
phi_V100_ELOW_z0.5_p0.25_s0,5,content_knn_3,0.063138,0.049421,0.077544
phi_V100_ELOW_z0.5_p0.25_s0,5,content_knn_5,0.064470,0.051102,0.079687
phi_V100_ELOW_z0.5_p0.25_s0,5,last_item_nbhd,0.056912,0.044693,0.070585
phi_V100_ELOW_z0.5_p0.25_s0,5,pop_scaled_content,0.189544,0.167217,0.210220
phi_V100_ELOW_z0.5_p0.25_s0,5,co_purchase,0.004577,0.000877,0.008506
phi_V100_ELOW_z0.5_p0.25_s0,5,lambda_hybrid_0.25,0.173688,0.150547,0.196028
phi_V100_ELOW_z0.5_p0.25_s0,5,lambda_hybrid_0.5,0.143102,0.121089,0.163647
phi_V100_ELOW_z0.5_p0.25_s0,5,lambda_hybrid_0.75,0.081940,0.065722,0.098662
phi_V100_ELOW_z0.5_p0.25_s0,8,pop_global,0.188658,0.162939,0.213560
phi_V100_ELOW_z0.5_p0.25_s0,8,recency_pop_0.1,0.185594,0.162183,0.210982
phi_V100_ELOW_z0.5_p0.25_s0,8,recency_pop_0.5,0.188078,0.164939,0.213141
phi_V100_ELOW_z0.5_p0.25_s0,8,recency_pop_1.0,0.188078,0.166045,0.213607
phi_V100_ELOW_z0.5_p0.25_s0,8,pop_category,0.154441,0.132077,0.180900
phi_V100_ELOW_z0.5_p0.25_s0,8,pop_price,0.165341,0.142275,0.190149
phi_V100_ELOW_z0.5_p0.25_s0,8,content_knn_1,0.039965,0.029456,0.052393
phi_V100_ELOW_z0.5_p0.25_s0,8,content_knn_3,0.054786,0.040172,0.070648
phi_V100_ELOW_z0.5_p0.25_s0,8,content_knn_5,0.058632,0.043878,0.074039
phi_V100_ELOW_z0.5_p0.25_s0,8,last_item_nbhd,0.049648,0.036681,0.063700
phi_V100_ELOW_z0.5_p0.25_s0,8,pop_scaled_content,0.165714,0.140339,0.190169
phi_V100_ELOW_z0.5_p0.25_s0,8,co_purchase,0.006473,0.001971,0.013285
phi_V100_ELOW_z0.5_p0.25_s0,8,lambda_hybrid_0.25,0.136244,0.113192,0.160353
phi_V100_ELOW_z0.5_p0.25_s0,8,lambda_hybrid_0.5,0.110564,0.089225,0.133893
phi_V100_ELOW_z0.5_p0.25_s0,8,lambda_hybrid_0.75,0.070621,0.054766,0.088784
phi_V100_ELOW_z0.5_p0.25_s1,0,pop_global,0.736762,0.714891,0.757928
phi_V100_ELOW_z0.5_p0.25_s1,0,recency_pop_0.1,0.042562,0.031316,0.053652
phi_V100_ELOW_z0.5_p0.25_s1,0,recency_pop_0.5,0.083674,0.070842,0.097939
phi_V100_ELOW_z0.5_p0.25_s1,0,recency_pop_1.0,0.093728,0.079241,0.110432
phi_V100_ELOW_z0.5_p0.25_s1,0,pop_category,0.736762,0.716370,0.758455
phi_V100_ELOW_z0.5_p0.25_s1,0,pop_price,0.731733,0.711522,0.752970
phi_V100_ELOW_z0.5_p0.25_s1,0,lambda_hybrid_0.25,0.736762,0.716355,0.756645
phi_V100_ELOW_z0.5_p0.25_s1,0,lambda_hybrid_0.5,0.736762,0.716364,0.756642
phi_V100_ELOW_z0.5_p0.25_s1,0,lambda_hybrid_0.75,0.736762,0.716252,0.757316
phi_V100_ELOW_z0.5_p0.25_s1,0,active_elic2,0.683597,0.659103,0.705933
phi_V100_ELOW_z0.5_p0.25_s1,1,pop_global,0.357913,0.331626,0.385329
phi_V100_ELOW_z0.5_p0.25_s1,1,recency_pop_0.1,0.064158,0.051993,0.076979
phi_V100_ELOW_z0.5_p0.25_s1,1,recency_pop_0.5,0.205649,0.182796,0.230044
phi_V100_ELOW_z0.5_p0.25_s1,1,recency_pop_1.0,0.208556,0.183051,0.231609
phi_V100_ELOW_z0.5_p0.25_s1,1,pop_category,0.357913,0.334686,0.385241
phi_V100_ELOW_z0.5_p0.25_s1,1,pop_price,0.357052,0.331252,0.384603
phi_V100_ELOW_z0.5_p0.25_s1,1,content_knn_1,0.036546,0.028653,0.045065
phi_V100_ELOW_z0.5_p0.25_s1,1,content_knn_3,0.038912,0.030646,0.048340
phi_V100_ELOW_z0.5_p0.25_s1,1,content_knn_5,0.037576,0.030191,0.046325
phi_V100_ELOW_z0.5_p0.25_s1,1,last_item_nbhd,0.034066,0.026781,0.041526
phi_V100_ELOW_z0.5_p0.25_s1,1,pop_scaled_content,0.312030,0.284228,0.338203
phi_V100_ELOW_z0.5_p0.25_s1,1,co_purchase,0.014473,0.009111,0.021085
phi_V100_ELOW_z0.5_p0.25_s1,1,lambda_hybrid_0.25,0.330035,0.304953,0.357177
phi_V100_ELOW_z0.5_p0.25_s1,1,lambda_hybrid_0.5,0.261062,0.236236,0.283869
phi_V100_ELOW_z0.5_p0.25_s1,1,lambda_hybrid_0.75,0.089107,0.073828,0.105837
phi_V100_ELOW_z0.5_p0.25_s1,2,pop_global,0.252677,0.228773,0.275925
phi_V100_ELOW_z0.5_p0.25_s1,2,recency_pop_0.1,0.076614,0.062079,0.090338
phi_V100_ELOW_z0.5_p0.25_s1,2,recency_pop_0.5,0.126464,0.106493,0.146299
phi_V100_ELOW_z0.5_p0.25_s1,2,recency_pop_1.0,0.125986,0.106951,0.145308
phi_V100_ELOW_z0.5_p0.25_s1,2,pop_category,0.252677,0.228869,0.278237
phi_V100_ELOW_z0.5_p0.25_s1,2,pop_price,0.252246,0.228961,0.276354
phi_V100_ELOW_z0.5_p0.25_s1,2,content_knn_1,0.021012,0.014956,0.027606
phi_V100_ELOW_z0.5_p0.25_s1,2,content_knn_3,0.022248,0.016048,0.029414
phi_V100_ELOW_z0.5_p0.25_s1,2,content_knn_5,0.019110,0.013361,0.025314
phi_V100_ELOW_z0.5_p0.25_s1,2,last_item_nbhd,0.019764,0.014005,0.025775
phi_V100_ELOW_z0.5_p0.25_s1,2,pop_scaled_content,0.233471,0.211143,0.257297
phi_V100_ELOW_z0.5_p0.25_s1,2,co_purchase,0.004193,0.001062,0.007894
phi_V100_ELOW_z0.5_p0.25_s1,2,lambda_hybrid_0.25,0.219444,0.194901,0.246177
phi_V100_ELOW_z0.5_p0.25_s1,2,lambda_hybrid_0.5,0.172180,0.150883,0.192950
phi_V100_ELOW_z0.5_p0.25_s1,2,lambda_hybrid_0.75,0.088264,0.071055,0.104712
phi_V100_ELOW_z0.5_p0.25_s1,3,pop_global,0.213292,0.190714,0.236642
phi_V100_ELOW_z0.5_p0.25_s1,3,recency_pop_0.1,0.086108,0.070352,0.102804
phi_V100_ELOW_z0.5_p0.25_s1,3,recency_pop_0.5,0.096314,0.081454,0.113835
phi_V100_ELOW_z0.5_p0.25_s1,3,recency_pop_1.0,0.095168,0.077757,0.112907
phi_V100_ELOW_z0.5_p0.25_s1,3,pop_category,0.213292,0.190254,0.237171
phi_V100_ELOW_z0.5_p0.25_s1,3,pop_price,0.208375,0.184172,0.232081
phi_V100_ELOW_z0.5_p0.25_s1,3,content_knn_1,0.019067,0.012857,0.025462
phi_V100_ELOW_z0.5_p0.25_s1,3,content_knn_3,0.017512,0.012119,0.023225
phi_V100_ELOW_z0.5_p0.25_s1,3,content_knn_5,0.020213,0.014168,0.026670
phi_V100_ELOW_z0.5_p0.25_s1,3,last_item_nbhd,0.016988,0.012265,0.022473
phi_V100_ELOW_z0.5_p0.25_s1,3,pop_scaled_content,0.189251,0.167406,0.211485
phi_V100_ELOW_z0.5_p0.25_s1,3,co_purchase,0.004010,0.001170,0.007381
phi_V100_ELOW_z0.5_p0.25_s1,3,lambda_hybrid_0.25,0.173940,0.151020,0.194725
phi_V100_ELOW_z0.5_p0.25_s1,3,lambda_hybrid_0.5,0.124918,0.104315,0.145114
phi_V100_ELOW_z0.5_p0.25_s1,3,lambda_hybrid_0.75,0.062314,0.049359,0.075647
phi_V100_ELOW_z0.5_p0.25_s1,5,pop_global,0.163729,0.142347,0.186784
phi_V100_ELOW_z0.5_p0.25_s1,5,recency_pop_0.1,0.091669,0.075637,0.109499
phi_V100_ELOW_z0.5_p0.25_s1,5,recency_pop_0.5,0.109008,0.090864,0.128829
phi_V100_ELOW_z0.5_p0.25_s1,5,recency_pop_1.0,0.108168,0.089403,0.127694
phi_V100_ELOW_z0.5_p0.25_s1,5,pop_category,0.163729,0.141300,0.187099
phi_V100_ELOW_z0.5_p0.25_s1,5,pop_price,0.154806,0.131968,0.175252
phi_V100_ELOW_z0.5_p0.25_s1,5,content_knn_1,0.015613,0.010343,0.021569
phi_V100_ELOW_z0.5_p0.25_s1,5,content_knn_3,0.014719,0.009601,0.020001
phi_V100_ELOW_z0.5_p0.25_s1,5,content_knn_5,0.017000,0.011566,0.023928
phi_V100_ELOW_z0.5_p0.25_s1,5,last_item_nbhd,0.013939,0.009427,0.019527
phi_V100_ELOW_z0.5_p0.25_s1,5,pop_scaled_content,0.142582,0.122813,0.163548
phi_V100_ELOW_z0.5_p0.25_s1,5,co_purchase,0.004739,0.001070,0.009477
phi_V100_ELOW_z0.5_p0.25_s1,5,lambda_hybrid_0.25,0.123853,0.105275,0.145079
phi_V100_ELOW_z0.5_p0.25_s1,5,lambda_hybrid_0.5,0.095368,0.078962,0.113148
phi_V100_ELOW_z0.5_p0.25_s1,5,lambda_hybrid_0.75,0.044568,0.033745,0.057735
phi_V100_ELOW_z0.5_p0.25_s1,8,pop_global,0.103044,0.082968,0.123751
phi_V100_ELOW_z0.5_p0.25_s1,8,recency_pop_0.1,0.085011,0.065954,0.105339
phi_V100_ELOW_z0.5_p0.25_s1,8,recency_pop_0.5,0.094052,0.074773,0.115814
phi_V100_ELOW_z0.5_p0.25_s1,8,recency_pop_1.0,0.092010,0.072137,0.111888
phi_V100_ELOW_z0.5_p0.25_s1,8,pop_category,0.103044,0.081178,0.122533
phi_V100_ELOW_z0.5_p0.25_s1,8,pop_price,0.095984,0.077422,0.116232
phi_V100_ELOW_z0.5_p0.25_s1,8,content_knn_1,0.011530,0.005732,0.017366
phi_V100_ELOW_z0.5_p0.25_s1,8,content_knn_3,0.011174,0.006438,0.016293
phi_V100_ELOW_z0.5_p0.25_s1,8,content_knn_5,0.011738,0.006587,0.017576
phi_V100_ELOW_z0.5_p0.25_s1,8,last_item_nbhd,0.011097,0.006467,0.016375
phi_V100_ELOW_z0.5_p0.25_s1,8,pop_scaled_content,0.090188,0.072143,0.111106
phi_V100_ELOW_z0.5_p0.25_s1,8,co_purchase,0.006953,0.001502,0.013907
phi_V100_ELOW_z0.5_p0.25_s1,8,lambda_hybrid_0.25,0.074952,0.055902,0.094747
phi_V100_ELOW_z0.5_p0.25_s1,8,lambda_hybrid_0.5,0.057348,0.041644,0.074323
phi_V100_ELOW_z0.5_p0.25_s1,8,lambda_hybrid_0.75,0.029163,0.018212,0.040752
phi_V100_ELOW_z0.5_p0.5_s0,0,pop_global,0.722500,0.700577,0.743844
phi_V100_ELOW_z0.5_p0.5_s0,0,recency_pop_0.1,0.026136,0.017198,0.035692
phi_V100_ELOW_z0.5_p0.5_s0,0,recency_pop_0.5,0.027022,0.018705,0.036870
phi_V100_ELOW_z0.5_p0.5_s0,0,recency_pop_1.0,0.029078,0.019610,0.038532
phi_V100_ELOW_z0.5_p0.5_s0,0,pop_category,0.707413,0.685164,0.731317
phi_V100_ELOW_z0.5_p0.5_s0,0,pop_price,0.722500,0.698948,0.745440
phi_V100_ELOW_z0.5_p0.5_s0,0,lambda_hybrid_0.25,0.722500,0.701980,0.744395
phi_V100_ELOW_z0.5_p0.5_s0,0,lambda_hybrid_0.5,0.722500,0.700443,0.743623
phi_V100_ELOW_z0.5_p0.5_s0,0,lambda_hybrid_0.75,0.722500,0.700782,0.744848
phi_V100_ELOW_z0.5_p0.5_s0,0,active_elic2,0.707413,0.684663,0.731297
phi_V100_ELOW_z0.5_p0.5_s0,1,pop_global,0.409302,0.382342,0.435215
phi_V100_ELOW_z0.5_p0.5_s0,1,recency_pop_0.1,0.098860,0.082211,0.115398
phi_V100_ELOW_z0.5_p0.5_s0,1,recency_pop_0.5,0.107978,0.090698,0.125988
phi_V100_ELOW_z0.5_p0.5_s0,1,recency_pop_1.0,0.108546,0.092442,0.124984
phi_V100_ELOW_z0.5_p0.5_s0,1,pop_category,0.395236,0.367009,0.422573
phi_V100_ELOW_z0.5_p0.5_s0,1,pop_price,0.400791,0.372873,0.426647
phi_V100_ELOW_z0.5_p0.5_s0,1,content_knn_1,0.056020,0.044678,0.067025
phi_V100_ELOW_z0.5_p0.5_s0,1,content_knn_3,0.088627,0.072423,0.105264
phi_V100_ELOW_z0.5_p0.5_s0,1,content_knn_5,0.089630,0.073854,0.105587
phi_V100_ELOW_z0.5_p0.5_s0,1,last_item_nbhd,0.079864,0.064449,0.097038
phi_V100_ELOW_z0.5_p0.5_s0,1,pop_scaled_content,0.388464,0.360572,0.414642
phi_V100_ELOW_z0.5_p0.5_s0,1,co_purchase,0.010956,0.006208,0.017008
phi_V100_ELOW_z0.5_p0.5_s0,1,lambda_hybrid_0.25,0.392604,0.365038,0.420073
phi_V100_ELOW_z0.5_p0.5_s0,1,lambda_hybrid_0.5,0.339420,0.311125,0.364891
phi_V100_ELOW_z0.5_p0.5_s0,1,lambda_hybrid_0.75,0.268051,0.240504,0.293307
phi_V100_ELOW_z0.5_p0.5_s0,2,pop_global,0.278671,0.252802,0.303001
phi_V100_ELOW_z0.5_p0.5_s0,2,recency_pop_0.1,0.130127,0.112513,0.147883
phi_V100_ELOW_z0.5_p0.5_s0,2,recency_pop_0.5,0.155868,0.135911,0.175640
phi_V100_ELOW_z0.5_p0.5_s0,2,recency_pop_1.0,0.162056,0.143855,0.182379
phi_V100_ELOW_z0.5_p0.5_s0,2,pop_category,0.264894,0.241603,0.289005
phi_V100_ELOW_z0.5_p0.5_s0,2,pop_price,0.271700,0.247453,0.294897
phi_V100_ELOW_z0.5_p0.5_s0,2,content_knn_1,0.061825,0.049318,0.074497
phi_V100_ELOW_z0.5_p0.5_s0,2,content_knn_3,0.080275,0.065469,0.095543
phi_V100_ELOW_z0.5_p0.5_s0,2,content_knn_5,0.065061,0.052002,0.077510
phi_V100_ELOW_z0.5_p0.5_s0,2,last_item_nbhd,0.064048,0.051335,0.077054
phi_V100_ELOW_z0.5_p0.5_s0,2,pop_scaled_content,0.271140,0.247183,0.296494
phi_V100_ELOW_z0.5_p0.5_s0,2,co_purchase,0.005940,0.002422,0.009958
phi_V100_ELOW_z0.5_p0.5_s0,2,lambda_hybrid_0.25,0.263923,0.238935,0.288852
phi_V100_ELOW_z0.5_p0.5_s0,2,lambda_hybrid_0.5,0.219065,0.195083,0.244277
phi_V100_ELOW_z0.5_p0.5_s0,2,lambda_hybrid_0.75,0.153655,0.133597,0.176783
phi_V100_ELOW_z0.5_p0.5_s0,3,pop_global,0.246902,0.221825,0.270256
phi_V100_ELOW_z0.5_p0.5_s0,3,recency_pop_0.1,0.170296,0.150458,0.188973
phi_V100_ELOW_z0.5_p0.5_s0,3,recency_pop_0.5,0.201766,0.180236,0.222147
phi_V100_ELOW_z0.5_p0.5_s0,3,recency_pop_1.0,0.204021,0.182666,0.226309
phi_V100_ELOW_z0.5_p0.5_s0,3,pop_category,0.238299,0.214387,0.262558
phi_V100_ELOW_z0.5_p0.5_s0,3,pop_price,0.241715,0.218834,0.265904
phi_V100_ELOW_z0.5_p0.5_s0,3,content_knn_1,0.062139,0.049756,0.074296
phi_V100_ELOW_z0.5_p0.5_s0,3,content_knn_3,0.077597,0.063608,0.091681
phi_V100_ELOW_z0.5_p0.5_s0,3,content_knn_5,0.075296,0.061836,0.089549
phi_V100_ELOW_z0.5_p0.5_s0,3,last_item_nbhd,0.073260,0.058603,0.088104
phi_V100_ELOW_z0.5_p0.5_s0,3,pop_scaled_content,0.237965,0.215510,0.262211
phi_V100_ELOW_z0.5_p0.5_s0,3,co_purchase,0.006399,0.002410,0.011617
phi_V100_ELOW_z0.5_p0.5_s0,3,lambda_hybrid_0.25,0.235472,0.213040,0.258854
phi_V100_ELOW_z0.5_p0.5_s0,3,lambda_hybrid_0.5,0.190021,0.168654,0.211346
phi_V100_ELOW_z0.5_p0.5_s0,3,lambda_hybrid_0.75,0.127956,0.109865,0.148091
phi_V100_ELOW_z0.5_p0.5_s0,5,pop_global,0.209016,0.185769,0.231300
phi_V100_ELOW_z0.5_p0.5_s0,5,recency_pop_0.1,0.196728,0.174442,0.218223
phi_V100_ELOW_z0.5_p0.5_s0,5,recency_pop_0.5,0.205299,0.183099,0.228727
phi_V100_ELOW_z0.5_p0.5_s0,5,recency_pop_1.0,0.206278,0.185581,0.229824
phi_V100_ELOW_z0.5_p0.5_s0,5,pop_category,0.188788,0.167682,0.212748
phi_V100_ELOW_z0.5_p0.5_s0,5,pop_price,0.199795,0.178111,0.223222
phi_V100_ELOW_z0.5_p0.5_s0,5,content_knn_1,0.048924,0.038493,0.060499
phi_V100_ELOW_z0.5_p0.5_s0,5,content_knn_3,0.065226,0.052139,0.079431
phi_V100_ELOW_z0.5_p0.5_s0,5,content_knn_5,0.065852,0.051768,0.081546
phi_V100_ELOW_z0.5_p0.5_s0,5,last_item_nbhd,0.061964,0.049618,0.075011
phi_V100_ELOW_z0.5_p0.5_s0,5,pop_scaled_content,0.198590,0.174918,0.220103
phi_V100_ELOW_z0.5_p0.5_s0,5,co_purchase,0.006327,0.002211,0.011170
phi_V100_ELOW_z0.5_p0.5_s0,5,lambda_hybrid_0.25,0.181477,0.158314,0.205718
phi_V100_ELOW_z0.5_p0.5_s0,5,lambda_hybrid_0.5,0.153088,0.130777,0.173497
phi_V100_ELOW_z0.5_p0.5_s0,5,lambda_hybrid_0.75,0.096188,0.078793,0.114909
phi_V100_ELOW_z0.5_p0.5_s0,8,pop_global,0.181065,0.156796,0.206296
phi_V100_ELOW_z0.5_p0.5_s0,8,recency_pop_0.1,0.178647,0.155389,0.205596
phi_V100_ELOW_z0.5_p0.5_s0,8,recency_pop_0.5,0.182225,0.158730,0.208438
phi_V100_ELOW_z0.5_p0.5_s0,8,recency_pop_1.0,0.182225,0.156621,0.206863
phi_V100_ELOW_z0.5_p0.5_s0,8,pop_category,0.144621,0.120483,0.167924
phi_V100_ELOW_z0.5_p0.5_s0,8,pop_price,0.162352,0.139837,0.186367
phi_V100_ELOW_z0.5_p0.5_s0,8,content_knn_1,0.036717,0.026124,0.048983
phi_V100_ELOW_z0.5_p0.5_s0,8,content_knn_3,0.049841,0.034467,0.064073
phi_V100_ELOW_z0.5_p0.5_s0,8,content_knn_5,0.056180,0.040906,0.072604
phi_V100_ELOW_z0.5_p0.5_s0,8,last_item_nbhd,0.040347,0.029593,0.052267
phi_V100_ELOW_z0.5_p0.5_s0,8,pop_scaled_content,0.150998,0.126929,0.174285
phi_V100_ELOW_z0.5_p0.5_s0,8,co_purchase,0.003644,0.000000,0.008142
phi_V100_ELOW_z0.5_p0.5_s0,8,lambda_hybrid_0.25,0.128860,0.104421,0.153862
phi_V100_ELOW_z0.5_p0.5_s0,8,lambda_hybrid_0.5,0.107276,0.084035,0.130638
phi_V100_ELOW_z0.5_p0.5_s0,8,lambda_hybrid_0.75,0.065925,0.048395,0.083238
phi_V100_ELOW_z0.5_p0.5_s1,0,pop_global,0.729693,0.707097,0.751739
phi_V100_ELOW_z0.5_p0.5_s1,0,recency_pop_0.1,0.040500,0.029440,0.051513
phi_V100_ELOW_z0.5_p0.5_s1,0,recency_pop_0.5,0.063924,0.051663,0.077957
phi_V100_ELOW_z0.5_p0.5_s1,0,recency_pop_1.0,0.067696,0.054848,0.082285
phi_V100_ELOW_z0.5_p0.5_s1,0,pop_category,0.729693,0.710607,0.751185
phi_V100_ELOW_z0.5_p0.5_s1,0,pop_price,0.723117,0.701858,0.743663
phi_V100_ELOW_z0.5_p0.5_s1,0,lambda_hybrid_0.25,0.729693,0.709880,0.750315
phi_V100_ELOW_z0.5_p0.5_s1,0,lambda_hybrid_0.5,0.729693,0.709224,0.750136
phi_V100_ELOW_z0.5_p0.5_s1,0,lambda_hybrid_0.75,0.729693,0.708352,0.749227
phi_V100_ELOW_z0.5_p0.5_s1,0,active_elic2,0.672192,0.647745,0.696597
phi_V100_ELOW_z0.5_p0.5_s1,1,pop_global,0.356465,0.329478,0.382931
phi_V100_ELOW_z0.5_p0.5_s1,1,recency_pop_0.1,0.066603,0.053598,0.080281
phi_V100_ELOW_z0.5_p0.5_s1,1,recency_pop_0.5,0.197853,0.175762,0.223196
phi_V100_ELOW_z0.5_p0.5_s1,1,recency_pop_1.0,0.204468,0.180484,0.226996
phi_V100_ELOW_z0.5_p0.5_s1,1,pop_category,0.356465,0.332237,0.382183
phi_V100_ELOW_z0.5_p0.5_s1,1,pop_price,0.355165,0.331063,0.382086
phi_V100_ELOW_z0.5_p0.5_s1,1,content_knn_1,0.030992,0.023991,0.038795
phi_V100_ELOW_z0.5_p0.5_s1,1,content_knn_3,0.032809,0.024946,0.041644
phi_V100_ELOW_z0.5_p0.5_s1,1,content_knn_5,0.030679,0.023386,0.038253
phi_V100_ELOW_z0.5_p0.5_s1,1,last_item_nbhd,0.028212,0.021681,0.035198
phi_V100_ELOW_z0.5_p0.5_s1,1,pop_scaled_content,0.308150,0.280306,0.332341
phi_V100_ELOW_z0.5_p0.5_s1,1,co_purchase,0.022043,0.015206,0.029961
phi_V100_ELOW_z0.5_p0.5_s1,1,lambda_hybrid_0.25,0.322293,0.297758,0.349222
phi_V100_ELOW_z0.5_p0.5_s1,1,lambda_hybrid_0.5,0.254881,0.230938,0.278680
phi_V100_ELOW_z0.5_p0.5_s1,1,lambda_hybrid_0.75,0.078369,0.064788,0.093220
phi_V100_ELOW_z0.5_p0.5_s1,2,pop_global,0.251259,0.227121,0.274250
phi_V100_ELOW_z0.5_p0.5_s1,2,recency_pop_0.1,0.080122,0.065439,0.094041
phi_V100_ELOW_z0.5_p0.5_s1,2,recency_pop_0.5,0.128904,0.109980,0.148719
phi_V100_ELOW_z0.5_p0.5_s1,2,recency_pop_1.0,0.128004,0.108655,0.147520
phi_V100_ELOW_z0.5_p0.5_s1,2,pop_category,0.251259,0.226755,0.275901
phi_V100_ELOW_z0.5_p0.5_s1,2,pop_price,0.249949,0.226481,0.275085
phi_V100_ELOW_z0.5_p0.5_s1,2,content_knn_1,0.022476,0.015196,0.029419
phi_V100_ELOW_z0.5_p0.5_s1,2,content_knn_3,0.021867,0.015269,0.028965
phi_V100_ELOW_z0.5_p0.5_s1,2,content_knn_5,0.018966,0.013266,0.025480
phi_V100_ELOW_z0.5_p0.5_s1,2,last_item_nbhd,0.019359,0.013639,0.026059
phi_V100_ELOW_z0.5_p0.5_s1,2,pop_scaled_content,0.225545,0.203467,0.249319
phi_V100_ELOW_z0.5_p0.5_s1,2,co_purchase,0.003704,0.000931,0.006867
phi_V100_ELOW_z0.5_p0.5_s1,2,lambda_hybrid_0.25,0.219486,0.194185,0.245749
phi_V100_ELOW_z0.5_p0.5_s1,2,lambda_hybrid_0.5,0.169154,0.146823,0.191235
phi_V100_ELOW_z0.5_p0.5_s1,2,lambda_hybrid_0.75,0.095746,0.077586,0.113872
phi_V100_ELOW_z0.5_p0.5_s1,3,pop_global,0.196098,0.173561,0.218882
phi_V100_ELOW_z0.5_p0.5_s1,3,recency_pop_0.1,0.077437,0.063248,0.093028
phi_V100_ELOW_z0.5_p0.5_s1,3,recency_pop_0.5,0.086042,0.070805,0.103458
phi_V100_ELOW_z0.5_p0.5_s1,3,recency_pop_1.0,0.085293,0.068803,0.101417
phi_V100_ELOW_z0.5_p0.5_s1,3,pop_category,0.196098,0.173861,0.218745
phi_V100_ELOW_z0.5_p0.5_s1,3,pop_price,0.192847,0.169610,0.215628
phi_V100_ELOW_z0.5_p0.5_s1,3,content_knn_1,0.016881,0.011860,0.022906
phi_V100_ELOW_z0.5_p0.5_s1,3,content_knn_3,0.017136,0.011505,0.022906
phi_V100_ELOW_z0.5_p0.5_s1,3,content_knn_5,0.017921,0.012111,0.024414
phi_V100_ELOW_z0.5_p0.5_s1,3,last_item_nbhd,0.016382,0.011579,0.022115
phi_V100_ELOW_z0.5_p0.5_s1,3,pop_scaled_content,0.174655,0.152576,0.196516
phi_V100_ELOW_z0.5_p0.5_s1,3,co_purchase,0.004352,0.001008,0.008819
phi_V100_ELOW_z0.5_p0.5_s1,3,lambda_hybrid_0.25,0.160007,0.137945,0.181935
phi_V100_ELOW_z0.5_p0.5_s1,3,lambda_hybrid_0.5,0.115559,0.096505,0.133341
phi_V100_ELOW_z0.5_p0.5_s1,3,lambda_hybrid_0.75,0.057180,0.044385,0.070838
phi_V100_ELOW_z0.5_p0.5_s1,5,pop_global,0.157012,0.135424,0.179684
phi_V100_ELOW_z0.5_p0.5_s1,5,recency_pop_0.1,0.099057,0.081410,0.117303
phi_V100_ELOW_z0.5_p0.5_s1,5,recency_pop_0.5,0.106111,0.088009,0.125092
phi_V100_ELOW_z0.5_p0.5_s1,5,recency_pop_1.0,0.104250,0.086932,0.122828
phi_V100_ELOW_z0.5_p0.5_s1,5,pop_category,0.155771,0.133872,0.176148
phi_V100_ELOW_z0.5_p0.5_s1,5,pop_price,0.150060,0.127569,0.169900
phi_V100_ELOW_z0.5_p0.5_s1,5,content_knn_1,0.018197,0.012482,0.024276
phi_V100_ELOW_z0.5_p0.5_s1,5,content_knn_3,0.019458,0.013746,0.025911
phi_V100_ELOW_z0.5_p0.5_s1,5,content_knn_5,0.015818,0.010294,0.021774
phi_V100_ELOW_z0.5_p0.5_s1,5,last_item_nbhd,0.014441,0.009500,0.019937
phi_V100_ELOW_z0.5_p0.5_s1,5,pop_scaled_content,0.139211,0.119739,0.161092
phi_V100_ELOW_z0.5_p0.5_s1,5,co_purchase,0.003209,0.000000,0.007487
phi_V100_ELOW_z0.5_p0.5_s1,5,lambda_hybrid_0.25,0.123457,0.104154,0.143559
phi_V100_ELOW_z0.5_p0.5_s1,5,lambda_hybrid_0.5,0.100703,0.083927,0.119947
phi_V100_ELOW_z0.5_p0.5_s1,5,lambda_hybrid_0.75,0.048498,0.037121,0.060778
phi_V100_ELOW_z0.5_p0.5_s1,8,pop_global,0.113247,0.092964,0.136213
phi_V100_ELOW_z0.5_p0.5_s1,8,recency_pop_0.1,0.097067,0.076943,0.118455
phi_V100_ELOW_z0.5_p0.5_s1,8,recency_pop_0.5,0.103812,0.083369,0.128554
phi_V100_ELOW_z0.5_p0.5_s1,8,recency_pop_1.0,0.101736,0.080047,0.122202
phi_V100_ELOW_z0.5_p0.5_s1,8,pop_category,0.110858,0.088710,0.132351
phi_V100_ELOW_z0.5_p0.5_s1,8,pop_price,0.105925,0.084124,0.129302
phi_V100_ELOW_z0.5_p0.5_s1,8,content_knn_1,0.012570,0.006883,0.019239
phi_V100_ELOW_z0.5_p0.5_s1,8,content_knn_3,0.011990,0.006675,0.017854
phi_V100_ELOW_z0.5_p0.5_s1,8,content_knn_5,0.010341,0.005255,0.015766
phi_V100_ELOW_z0.5_p0.5_s1,8,last_item_nbhd,0.010581,0.005818,0.015823
phi_V100_ELOW_z0.5_p0.5_s1,8,pop_scaled_content,0.101112,0.080913,0.122802
phi_V100_ELOW_z0.5_p0.5_s1,8,co_purchase,0.002729,0.000000,0.006587
phi_V100_ELOW_z0.5_p0.5_s1,8,lambda_hybrid_0.25,0.086825,0.065350,0.108528
phi_V100_ELOW_z0.5_p0.5_s1,8,lambda_hybrid_0.5,0.063928,0.047455,0.081518
phi_V100_ELOW_z0.5_p0.5_s1,8,lambda_hybrid_0.75,0.033706,0.021213,0.046987
phi_V100_ELOW_z0.5_p0.5_s2,0,pop_global,0.682036,0.658117,0.707401
phi_V100_ELOW_z0.5_p0.5_s2,0,recency_pop_0.1,0.030015,0.021130,0.039554
phi_V100_ELOW_z0.5_p0.5_s2,0,recency_pop_0.5,0.032318,0.022357,0.042289
phi_V100_ELOW_z0.5_p0.5_s2,0,recency_pop_1.0,0.035549,0.025545,0.045862
phi_V100_ELOW_z0.5_p0.5_s2,0,pop_category,0.672569,0.648784,0.697808
phi_V100_ELOW_z0.5_p0.5_s2,0,pop_price,0.672752,0.649510,0.696734
phi_V100_ELOW_z0.5_p0.5_s2,0,lambda_hybrid_0.25,0.682036,0.659431,0.706463
phi_V100_ELOW_z0.5_p0.5_s2,0,lambda_hybrid_0.5,0.682036,0.657587,0.705064
phi_V100_ELOW_z0.5_p0.5_s2,0,lambda_hybrid_0.75,0.682036,0.659118,0.704016
phi_V100_ELOW_z0.5_p0.5_s2,0,active_elic2,0.672569,0.645863,0.697016
phi_V100_ELOW_z0.5_p0.5_s2,1,pop_global,0.406458,0.379803,0.431037
phi_V100_ELOW_z0.5_p0.5_s2,1,recency_pop_0.1,0.047524,0.037181,0.056868
phi_V100_ELOW_z0.5_p0.5_s2,1,recency_pop_0.5,0.084534,0.071050,0.098624
phi_V100_ELOW_z0.5_p0.5_s2,1,recency_pop_1.0,0.094526,0.079647,0.109511
phi_V100_ELOW_z0.5_p0.5_s2,1,pop_category,0.382943,0.356374,0.410333
phi_V100_ELOW_z0.5_p0.5_s2,1,pop_price,0.398151,0.372127,0.425551
phi_V100_ELOW_z0.5_p0.5_s2,1,content_knn_1,0.012215,0.007691,0.017234
phi_V100_ELOW_z0.5_p0.5_s2,1,content_knn_3,0.007821,0.003539,0.012226
phi_V100_ELOW_z0.5_p0.5_s2,1,content_knn_5,0.026306,0.018148,0.036061
phi_V100_ELOW_z0.5_p0.5_s2,1,last_item_nbhd,0.018685,0.013419,0.024974
phi_V100_ELOW_z0.5_p0.5_s2,1,pop_scaled_content,0.358706,0.333471,0.385134
phi_V100_ELOW_z0.5_p0.5_s2,1,co_purchase,0.010491,0.006049,0.015071
phi_V100_ELOW_z0.5_p0.5_s2,1,lambda_hybrid_0.25,0.375410,0.347755,0.400295
phi_V100_ELOW_z0.5_p0.5_s2,1,lambda_hybrid_0.5,0.307814,0.280100,0.335701
phi_V100_ELOW_z0.5_p0.5_s2,1,lambda_hybrid_0.75,0.129258,0.109734,0.151240
phi_V100_ELOW_z0.5_p0.5_s2,2,pop_global,0.338977,0.312306,0.365221
phi_V100_ELOW_z0.5_p0.5_s2,2,recency_pop_0.1,0.069581,0.056771,0.081846
phi_V100_ELOW_z0.5_p0.5_s2,2,recency_pop_0.5,0.163143,0.142471,0.185129
phi_V100_ELOW_z0.5_p0.5_s2,2,recency_pop_1.0,0.167944,0.147259,0.189265
phi_V100_ELOW_z0.5_p0.5_s2,2,pop_category,0.320006,0.292839,0.348150
phi_V100_ELOW_z0.5_p0.5_s2,2,pop_price,0.327072,0.299067,0.353022
phi_V100_ELOW_z0.5_p0.5_s2,2,content_knn_1,0.009941,0.005322,0.015502
phi_V100_ELOW_z0.5_p0.5_s2,2,content_knn_3,0.006383,0.003178,0.010023
phi_V100_ELOW_z0.5_p0.5_s2,2,content_knn_5,0.012156,0.007912,0.016992
phi_V100_ELOW_z0.5_p0.5_s2,2,last_item_nbhd,0.011726,0.006521,0.017678
phi_V100_ELOW_z0.5_p0.5_s2,2,pop_scaled_content,0.316136,0.290830,0.343798
phi_V100_ELOW_z0.5_p0.5_s2,2,co_purchase,0.000774,0.000000,0.001934
phi_V100_ELOW_z0.5_p0.5_s2,2,lambda_hybrid_0.25,0.313192,0.286116,0.338962
phi_V100_ELOW_z0.5_p0.5_s2,2,lambda_hybrid_0.5,0.269709,0.242282,0.296512
phi_V100_ELOW_z0.5_p0.5_s2,2,lambda_hybrid_0.75,0.117389,0.098849,0.137331
phi_V100_ELOW_z0.5_p0.5_s2,3,pop_global,0.278873,0.256234,0.304854
phi_V100_ELOW_z0.5_p0.5_s2,3,recency_pop_0.1,0.089485,0.075695,0.102610
phi_V100_ELOW_z0.5_p0.5_s2,3,recency_pop_0.5,0.141407,0.121623,0.160355
phi_V100_ELOW_z0.5_p0.5_s2,3,recency_pop_1.0,0.140083,0.121661,0.160345
phi_V100_ELOW_z0.5_p0.5_s2,3,pop_category,0.250954,0.226377,0.276299
phi_V100_ELOW_z0.5_p0.5_s2,3,pop_price,0.270071,0.245976,0.295110
phi_V100_ELOW_z0.5_p0.5_s2,3,content_knn_1,0.007933,0.003849,0.012845
phi_V100_ELOW_z0.5_p0.5_s2,3,content_knn_3,0.004852,0.001653,0.009084
phi_V100_ELOW_z0.5_p0.5_s2,3,content_knn_5,0.008509,0.004216,0.013453
phi_V100_ELOW_z0.5_p0.5_s2,3,last_item_nbhd,0.009284,0.004883,0.014458
phi_V100_ELOW_z0.5_p0.5_s2,3,pop_scaled_content,0.264043,0.238579,0.287454
phi_V100_ELOW_z0.5_p0.5_s2,3,co_purchase,0.009336,0.004700,0.014938
phi_V100_ELOW_z0.5_p0.5_s2,3,lambda_hybrid_0.25,0.246392,0.220782,0.269900
phi_V100_ELOW_z0.5_p0.5_s2,3,lambda_hybrid_0.5,0.201730,0.176863,0.226725
phi_V100_ELOW_z0.5_p0.5_s2,3,lambda_hybrid_0.75,0.098606,0.081407,0.117404
phi_V100_ELOW_z0.5_p0.5_s2,5,pop_global,0.208174,0.184231,0.231149
phi_V100_ELOW_z0.5_p0.5_s2,5,recency_pop_0.1,0.132300,0.114127,0.150301
phi_V100_ELOW_z0.5_p0.5_s2,5,recency_pop_0.5,0.160333,0.140144,0.182752
phi_V100_ELOW_z0.5_p0.5_s2,5,recency_pop_1.0,0.161462,0.140644,0.180216
phi_V100_ELOW_z0.5_p0.5_s2,5,pop_category,0.186165,0.162797,0.209526
phi_V100_ELOW_z0.5_p0.5_s2,5,pop_price,0.195319,0.170167,0.218847
phi_V100_ELOW_z0.5_p0.5_s2,5,content_knn_1,0.007941,0.004058,0.012209
phi_V100_ELOW_z0.5_p0.5_s2,5,content_knn_3,0.009891,0.004806,0.016021
phi_V100_ELOW_z0.5_p0.5_s2,5,content_knn_5,0.010007,0.005229,0.015019
phi_V100_ELOW_z0.5_p0.5_s2,5,last_item_nbhd,0.011284,0.006739,0.016169
phi_V100_ELOW_z0.5_p0.5_s2,5,pop_scaled_content,0.197146,0.176244,0.222599
phi_V100_ELOW_z0.5_p0.5_s2,5,co_purchase,0.004399,0.001447,0.008488
phi_V100_ELOW_z0.5_p0.5_s2,5,lambda_hybrid_0.25,0.176043,0.153920,0.198997
phi_V100_ELOW_z0.5_p0.5_s2,5,lambda_hybrid_0.5,0.153780,0.132157,0.176218
phi_V100_ELOW_z0.5_p0.5_s2,5,lambda_hybrid_0.75,0.066307,0.052906,0.081092
phi_V100_ELOW_z0.5_p0.5_s2,8,pop_global,0.120184,0.094751,0.143581
phi_V100_ELOW_z0.5_p0.5_s2,8,recency_pop_0.1,0.116698,0.094143,0.137316
phi_V100_ELOW_z0.5_p0.5_s2,8,recency_pop_0.5,0.117169,0.096872,0.139444
phi_V100_ELOW_z0.5_p0.5_s2,8,recency_pop_1.0,0.115980,0.095087,0.138942
phi_V100_ELOW_z0.5_p0.5_s2,8,pop_category,0.124856,0.103034,0.146317
phi_V100_ELOW_z0.5_p0.5_s2,8,pop_price,0.112023,0.089268,0.133975
phi_V100_ELOW_z0.5_p0.5_s2,8,content_knn_1,0.013272,0.007227,0.020580
phi_V100_ELOW_z0.5_p0.5_s2,8,content_knn_3,0.010129,0.004725,0.016746
phi_V100_ELOW_z0.5_p0.5_s2,8,content_knn_5,0.014849,0.007483,0.023533
phi_V100_ELOW_z0.5_p0.5_s2,8,last_item_nbhd,0.014077,0.007527,0.021756
phi_V100_ELOW_z0.5_p0.5_s2,8,pop_scaled_content,0.116299,0.094064,0.139626
phi_V100_ELOW_z0.5_p0.5_s2,8,co_purchase,0.005648,0.000947,0.011100
phi_V100_ELOW_z0.5_p0.5_s2,8,lambda_hybrid_0.25,0.114812,0.093814,0.138254
phi_V100_ELOW_z0.5_p0.5_s2,8,lambda_hybrid_0.5,0.096809,0.075919,0.118844
phi_V100_ELOW_z0.5_p0.5_s2,8,lambda_hybrid_0.75,0.043813,0.030744,0.057890
phi_V100_ELOW_z0.5_p0_s0,0,pop_global,0.735160,0.713012,0.756283
phi_V100_ELOW_z0.5_p0_s0,0,recency_pop_0.1,0.022600,0.015074,0.031554
phi_V100_ELOW_z0.5_p0_s0,0,recency_pop_0.5,0.026611,0.018662,0.036569
phi_V100_ELOW_z0.5_p0_s0,0,recency_pop_1.0,0.027086,0.017952,0.036372
phi_V100_ELOW_z0.5_p0_s0,0,pop_category,0.718810,0.697564,0.742408
phi_V100_ELOW_z0.5_p0_s0,0,pop_price,0.734284,0.710861,0.756008
phi_V100_ELOW_z0.5_p0_s0,0,lambda_hybrid_0.25,0.735160,0.713916,0.757579
phi_V100_ELOW_z0.5_p0_s0,0,lambda_hybrid_0.5,0.735160,0.714234,0.757103
phi_V100_ELOW_z0.5_p0_s0,0,lambda_hybrid_0.75,0.735160,0.713304,0.757193
phi_V100_ELOW_z0.5_p0_s0,0,active_elic2,0.718810,0.696159,0.741430
phi_V100_ELOW_z0.5_p0_s0,1,pop_global,0.417068,0.390746,0.443849
phi_V100_ELOW_z0.5_p0_s0,1,recency_pop_0.1,0.104526,0.088661,0.121592
phi_V100_ELOW_z0.5_p0_s0,1,recency_pop_0.5,0.113683,0.096069,0.130529
phi_V100_ELOW_z0.5_p0_s0,1,recency_pop_1.0,0.114956,0.098425,0.134061
phi_V100_ELOW_z0.5_p0_s0,1,pop_category,0.401389,0.375635,0.428242
phi_V100_ELOW_z0.5_p0_s0,1,pop_price,0.408922,0.380956,0.438542
phi_V100_ELOW_z0.5_p0_s0,1,content_knn_1,0.062057,0.048936,0.074946
phi_V100_ELOW_z0.5_p0_s0,1,content_knn_3,0.091589,0.075440,0.107558
phi_V100_ELOW_z0.5_p0_s0,1,content_knn_5,0.095271,0.079021,0.112799
phi_V100_ELOW_z0.5_p0_s0,1,last_item_nbhd,0.082201,0.066054,0.099467
phi_V100_ELOW_z0.5_p0_s0,1,pop_scaled_content,0.397660,0.371325,0.424619
phi_V100_ELOW_z0.5_p0_s0,1,co_purchase,0.009306,0.005044,0.013903
phi_V100_ELOW_z0.5_p0_s0,1,lambda_hybrid_0.25,0.397604,0.370434,0.423927
phi_V100_ELOW_z0.5_p0_s0,1,lambda_hybrid_0.5,0.343380,0.314805,0.369810
phi_V100_ELOW_z0.5_p0_s0,1,lambda_hybrid_0.75,0.262138,0.235989,0.286935
phi_V100_ELOW_z0.5_p0_s0,2,pop_global,0.304945,0.281639,0.329925
phi_V100_ELOW_z0.5_p0_s0,2,recency_pop_0.1,0.140586,0.121403,0.159538
phi_V100_ELOW_z0.5_p0_s0,2,recency_pop_0.5,0.168267,0.150251,0.186920
phi_V100_ELOW_z0.5_p0_s0,2,recency_pop_1.0,0.180937,0.161582,0.201689
phi_V100_ELOW_z0.5_p0_s0,2,pop_category,0.290512,0.266691,0.314884
phi_V100_ELOW_z0.5_p0_s0,2,pop_price,0.295491,0.269128,0.320121
phi_V100_ELOW_z0.5_p0_s0,2,content_knn_1,0.070434,0.056878,0.083842
phi_V100_ELOW_z0.5_p0_s0,2,content_knn_3,0.090030,0.074233,0.105959
phi_V100_ELOW_z0.5_p0_s0,2,content_knn_5,0.073865,0.060185,0.087481
phi_V100_ELOW_z0.5_p0_s0,2,last_item_nbhd,0.075042,0.059707,0.089091
phi_V100_ELOW_z0.5_p0_s0,2,pop_scaled_content,0.295205,0.270742,0.318858
phi_V100_ELOW_z0.5_p0_s0,2,co_purchase,0.006335,0.002431,0.011654
phi_V100_ELOW_z0.5_p0_s0,2,lambda_hybrid_0.25,0.289214,0.264117,0.314773
phi_V100_ELOW_z0.5_p0_s0,2,lambda_hybrid_0.5,0.237535,0.211596,0.263742
phi_V100_ELOW_z0.5_p0_s0,2,lambda_hybrid_0.75,0.162557,0.141881,0.183700
phi_V100_ELOW_z0.5_p0_s0,3,pop_global,0.264610,0.241652,0.287666
phi_V100_ELOW_z0.5_p0_s0,3,recency_pop_0.1,0.188508,0.165664,0.210326
phi_V100_ELOW_z0.5_p0_s0,3,recency_pop_0.5,0.221043,0.198508,0.243514
phi_V100_ELOW_z0.5_p0_s0,3,recency_pop_1.0,0.226117,0.204775,0.247481
phi_V100_ELOW_z0.5_p0_s0,3,pop_category,0.257366,0.232013,0.280888
phi_V100_ELOW_z0.5_p0_s0,3,pop_price,0.257429,0.234753,0.280286
phi_V100_ELOW_z0.5_p0_s0,3,content_knn_1,0.058012,0.046747,0.070246
phi_V100_ELOW_z0.5_p0_s0,3,content_knn_3,0.079655,0.064876,0.095538
phi_V100_ELOW_z0.5_p0_s0,3,content_knn_5,0.076375,0.062308,0.091376
phi_V100_ELOW_z0.5_p0_s0,3,last_item_nbhd,0.069714,0.056371,0.084904
phi_V100_ELOW_z0.5_p0_s0,3,pop_scaled_content,0.253745,0.229907,0.277401
phi_V100_ELOW_z0.5_p0_s0,3,co_purchase,0.002473,0.000391,0.005256
phi_V100_ELOW_z0.5_p0_s0,3,lambda_hybrid_0.25,0.245330,0.219634,0.268534
phi_V100_ELOW_z0.5_p0_s0,3,lambda_hybrid_0.5,0.195269,0.174128,0.218295
phi_V100_ELOW_z0.5_p0_s0,3,lambda_hybrid_0.75,0.125012,0.107987,0.144363
phi_V100_ELOW_z0.5_p0_s0,5,pop_global,0.204116,0.183823,0.226924
phi_V100_ELOW_z0.5_p0_s0,5,recency_pop_0.1,0.197730,0.174236,0.218903
phi_V100_ELOW_z0.5_p0_s0,5,recency_pop_0.5,0.203465,0.181899,0.225366
phi_V100_ELOW_z0.5_p0_s0,5,recency_pop_1.0,0.203861,0.181729,0.226642
phi_V100_ELOW_z0.5_p0_s0,5,pop_category,0.186235,0.164898,0.208505
phi_V100_ELOW_z0.5_p0_s0,5,pop_price,0.194187,0.171767,0.216627
phi_V100_ELOW_z0.5_p0_s0,5,content_knn_1,0.042264,0.032188,0.052580
phi_V100_ELOW_z0.5_p0_s0,5,content_knn_3,0.061867,0.048399,0.075813
phi_V100_ELOW_z0.5_p0_s0,5,content_knn_5,0.059155,0.047050,0.072828
phi_V100_ELOW_z0.5_p0_s0,5,last_item_nbhd,0.049996,0.038451,0.062451
phi_V100_ELOW_z0.5_p0_s0,5,pop_scaled_content,0.186987,0.163647,0.208817
phi_V100_ELOW_z0.5_p0_s0,5,co_purchase,0.007072,0.002608,0.012949
phi_V100_ELOW_z0.5_p0_s0,5,lambda_hybrid_0.25,0.172433,0.150054,0.193856
phi_V100_ELOW_z0.5_p0_s0,5,lambda_hybrid_0.5,0.132375,0.112948,0.150870
phi_V100_ELOW_z0.5_p0_s0,5,lambda_hybrid_0.75,0.080704,0.066138,0.097871
phi_V100_ELOW_z0.5_p0_s0,8,pop_global,0.207014,0.179711,0.233937
phi_V100_ELOW_z0.5_p0_s0,8,recency_pop_0.1,0.205215,0.180414,0.232721
phi_V100_ELOW_z0.5_p0_s0,8,recency_pop_0.5,0.207014,0.181945,0.233759
phi_V100_ELOW_z0.5_p0_s0,8,recency_pop_1.0,0.207014,0.181717,0.233230
phi_V100_ELOW_z0.5_p0_s0,8,pop_category,0.172239,0.148933,0.197544
phi_V100_ELOW_z0.5_p0_s0,8,pop_price,0.189846,0.166123,0.215499
phi_V100_ELOW_z0.5_p0_s0,8,content_knn_1,0.046009,0.034195,0.058858
phi_V100_ELOW_z0.5_p0_s0,8,content_knn_3,0.065685,0.049094,0.083006
phi_V100_ELOW_z0.5_p0_s0,8,content_knn_5,0.069189,0.052082,0.086612
phi_V100_ELOW_z0.5_p0_s0,8,last_item_nbhd,0.053152,0.040160,0.067392
phi_V100_ELOW_z0.5_p0_s0,8,pop_scaled_content,0.182726,0.157201,0.207863
phi_V100_ELOW_z0.5_p0_s0,8,co_purchase,0.007327,0.001499,0.014073
phi_V100_ELOW_z0.5_p0_s0,8,lambda_hybrid_0.25,0.155811,0.130411,0.181424
phi_V100_ELOW_z0.5_p0_s0,8,lambda_hybrid_0.5,0.118872,0.096503,0.141970
phi_V100_ELOW_z0.5_p0_s0,8,lambda_hybrid_0.75,0.077477,0.060038,0.096816
phi_V100_ELOW_z0.5_p0_s1,0,pop_global,0.740217,0.719127,0.761013
phi_V100_ELOW_z0.5_p0_s1,0,recency_pop_0.1,0.037214,0.027699,0.048098
phi_V100_ELOW_z0.5_p0_s1,0,recency_pop_0.5,0.078648,0.066711,0.091821
phi_V100_ELOW_z0.5_p0_s1,0,recency_pop_1.0,0.113329,0.097836,0.128953
phi_V100_ELOW_z0.5_p0_s1,0,pop_category,0.740217,0.719163,0.759659
phi_V100_ELOW_z0.5_p0_s1,0,pop_price,0.731173,0.711034,0.751884
phi_V100_ELOW_z0.5_p0_s1,0,lambda_hybrid_0.25,0.740217,0.718884,0.760379
phi_V100_ELOW_z0.5_p0_s1,0,lambda_hybrid_0.5,0.740217,0.719088,0.759836
phi_V100_ELOW_z0.5_p0_s1,0,lambda_hybrid_0.75,0.740217,0.720106,0.761093
phi_V100_ELOW_z0.5_p0_s1,0,active_elic2,0.690714,0.666640,0.712988
phi_V100_ELOW_z0.5_p0_s1,1,pop_global,0.360924,0.333900,0.388457
phi_V100_ELOW_z0.5_p0_s1,1,recency_pop_0.1,0.060982,0.049004,0.075254
phi_V100_ELOW_z0.5_p0_s1,1,recency_pop_0.5,0.204502,0.179953,0.230051
phi_V100_ELOW_z0.5_p0_s1,1,recency_pop_1.0,0.209931,0.184684,0.233655
phi_V100_ELOW_z0.5_p0_s1,1,pop_category,0.360924,0.336026,0.388252
phi_V100_ELOW_z0.5_p0_s1,1,pop_price,0.359267,0.332882,0.387462
phi_V100_ELOW_z0.5_p0_s1,1,content_knn_1,0.032292,0.024361,0.040224
phi_V100_ELOW_z0.5_p0_s1,1,content_knn_3,0.034202,0.026540,0.042838
phi_V100_ELOW_z0.5_p0_s1,1,content_knn_5,0.032723,0.025361,0.040723
phi_V100_ELOW_z0.5_p0_s1,1,last_item_nbhd,0.030574,0.023766,0.037811
phi_V100_ELOW_z0.5_p0_s1,1,pop_scaled_content,0.312392,0.286054,0.338745
phi_V100_ELOW_z0.5_p0_s1,1,co_purchase,0.014185,0.008973,0.020331
phi_V100_ELOW_z0.5_p0_s1,1,lambda_hybrid_0.25,0.335626,0.308825,0.363749
phi_V100_ELOW_z0.5_p0_s1,1,lambda_hybrid_0.5,0.258827,0.233395,0.282854
phi_V100_ELOW_z0.5_p0_s1,1,lambda_hybrid_0.75,0.086271,0.071625,0.103355
phi_V100_ELOW_z0.5_p0_s1,2,pop_global,0.252141,0.228111,0.274208
phi_V100_ELOW_z0.5_p0_s1,2,recency_pop_0.1,0.076741,0.062546,0.090599
phi_V100_ELOW_z0.5_p0_s1,2,recency_pop_0.5,0.114601,0.095761,0.134179
phi_V100_ELOW_z0.5_p0_s1,2,recency_pop_1.0,0.114601,0.097107,0.133670
phi_V100_ELOW_z0.5_p0_s1,2,pop_category,0.252141,0.228608,0.279031
phi_V100_ELOW_z0.5_p0_s1,2,pop_price,0.249627,0.225871,0.275194
phi_V100_ELOW_z0.5_p0_s1,2,content_knn_1,0.021028,0.014035,0.028809
phi_V100_ELOW_z0.5_p0_s1,2,content_knn_3,0.023153,0.016521,0.030538
phi_V100_ELOW_z0.5_p0_s1,2,content_knn_5,0.018748,0.013091,0.024585
phi_V100_ELOW_z0.5_p0_s1,2,last_item_nbhd,0.018098,0.012697,0.024623
phi_V100_ELOW_z0.5_p0_s1,2,pop_scaled_content,0.227750,0.205827,0.252216
phi_V100_ELOW_z0.5_p0_s1,2,co_purchase,0.008770,0.004677,0.013649
phi_V100_ELOW_z0.5_p0_s1,2,lambda_hybrid_0.25,0.216306,0.192636,0.241412
phi_V100_ELOW_z0.5_p0_s1,2,lambda_hybrid_0.5,0.158256,0.138780,0.178590
phi_V100_ELOW_z0.5_p0_s1,2,lambda_hybrid_0.75,0.086659,0.070370,0.102818
phi_V100_ELOW_z0.5_p0_s1,3,pop_global,0.221570,0.198486,0.245363
phi_V100_ELOW_z0.5_p0_s1,3,recency_pop_0.1,0.085412,0.069802,0.101628
phi_V100_ELOW_z0.5_p0_s1,3,recency_pop_0.5,0.102050,0.085108,0.119719
phi_V100_ELOW_z0.5_p0_s1,3,recency_pop_1.0,0.102050,0.084464,0.119641
phi_V100_ELOW_z0.5_p0_s1,3,pop_category,0.220010,0.197033,0.242759
phi_V100_ELOW_z0.5_p0_s1,3,pop_price,0.214854,0.190536,0.237804
phi_V100_ELOW_z0.5_p0_s1,3,content_knn_1,0.020377,0.013892,0.027202
phi_V100_ELOW_z0.5_p0_s1,3,content_knn_3,0.017096,0.011769,0.023060
phi_V100_ELOW_z0.5_p0_s1,3,content_knn_5,0.019704,0.013461,0.026459
phi_V100_ELOW_z0.5_p0_s1,3,last_item_nbhd,0.018189,0.013142,0.023903
phi_V100_ELOW_z0.5_p0_s1,3,pop_scaled_content,0.200323,0.179014,0.221694
phi_V100_ELOW_z0.5_p0_s1,3,co_purchase,0.008586,0.003528,0.014008
phi_V100_ELOW_z0.5_p0_s1,3,lambda_hybrid_0.25,0.186810,0.164085,0.206975
phi_V100_ELOW_z0.5_p0_s1,3,lambda_hybrid_0.5,0.138516,0.118091,0.159663
phi_V100_ELOW_z0.5_p0_s1,3,lambda_hybrid_0.75,0.067116,0.053233,0.082186
phi_V100_ELOW_z0.5_p0_s1,5,pop_global,0.152780,0.132664,0.174036
phi_V100_ELOW_z0.5_p0_s1,5,recency_pop_0.1,0.081095,0.064775,0.097061
phi_V100_ELOW_z0.5_p0_s1,5,recency_pop_0.5,0.101112,0.084001,0.120723
phi_V100_ELOW_z0.5_p0_s1,5,recency_pop_1.0,0.101139,0.083122,0.120268
phi_V100_ELOW_z0.5_p0_s1,5,pop_category,0.151464,0.129108,0.173070
phi_V100_ELOW_z0.5_p0_s1,5,pop_price,0.139223,0.118925,0.158301
phi_V100_ELOW_z0.5_p0_s1,5,content_knn_1,0.017334,0.011854,0.023194
phi_V100_ELOW_z0.5_p0_s1,5,content_knn_3,0.016937,0.011408,0.022672
phi_V100_ELOW_z0.5_p0_s1,5,content_knn_5,0.018618,0.011985,0.025769
phi_V100_ELOW_z0.5_p0_s1,5,last_item_nbhd,0.017226,0.011547,0.023417
phi_V100_ELOW_z0.5_p0_s1,5,pop_scaled_content,0.129427,0.111615,0.149138
phi_V100_ELOW_z0.5_p0_s1,5,co_purchase,0.002158,0.000414,0.004578
phi_V100_ELOW_z0.5_p0_s1,5,lambda_hybrid_0.25,0.115450,0.096054,0.135112
phi_V100_ELOW_z0.5_p0_s1,5,lambda_hybrid_0.5,0.088171,0.072343,0.105715
phi_V100_ELOW_z0.5_p0_s1,5,lambda_hybrid_0.75,0.045722,0.034400,0.058794
phi_V100_ELOW_z0.5_p0_s1,8,pop_global,0.116241,0.095184,0.138042
phi_V100_ELOW_z0.5_p0_s1,8,recency_pop_0.1,0.094661,0.075438,0.116491
phi_V100_ELOW_z0.5_p0_s1,8,recency_pop_0.5,0.104718,0.084237,0.127101
phi_V100_ELOW_z0.5_p0_s1,8,recency_pop_1.0,0.104718,0.084278,0.126368
phi_V100_ELOW_z0.5_p0_s1,8,pop_category,0.116044,0.095402,0.138102
phi_V100_ELOW_z0.5_p0_s1,8,pop_price,0.108415,0.089104,0.131015
phi_V100_ELOW_z0.5_p0_s1,8,content_knn_1,0.015617,0.008683,0.022578
phi_V100_ELOW_z0.5_p0_s1,8,content_knn_3,0.014171,0.007946,0.021020
phi_V100_ELOW_z0.5_p0_s1,8,content_knn_5,0.014729,0.008258,0.022292
phi_V100_ELOW_z0.5_p0_s1,8,last_item_nbhd,0.013677,0.008163,0.020215
phi_V100_ELOW_z0.5_p0_s1,8,pop_scaled_content,0.106005,0.086902,0.127916
phi_V100_ELOW_z0.5_p0_s1,8,co_purchase,0.003030,0.000000,0.007535
phi_V100_ELOW_z0.5_p0_s1,8,lambda_hybrid_0.25,0.083360,0.063798,0.103941
phi_V100_ELOW_z0.5_p0_s1,8,lambda_hybrid_0.5,0.066153,0.049709,0.083617
phi_V100_ELOW_z0.5_p0_s1,8,lambda_hybrid_0.75,0.038134,0.025945,0.051916
phi_V100_ELOW_z0.5_p1_s0,0,pop_global,0.720036,0.697612,0.741814
phi_V100_ELOW_z0.5_p1_s0,0,recency_pop_0.1,0.025749,0.016476,0.035295
phi_V100_ELOW_z0.5_p1_s0,0,recency_pop_0.5,0.026179,0.017959,0.035765
phi_V100_ELOW_z0.5_p1_s0,0,recency_pop_1.0,0.027874,0.018329,0.037548
phi_V100_ELOW_z0.5_p1_s0,0,pop_category,0.705336,0.683234,0.729745
phi_V100_ELOW_z0.5_p1_s0,0,pop_price,0.720036,0.697425,0.743701
phi_V100_ELOW_z0.5_p1_s0,0,lambda_hybrid_0.25,0.720036,0.699830,0.741166
phi_V100_ELOW_z0.5_p1_s0,0,lambda_hybrid_0.5,0.720036,0.698394,0.741109
phi_V100_ELOW_z0.5_p1_s0,0,lambda_hybrid_0.75,0.720036,0.698132,0.742525
phi_V100_ELOW_z0.5_p1_s0,0,active_elic2,0.705336,0.683050,0.728166
phi_V100_ELOW_z0.5_p1_s0,1,pop_global,0.406776,0.379166,0.433463
phi_V100_ELOW_z0.5_p1_s0,1,recency_pop_0.1,0.100053,0.083877,0.116936
phi_V100_ELOW_z0.5_p1_s0,1,recency_pop_0.5,0.104764,0.086997,0.123193
phi_V100_ELOW_z0.5_p1_s0,1,recency_pop_1.0,0.108529,0.091659,0.124429
phi_V100_ELOW_z0.5_p1_s0,1,pop_category,0.392367,0.365558,0.420230
phi_V100_ELOW_z0.5_p1_s0,1,pop_price,0.398265,0.370759,0.425093
phi_V100_ELOW_z0.5_p1_s0,1,content_knn_1,0.056477,0.044477,0.067559
phi_V100_ELOW_z0.5_p1_s0,1,content_knn_3,0.088901,0.073337,0.105878
phi_V100_ELOW_z0.5_p1_s0,1,content_knn_5,0.091138,0.074766,0.106909
phi_V100_ELOW_z0.5_p1_s0,1,last_item_nbhd,0.080482,0.065005,0.097780
phi_V100_ELOW_z0.5_p1_s0,1,pop_scaled_content,0.385063,0.357432,0.410490
phi_V100_ELOW_z0.5_p1_s0,1,co_purchase,0.012171,0.007242,0.017964
phi_V100_ELOW_z0.5_p1_s0,1,lambda_hybrid_0.25,0.391114,0.363376,0.419283
phi_V100_ELOW_z0.5_p1_s0,1,lambda_hybrid_0.5,0.340644,0.312134,0.365905
phi_V100_ELOW_z0.5_p1_s0,1,lambda_hybrid_0.75,0.267613,0.240732,0.293864
phi_V100_ELOW_z0.5_p1_s0,2,pop_global,0.279945,0.255221,0.303657
phi_V100_ELOW_z0.5_p1_s0,2,recency_pop_0.1,0.128484,0.110609,0.146512
phi_V100_ELOW_z0.5_p1_s0,2,recency_pop_0.5,0.154397,0.134632,0.174650
phi_V100_ELOW_z0.5_p1_s0,2,recency_pop_1.0,0.162118,0.143601,0.182518
phi_V100_ELOW_z0.5_p1_s0,2,pop_category,0.263565,0.240346,0.287489
phi_V100_ELOW_z0.5_p1_s0,2,pop_price,0.272719,0.248872,0.296463
phi_V100_ELOW_z0.5_p1_s0,2,content_knn_1,0.061972,0.049629,0.074630
phi_V100_ELOW_z0.5_p1_s0,2,content_knn_3,0.081031,0.066185,0.096220
phi_V100_ELOW_z0.5_p1_s0,2,content_knn_5,0.065148,0.052303,0.077545
phi_V100_ELOW_z0.5_p1_s0,2,last_item_nbhd,0.064055,0.050159,0.077067
phi_V100_ELOW_z0.5_p1_s0,2,pop_scaled_content,0.273152,0.250916,0.298088
phi_V100_ELOW_z0.5_p1_s0,2,co_purchase,0.007976,0.003696,0.012469
phi_V100_ELOW_z0.5_p1_s0,2,lambda_hybrid_0.25,0.265397,0.239895,0.290085
phi_V100_ELOW_z0.5_p1_s0,2,lambda_hybrid_0.5,0.217897,0.192773,0.243797
phi_V100_ELOW_z0.5_p1_s0,2,lambda_hybrid_0.75,0.153102,0.133390,0.175233
phi_V100_ELOW_z0.5_p1_s0,3,pop_global,0.250904,0.225790,0.274093
phi_V100_ELOW_z0.5_p1_s0,3,recency_pop_0.1,0.172801,0.151878,0.192281
phi_V100_ELOW_z0.5_p1_s0,3,recency_pop_0.5,0.203453,0.181484,0.224962
phi_V100_ELOW_z0.5_p1_s0,3,recency_pop_1.0,0.205384,0.183785,0.227258
phi_V100_ELOW_z0.5_p1_s0,3,pop_category,0.240156,0.216518,0.264262
phi_V100_ELOW_z0.5_p1_s0,3,pop_price,0.245762,0.222945,0.270999
phi_V100_ELOW_z0.5_p1_s0,3,content_knn_1,0.065149,0.052467,0.076985
phi_V100_ELOW_z0.5_p1_s0,3,content_knn_3,0.081088,0.066638,0.095302
phi_V100_ELOW_z0.5_p1_s0,3,content_knn_5,0.078477,0.064434,0.093133
phi_V100_ELOW_z0.5_p1_s0,3,last_item_nbhd,0.074214,0.059098,0.089205
phi_V100_ELOW_z0.5_p1_s0,3,pop_scaled_content,0.242146,0.218848,0.266461
phi_V100_ELOW_z0.5_p1_s0,3,co_purchase,0.005205,0.002042,0.009618
phi_V100_ELOW_z0.5_p1_s0,3,lambda_hybrid_0.25,0.238969,0.216078,0.262416
phi_V100_ELOW_z0.5_p1_s0,3,lambda_hybrid_0.5,0.193777,0.172811,0.215675
phi_V100_ELOW_z0.5_p1_s0,3,lambda_hybrid_0.75,0.129107,0.110729,0.150253
phi_V100_ELOW_z0.5_p1_s0,5,pop_global,0.205782,0.184066,0.227277
phi_V100_ELOW_z0.5_p1_s0,5,recency_pop_0.1,0.192711,0.170937,0.213737
phi_V100_ELOW_z0.5_p1_s0,5,recency_pop_0.5,0.200839,0.177887,0.224156
phi_V100_ELOW_z0.5_p1_s0,5,recency_pop_1.0,0.202234,0.181510,0.225167
phi_V100_ELOW_z0.5_p1_s0,5,pop_category,0.185247,0.163345,0.209592
phi_V100_ELOW_z0.5_p1_s0,5,pop_price,0.196542,0.175436,0.219585
phi_V100_ELOW_z0.5_p1_s0,5,content_knn_1,0.049360,0.039043,0.061209
phi_V100_ELOW_z0.5_p1_s0,5,content_knn_3,0.064581,0.052143,0.078536
phi_V100_ELOW_z0.5_p1_s0,5,content_knn_5,0.065722,0.052165,0.080827
phi_V100_ELOW_z0.5_p1_s0,5,last_item_nbhd,0.061883,0.049329,0.075060
phi_V100_ELOW_z0.5_p1_s0,5,pop_scaled_content,0.193739,0.170391,0.215918
phi_V100_ELOW_z0.5_p1_s0,5,co_purchase,0.003700,0.000677,0.007643
phi_V100_ELOW_z0.5_p1_s0,5,lambda_hybrid_0.25,0.178733,0.156027,0.202654
phi_V100_ELOW_z0.5_p1_s0,5,lambda_hybrid_0.5,0.149957,0.128796,0.171381
phi_V100_ELOW_z0.5_p1_s0,5,lambda_hybrid_0.75,0.093621,0.075661,0.112868
phi_V100_ELOW_z0.5_p1_s0,8,pop_global,0.180924,0.156375,0.205810
phi_V100_ELOW_z0.5_p1_s0,8,recency_pop_0.1,0.176212,0.152442,0.201386
phi_V100_ELOW_z0.5_p1_s0,8,recency_pop_0.5,0.180344,0.156836,0.207023
phi_V100_ELOW_z0.5_p1_s0,8,recency_pop_1.0,0.180344,0.155634,0.205551
phi_V100_ELOW_z0.5_p1_s0,8,pop_category,0.146719,0.123760,0.170023
phi_V100_ELOW_z0.5_p1_s0,8,pop_price,0.160327,0.137887,0.183821
phi_V100_ELOW_z0.5_p1_s0,8,content_knn_1,0.041158,0.029860,0.054058
phi_V100_ELOW_z0.5_p1_s0,8,content_knn_3,0.053739,0.038009,0.069681
phi_V100_ELOW_z0.5_p1_s0,8,content_knn_5,0.054604,0.039761,0.071554
phi_V100_ELOW_z0.5_p1_s0,8,last_item_nbhd,0.042146,0.030921,0.054688
phi_V100_ELOW_z0.5_p1_s0,8,pop_scaled_content,0.154966,0.130000,0.177483
phi_V100_ELOW_z0.5_p1_s0,8,co_purchase,0.003091,0.000000,0.007382
phi_V100_ELOW_z0.5_p1_s0,8,lambda_hybrid_0.25,0.128494,0.104007,0.153867
phi_V100_ELOW_z0.5_p1_s0,8,lambda_hybrid_0.5,0.109329,0.087450,0.133873
phi_V100_ELOW_z0.5_p1_s0,8,lambda_hybrid_0.75,0.068650,0.051507,0.086201
phi_V100_ELOW_z0.5_p1_s1,0,pop_global,0.724328,0.701178,0.746634
phi_V100_ELOW_z0.5_p1_s1,0,recency_pop_0.1,0.031706,0.023235,0.040369
phi_V100_ELOW_z0.5_p1_s1,0,recency_pop_0.5,0.051302,0.039739,0.064444
phi_V100_ELOW_z0.5_p1_s1,0,recency_pop_1.0,0.056266,0.043910,0.068208
phi_V100_ELOW_z0.5_p1_s1,0,pop_category,0.724328,0.703716,0.746411
phi_V100_ELOW_z0.5_p1_s1,0,pop_price,0.720846,0.697375,0.744512
phi_V100_ELOW_z0.5_p1_s1,0,lambda_hybrid_0.25,0.724328,0.702445,0.745245
phi_V100_ELOW_z0.5_p1_s1,0,lambda_hybrid_0.5,0.724328,0.702502,0.745176
phi_V100_ELOW_z0.5_p1_s1,0,lambda_hybrid_0.75,0.724328,0.702264,0.746210
phi_V100_ELOW_z0.5_p1_s1,0,active_elic2,0.667653,0.644401,0.690658
phi_V100_ELOW_z0.5_p1_s1,1,pop_global,0.355490,0.329200,0.382029
phi_V100_ELOW_z0.5_p1_s1,1,recency_pop_0.1,0.063287,0.050381,0.076699
phi_V100_ELOW_z0.5_p1_s1,1,recency_pop_0.5,0.187400,0.164896,0.211375
phi_V100_ELOW_z0.5_p1_s1,1,recency_pop_1.0,0.197771,0.173616,0.220668
phi_V100_ELOW_z0.5_p1_s1,1,pop_category,0.355490,0.331208,0.382770
phi_V100_ELOW_z0.5_p1_s1,1,pop_price,0.354198,0.328142,0.378244
phi_V100_ELOW_z0.5_p1_s1,1,content_knn_1,0.034766,0.026832,0.042784
phi_V100_ELOW_z0.5_p1_s1,1,content_knn_3,0.036851,0.028693,0.046210
phi_V100_ELOW_z0.5_p1_s1,1,content_knn_5,0.035204,0.027091,0.042909
phi_V100_ELOW_z0.5_p1_s1,1,last_item_nbhd,0.032117,0.024540,0.039592
phi_V100_ELOW_z0.5_p1_s1,1,pop_scaled_content,0.305786,0.279805,0.331050
phi_V100_ELOW_z0.5_p1_s1,1,co_purchase,0.017177,0.011061,0.023792
phi_V100_ELOW_z0.5_p1_s1,1,lambda_hybrid_0.25,0.324095,0.298536,0.349846
phi_V100_ELOW_z0.5_p1_s1,1,lambda_hybrid_0.5,0.251529,0.226143,0.276765
phi_V100_ELOW_z0.5_p1_s1,1,lambda_hybrid_0.75,0.085589,0.070271,0.101162
phi_V100_ELOW_z0.5_p1_s1,2,pop_global,0.241491,0.219311,0.265656
phi_V100_ELOW_z0.5_p1_s1,2,recency_pop_0.1,0.079936,0.064147,0.095449
phi_V100_ELOW_z0.5_p1_s1,2,recency_pop_0.5,0.132371,0.112675,0.152564
phi_V100_ELOW_z0.5_p1_s1,2,recency_pop_1.0,0.133742,0.114866,0.152817
phi_V100_ELOW_z0.5_p1_s1,2,pop_category,0.241491,0.217809,0.265985
phi_V100_ELOW_z0.5_p1_s1,2,pop_price,0.240481,0.216383,0.264593
phi_V100_ELOW_z0.5_p1_s1,2,content_knn_1,0.025486,0.018194,0.033882
phi_V100_ELOW_z0.5_p1_s1,2,content_knn_3,0.027032,0.020168,0.034845
phi_V100_ELOW_z0.5_p1_s1,2,content_knn_5,0.021766,0.015510,0.027982
phi_V100_ELOW_z0.5_p1_s1,2,last_item_nbhd,0.020607,0.014887,0.027588
phi_V100_ELOW_z0.5_p1_s1,2,pop_scaled_content,0.219414,0.196162,0.242506
phi_V100_ELOW_z0.5_p1_s1,2,co_purchase,0.006818,0.002430,0.011861
phi_V100_ELOW_z0.5_p1_s1,2,lambda_hybrid_0.25,0.204524,0.181796,0.229072
phi_V100_ELOW_z0.5_p1_s1,2,lambda_hybrid_0.5,0.166101,0.145005,0.187324
phi_V100_ELOW_z0.5_p1_s1,2,lambda_hybrid_0.75,0.091905,0.074575,0.108541
phi_V100_ELOW_z0.5_p1_s1,3,pop_global,0.198096,0.174388,0.222286
phi_V100_ELOW_z0.5_p1_s1,3,recency_pop_0.1,0.090081,0.073578,0.106300
phi_V100_ELOW_z0.5_p1_s1,3,recency_pop_0.5,0.103059,0.085623,0.120920
phi_V100_ELOW_z0.5_p1_s1,3,recency_pop_1.0,0.106461,0.088055,0.124704
phi_V100_ELOW_z0.5_p1_s1,3,pop_category,0.196882,0.175921,0.218663
phi_V100_ELOW_z0.5_p1_s1,3,pop_price,0.195026,0.173035,0.217352
phi_V100_ELOW_z0.5_p1_s1,3,content_knn_1,0.019091,0.013076,0.026209
phi_V100_ELOW_z0.5_p1_s1,3,content_knn_3,0.017369,0.011745,0.023325
phi_V100_ELOW_z0.5_p1_s1,3,content_knn_5,0.018348,0.012259,0.024823
phi_V100_ELOW_z0.5_p1_s1,3,last_item_nbhd,0.015768,0.010554,0.021459
phi_V100_ELOW_z0.5_p1_s1,3,pop_scaled_content,0.175390,0.153662,0.197126
phi_V100_ELOW_z0.5_p1_s1,3,co_purchase,0.005927,0.002266,0.010356
phi_V100_ELOW_z0.5_p1_s1,3,lambda_hybrid_0.25,0.165167,0.144385,0.186100
phi_V100_ELOW_z0.5_p1_s1,3,lambda_hybrid_0.5,0.121045,0.103826,0.140452
phi_V100_ELOW_z0.5_p1_s1,3,lambda_hybrid_0.75,0.059634,0.046626,0.072881
phi_V100_ELOW_z0.5_p1_s1,5,pop_global,0.147215,0.126173,0.168963
phi_V100_ELOW_z0.5_p1_s1,5,recency_pop_0.1,0.085636,0.069222,0.101648
phi_V100_ELOW_z0.5_p1_s1,5,recency_pop_0.5,0.097195,0.081982,0.114676
phi_V100_ELOW_z0.5_p1_s1,5,recency_pop_1.0,0.103415,0.086218,0.121563
phi_V100_ELOW_z0.5_p1_s1,5,pop_category,0.146266,0.126094,0.167254
phi_V100_ELOW_z0.5_p1_s1,5,pop_price,0.143832,0.123176,0.162941
phi_V100_ELOW_z0.5_p1_s1,5,content_knn_1,0.015780,0.010461,0.021709
phi_V100_ELOW_z0.5_p1_s1,5,content_knn_3,0.014644,0.009410,0.019877
phi_V100_ELOW_z0.5_p1_s1,5,content_knn_5,0.015037,0.009148,0.021060
phi_V100_ELOW_z0.5_p1_s1,5,last_item_nbhd,0.013087,0.008220,0.017998
phi_V100_ELOW_z0.5_p1_s1,5,pop_scaled_content,0.129929,0.111123,0.150731
phi_V100_ELOW_z0.5_p1_s1,5,co_purchase,0.006869,0.002738,0.012154
phi_V100_ELOW_z0.5_p1_s1,5,lambda_hybrid_0.25,0.113107,0.095908,0.132441
phi_V100_ELOW_z0.5_p1_s1,5,lambda_hybrid_0.5,0.080422,0.065133,0.097492
phi_V100_ELOW_z0.5_p1_s1,5,lambda_hybrid_0.75,0.039863,0.029223,0.050954
phi_V100_ELOW_z0.5_p1_s1,8,pop_global,0.084090,0.064973,0.104025
phi_V100_ELOW_z0.5_p1_s1,8,recency_pop_0.1,0.072310,0.055093,0.091017
phi_V100_ELOW_z0.5_p1_s1,8,recency_pop_0.5,0.076217,0.059399,0.095259
phi_V100_ELOW_z0.5_p1_s1,8,recency_pop_1.0,0.078600,0.061477,0.097346
phi_V100_ELOW_z0.5_p1_s1,8,pop_category,0.082211,0.065252,0.100696
phi_V100_ELOW_z0.5_p1_s1,8,pop_price,0.077439,0.061292,0.094863
phi_V100_ELOW_z0.5_p1_s1,8,content_knn_1,0.009540,0.004595,0.015086
phi_V100_ELOW_z0.5_p1_s1,8,content_knn_3,0.008778,0.004389,0.013966
phi_V100_ELOW_z0.5_p1_s1,8,content_knn_5,0.009495,0.004698,0.015076
phi_V100_ELOW_z0.5_p1_s1,8,last_item_nbhd,0.009112,0.004181,0.014345
phi_V100_ELOW_z0.5_p1_s1,8,pop_scaled_content,0.083274,0.066673,0.103446
phi_V100_ELOW_z0.5_p1_s1,8,co_purchase,0.000947,0.000000,0.002842
phi_V100_ELOW_z0.5_p1_s1,8,lambda_hybrid_0.25,0.057122,0.041158,0.074278
phi_V100_ELOW_z0.5_p1_s1,8,lambda_hybrid_0.5,0.043609,0.029108,0.058663
phi_V100_ELOW_z0.5_p1_s1,8,lambda_hybrid_0.75,0.027804,0.016513,0.040545
phi_V100_ELOW_z1.5_p0.25_s0,0,pop_global,0.114611,0.100743,0.129021
phi_V100_ELOW_z1.5_p0.25_s0,0,recency_pop_0.1,0.038452,0.029410,0.048182
phi_V100_ELOW_z1.5_p0.25_s0,0,recency_pop_0.5,0.038478,0.029489,0.049498
phi_V100_ELOW_z1.5_p0.25_s0,0,recency_pop_1.0,0.042799,0.032517,0.053129
phi_V100_ELOW_z1.5_p0.25_s0,0,pop_category,0.143563,0.124497,0.161673
phi_V100_ELOW_z1.5_p0.25_s0,0,pop_price,0.117782,0.102806,0.133036
phi_V100_ELOW_z1.5_p0.25_s0,0,lambda_hybrid_0.25,0.114611,0.101687,0.129091
phi_V100_ELOW_z1.5_p0.25_s0,0,lambda_hybrid_0.5,0.114611,0.100954,0.129360
phi_V100_ELOW_z1.5_p0.25_s0,0,lambda_hybrid_0.75,0.114611,0.101334,0.128890
phi_V100_ELOW_z1.5_p0.25_s0,0,active_elic2,0.161843,0.141902,0.183055
phi_V100_ELOW_z1.5_p0.25_s0,1,pop_global,0.116502,0.101735,0.132405
phi_V100_ELOW_z1.5_p0.25_s0,1,recency_pop_0.1,0.083482,0.068871,0.098273
phi_V100_ELOW_z1.5_p0.25_s0,1,recency_pop_0.5,0.083040,0.067611,0.098802
phi_V100_ELOW_z1.5_p0.25_s0,1,recency_pop_1.0,0.081584,0.068305,0.095231
phi_V100_ELOW_z1.5_p0.25_s0,1,pop_category,0.126037,0.109682,0.143621
phi_V100_ELOW_z1.5_p0.25_s0,1,pop_price,0.121426,0.107456,0.136729
phi_V100_ELOW_z1.5_p0.25_s0,1,content_knn_1,0.039785,0.029701,0.050764
phi_V100_ELOW_z1.5_p0.25_s0,1,content_knn_3,0.039544,0.029984,0.049394
phi_V100_ELOW_z1.5_p0.25_s0,1,content_knn_5,0.034972,0.025460,0.045322
phi_V100_ELOW_z1.5_p0.25_s0,1,last_item_nbhd,0.039485,0.028776,0.050243
phi_V100_ELOW_z1.5_p0.25_s0,1,pop_scaled_content,0.110210,0.094025,0.126111
phi_V100_ELOW_z1.5_p0.25_s0,1,co_purchase,0.020927,0.013919,0.028361
phi_V100_ELOW_z1.5_p0.25_s0,1,lambda_hybrid_0.25,0.119839,0.104068,0.136710
phi_V100_ELOW_z1.5_p0.25_s0,1,lambda_hybrid_0.5,0.119857,0.103267,0.136717
phi_V100_ELOW_z1.5_p0.25_s0,1,lambda_hybrid_0.75,0.065579,0.052899,0.079825
phi_V100_ELOW_z1.5_p0.25_s0,2,pop_global,0.137448,0.120739,0.153617
phi_V100_ELOW_z1.5_p0.25_s0,2,recency_pop_0.1,0.089106,0.074603,0.103621
phi_V100_ELOW_z1.5_p0.25_s0,2,recency_pop_0.5,0.088150,0.074275,0.103860
phi_V100_ELOW_z1.5_p0.25_s0,2,recency_pop_1.0,0.084556,0.069283,0.099966
phi_V100_ELOW_z1.5_p0.25_s0,2,pop_category,0.150117,0.132177,0.167710
phi_V100_ELOW_z1.5_p0.25_s0,2,pop_price,0.141788,0.124124,0.159486
phi_V100_ELOW_z1.5_p0.25_s0,2,content_knn_1,0.031422,0.022058,0.040065
phi_V100_ELOW_z1.5_p0.25_s0,2,content_knn_3,0.039605,0.030281,0.050495
phi_V100_ELOW_z1.5_p0.25_s0,2,content_knn_5,0.040084,0.030478,0.050361
phi_V100_ELOW_z1.5_p0.25_s0,2,last_item_nbhd,0.038605,0.029561,0.048881
phi_V100_ELOW_z1.5_p0.25_s0,2,pop_scaled_content,0.141736,0.125524,0.159508
phi_V100_ELOW_z1.5_p0.25_s0,2,co_purchase,0.015909,0.010041,0.022260
phi_V100_ELOW_z1.5_p0.25_s0,2,lambda_hybrid_0.25,0.145163,0.126902,0.162791
phi_V100_ELOW_z1.5_p0.25_s0,2,lambda_hybrid_0.5,0.140047,0.122608,0.156719
phi_V100_ELOW_z1.5_p0.25_s0,2,lambda_hybrid_0.75,0.096912,0.081407,0.113116
phi_V100_ELOW_z1.5_p0.25_s0,3,pop_global,0.145848,0.128917,0.163697
phi_V100_ELOW_z1.5_p0.25_s0,3,recency_pop_0.1,0.127812,0.109839,0.146413
phi_V100_ELOW_z1.5_p0.25_s0,3,recency_pop_0.5,0.131912,0.115016,0.150165
phi_V100_ELOW_z1.5_p0.25_s0,3,recency_pop_1.0,0.125211,0.108288,0.144128
phi_V100_ELOW_z1.5_p0.25_s0,3,pop_category,0.146392,0.130208,0.163592
phi_V100_ELOW_z1.5_p0.25_s0,3,pop_price,0.144953,0.127183,0.162890
phi_V100_ELOW_z1.5_p0.25_s0,3,content_knn_1,0.048836,0.038149,0.060893
phi_V100_ELOW_z1.5_p0.25_s0,3,content_knn_3,0.048568,0.037186,0.060218
phi_V100_ELOW_z1.5_p0.25_s0,3,content_knn_5,0.054965,0.044135,0.068069
phi_V100_ELOW_z1.5_p0.25_s0,3,last_item_nbhd,0.049592,0.038264,0.061408
phi_V100_ELOW_z1.5_p0.25_s0,3,pop_scaled_content,0.140963,0.122259,0.159806
phi_V100_ELOW_z1.5_p0.25_s0,3,co_purchase,0.016999,0.010977,0.023819
phi_V100_ELOW_z1.5_p0.25_s0,3,lambda_hybrid_0.25,0.154741,0.137658,0.174307
phi_V100_ELOW_z1.5_p0.25_s0,3,lambda_hybrid_0.5,0.153805,0.136289,0.170679
phi_V100_ELOW_z1.5_p0.25_s0,3,lambda_hybrid_0.75,0.110106,0.093624,0.125802
phi_V100_ELOW_z1.5_p0.25_s0,5,pop_global,0.140121,0.121901,0.158075
phi_V100_ELOW_z1.5_p0.25_s0,5,recency_pop_0.1,0.146714,0.126524,0.166237
phi_V100_ELOW_z1.5_p0.25_s0,5,recency_pop_0.5,0.147638,0.129066,0.168720
phi_V100_ELOW_z1.5_p0.25_s0,5,recency_pop_1.0,0.139332,0.119904,0.158509
phi_V100_ELOW_z1.5_p0.25_s0,5,pop_category,0.124647,0.108172,0.141253
phi_V100_ELOW_z1.5_p0.25_s0,5,pop_price,0.139800,0.120833,0.158325
phi_V100_ELOW_z1.5_p0.25_s0,5,content_knn_1,0.030465,0.021804,0.040601
phi_V100_ELOW_z1.5_p0.25_s0,5,content_knn_3,0.030450,0.022239,0.038928
phi_V100_ELOW_z1.5_p0.25_s0,5,content_knn_5,0.027950,0.019872,0.036516
phi_V100_ELOW_z1.5_p0.25_s0,5,last_item_nbhd,0.034735,0.026739,0.043516
phi_V100_ELOW_z1.5_p0.25_s0,5,pop_scaled_content,0.120039,0.103785,0.136720
phi_V100_ELOW_z1.5_p0.25_s0,5,co_purchase,0.006500,0.002902,0.010655
phi_V100_ELOW_z1.5_p0.25_s0,5,lambda_hybrid_0.25,0.137394,0.118849,0.155511
phi_V100_ELOW_z1.5_p0.25_s0,5,lambda_hybrid_0.5,0.127411,0.111823,0.144319
phi_V100_ELOW_z1.5_p0.25_s0,5,lambda_hybrid_0.75,0.079498,0.065189,0.095190
phi_V100_ELOW_z1.5_p0.25_s0,8,pop_global,0.189886,0.163325,0.215321
phi_V100_ELOW_z1.5_p0.25_s0,8,recency_pop_0.1,0.185348,0.159346,0.211532
phi_V100_ELOW_z1.5_p0.25_s0,8,recency_pop_0.5,0.202399,0.176349,0.230679
phi_V100_ELOW_z1.5_p0.25_s0,8,recency_pop_1.0,0.194508,0.168127,0.219277
phi_V100_ELOW_z1.5_p0.25_s0,8,pop_category,0.169454,0.148134,0.191967
phi_V100_ELOW_z1.5_p0.25_s0,8,pop_price,0.187749,0.162196,0.214484
phi_V100_ELOW_z1.5_p0.25_s0,8,content_knn_1,0.033810,0.023128,0.044743
phi_V100_ELOW_z1.5_p0.25_s0,8,content_knn_3,0.034617,0.023572,0.045536
phi_V100_ELOW_z1.5_p0.25_s0,8,content_knn_5,0.033103,0.022619,0.044457
phi_V100_ELOW_z1.5_p0.25_s0,8,last_item_nbhd,0.034915,0.024114,0.047022
phi_V100_ELOW_z1.5_p0.25_s0,8,pop_scaled_content,0.131206,0.110155,0.150332
phi_V100_ELOW_z1.5_p0.25_s0,8,co_purchase,0.004224,0.000646,0.008684
phi_V100_ELOW_z1.5_p0.25_s0,8,lambda_hybrid_0.25,0.182240,0.159108,0.204990
phi_V100_ELOW_z1.5_p0.25_s0,8,lambda_hybrid_0.5,0.135303,0.115022,0.156641
phi_V100_ELOW_z1.5_p0.25_s0,8,lambda_hybrid_0.75,0.082493,0.065384,0.100911
phi_V100_ELOW_z1.5_p0.25_s1,0,pop_global,0.179491,0.156915,0.203933
phi_V100_ELOW_z1.5_p0.25_s1,0,recency_pop_0.1,0.038996,0.029376,0.048567
phi_V100_ELOW_z1.5_p0.25_s1,0,recency_pop_0.5,0.038540,0.029439,0.048686
phi_V100_ELOW_z1.5_p0.25_s1,0,recency_pop_1.0,0.038678,0.028689,0.048409
phi_V100_ELOW_z1.5_p0.25_s1,0,pop_category,0.179491,0.158049,0.201719
phi_V100_ELOW_z1.5_p0.25_s1,0,pop_price,0.183270,0.163017,0.204450
phi_V100_ELOW_z1.5_p0.25_s1,0,lambda_hybrid_0.25,0.179491,0.158208,0.200002
phi_V100_ELOW_z1.5_p0.25_s1,0,lambda_hybrid_0.5,0.179491,0.157526,0.201385
phi_V100_ELOW_z1.5_p0.25_s1,0,lambda_hybrid_0.75,0.179491,0.158111,0.199396
phi_V100_ELOW_z1.5_p0.25_s1,0,active_elic2,0.094307,0.079011,0.110804
phi_V100_ELOW_z1.5_p0.25_s1,1,pop_global,0.162525,0.144878,0.183097
phi_V100_ELOW_z1.5_p0.25_s1,1,recency_pop_0.1,0.046209,0.036075,0.056927
phi_V100_ELOW_z1.5_p0.25_s1,1,recency_pop_0.5,0.046919,0.036954,0.056982
phi_V100_ELOW_z1.5_p0.25_s1,1,recency_pop_1.0,0.048533,0.038417,0.059107
phi_V100_ELOW_z1.5_p0.25_s1,1,pop_category,0.161751,0.141425,0.181912
phi_V100_ELOW_z1.5_p0.25_s1,1,pop_price,0.162604,0.143501,0.182518
phi_V100_ELOW_z1.5_p0.25_s1,1,content_knn_1,0.031246,0.023133,0.040341
phi_V100_ELOW_z1.5_p0.25_s1,1,content_knn_3,0.031673,0.023331,0.040631
phi_V100_ELOW_z1.5_p0.25_s1,1,content_knn_5,0.026135,0.018568,0.034528
phi_V100_ELOW_z1.5_p0.25_s1,1,last_item_nbhd,0.028713,0.020216,0.038070
phi_V100_ELOW_z1.5_p0.25_s1,1,pop_scaled_content,0.139263,0.121003,0.157647
phi_V100_ELOW_z1.5_p0.25_s1,1,co_purchase,0.022282,0.015514,0.029684
phi_V100_ELOW_z1.5_p0.25_s1,1,lambda_hybrid_0.25,0.166244,0.145726,0.187278
phi_V100_ELOW_z1.5_p0.25_s1,1,lambda_hybrid_0.5,0.148420,0.130592,0.170858
phi_V100_ELOW_z1.5_p0.25_s1,1,lambda_hybrid_0.75,0.069943,0.056657,0.084320
phi_V100_ELOW_z1.5_p0.25_s1,2,pop_global,0.173138,0.153735,0.192632
phi_V100_ELOW_z1.5_p0.25_s1,2,recency_pop_0.1,0.069619,0.057098,0.082667
phi_V100_ELOW_z1.5_p0.25_s1,2,recency_pop_0.5,0.068549,0.055397,0.082375
phi_V100_ELOW_z1.5_p0.25_s1,2,recency_pop_1.0,0.068531,0.056178,0.081386
phi_V100_ELOW_z1.5_p0.25_s1,2,pop_category,0.167292,0.146639,0.186740
phi_V100_ELOW_z1.5_p0.25_s1,2,pop_price,0.167664,0.148374,0.189371
phi_V100_ELOW_z1.5_p0.25_s1,2,content_knn_1,0.023681,0.017152,0.031073
phi_V100_ELOW_z1.5_p0.25_s1,2,content_knn_3,0.025653,0.018219,0.033236
phi_V100_ELOW_z1.5_p0.25_s1,2,content_knn_5,0.022839,0.015641,0.030556
phi_V100_ELOW_z1.5_p0.25_s1,2,last_item_nbhd,0.030383,0.021848,0.039202
phi_V100_ELOW_z1.5_p0.25_s1,2,pop_scaled_content,0.158913,0.139403,0.179019
phi_V100_ELOW_z1.5_p0.25_s1,2,co_purchase,0.025194,0.018252,0.033169
phi_V100_ELOW_z1.5_p0.25_s1,2,lambda_hybrid_0.25,0.171250,0.152062,0.191150
phi_V100_ELOW_z1.5_p0.25_s1,2,lambda_hybrid_0.5,0.141468,0.122117,0.161093
phi_V100_ELOW_z1.5_p0.25_s1,2,lambda_hybrid_0.75,0.081816,0.067279,0.096760
phi_V100_ELOW_z1.5_p0.25_s1,3,pop_global,0.150971,0.132132,0.172719
phi_V100_ELOW_z1.5_p0.25_s1,3,recency_pop_0.1,0.076491,0.063940,0.092422
phi_V100_ELOW_z1.5_p0.25_s1,3,recency_pop_0.5,0.083825,0.070509,0.097506
phi_V100_ELOW_z1.5_p0.25_s1,3,recency_pop_1.0,0.083561,0.068826,0.098004
phi_V100_ELOW_z1.5_p0.25_s1,3,pop_category,0.146380,0.127783,0.165439
phi_V100_ELOW_z1.5_p0.25_s1,3,pop_price,0.145490,0.126750,0.162273
phi_V100_ELOW_z1.5_p0.25_s1,3,content_knn_1,0.030924,0.023000,0.039504
phi_V100_ELOW_z1.5_p0.25_s1,3,content_knn_3,0.025454,0.017514,0.033793
phi_V100_ELOW_z1.5_p0.25_s1,3,content_knn_5,0.023244,0.016145,0.030755
phi_V100_ELOW_z1.5_p0.25_s1,3,last_item_nbhd,0.030380,0.021923,0.039718
phi_V100_ELOW_z1.5_p0.25_s1,3,pop_scaled_content,0.140014,0.122530,0.158230
phi_V100_ELOW_z1.5_p0.25_s1,3,co_purchase,0.008171,0.004347,0.012182
phi_V100_ELOW_z1.5_p0.25_s1,3,lambda_hybrid_0.25,0.151753,0.132341,0.172121
phi_V100_ELOW_z1.5_p0.25_s1,3,lambda_hybrid_0.5,0.126804,0.108092,0.144594
phi_V100_ELOW_z1.5_p0.25_s1,3,lambda_hybrid_0.75,0.071299,0.058544,0.086498
phi_V100_ELOW_z1.5_p0.25_s1,5,pop_global,0.139361,0.121601,0.157757
phi_V100_ELOW_z1.5_p0.25_s1,5,recency_pop_0.1,0.136413,0.118874,0.156229
phi_V100_ELOW_z1.5_p0.25_s1,5,recency_pop_0.5,0.134005,0.116482,0.152477
phi_V100_ELOW_z1.5_p0.25_s1,5,recency_pop_1.0,0.134024,0.116605,0.151760
phi_V100_ELOW_z1.5_p0.25_s1,5,pop_category,0.145142,0.126628,0.163771
phi_V100_ELOW_z1.5_p0.25_s1,5,pop_price,0.132831,0.114815,0.150211
phi_V100_ELOW_z1.5_p0.25_s1,5,content_knn_1,0.026169,0.018566,0.035238
phi_V100_ELOW_z1.5_p0.25_s1,5,content_knn_3,0.025603,0.017514,0.034201
phi_V100_ELOW_z1.5_p0.25_s1,5,content_knn_5,0.022990,0.015279,0.031491
phi_V100_ELOW_z1.5_p0.25_s1,5,last_item_nbhd,0.030278,0.022049,0.039313
phi_V100_ELOW_z1.5_p0.25_s1,5,pop_scaled_content,0.135442,0.116827,0.155246
phi_V100_ELOW_z1.5_p0.25_s1,5,co_purchase,0.013148,0.007435,0.019627
phi_V100_ELOW_z1.5_p0.25_s1,5,lambda_hybrid_0.25,0.142133,0.123820,0.161261
phi_V100_ELOW_z1.5_p0.25_s1,5,lambda_hybrid_0.5,0.112655,0.095203,0.130360
phi_V100_ELOW_z1.5_p0.25_s1,5,lambda_hybrid_0.75,0.063079,0.050202,0.076574
phi_V100_ELOW_z1.5_p0.25_s1,8,pop_global,0.111409,0.091850,0.130793
phi_V100_ELOW_z1.5_p0.25_s1,8,recency_pop_0.1,0.141083,0.120503,0.162568
phi_V100_ELOW_z1.5_p0.25_s1,8,recency_pop_0.5,0.130936,0.109646,0.150774
phi_V100_ELOW_z1.5_p0.25_s1,8,recency_pop_1.0,0.126223,0.104116,0.147487
phi_V100_ELOW_z1.5_p0.25_s1,8,pop_category,0.131065,0.110687,0.150549
phi_V100_ELOW_z1.5_p0.25_s1,8,pop_price,0.104116,0.086686,0.122938
phi_V100_ELOW_z1.5_p0.25_s1,8,content_knn_1,0.026101,0.016877,0.036497
phi_V100_ELOW_z1.5_p0.25_s1,8,content_knn_3,0.025319,0.015667,0.035553
phi_V100_ELOW_z1.5_p0.25_s1,8,content_knn_5,0.018939,0.011848,0.027872
phi_V100_ELOW_z1.5_p0.25_s1,8,last_item_nbhd,0.026157,0.016551,0.036489
phi_V100_ELOW_z1.5_p0.25_s1,8,pop_scaled_content,0.112214,0.093581,0.131123
phi_V100_ELOW_z1.5_p0.25_s1,8,co_purchase,0.012427,0.006497,0.019213
phi_V100_ELOW_z1.5_p0.25_s1,8,lambda_hybrid_0.25,0.117043,0.098223,0.137834
phi_V100_ELOW_z1.5_p0.25_s1,8,lambda_hybrid_0.5,0.091609,0.072932,0.109811
phi_V100_ELOW_z1.5_p0.25_s1,8,lambda_hybrid_0.75,0.059268,0.043733,0.076010
phi_V100_ELOW_z1.5_p0.5_s0,0,pop_global,0.095678,0.082485,0.108556
phi_V100_ELOW_z1.5_p0.5_s0,0,recency_pop_0.1,0.038339,0.029131,0.048524
phi_V100_ELOW_z1.5_p0.5_s0,0,recency_pop_0.5,0.040109,0.031103,0.051078
phi_V100_ELOW_z1.5_p0.5_s0,0,recency_pop_1.0,0.041150,0.031407,0.052686
phi_V100_ELOW_z1.5_p0.5_s0,0,pop_category,0.130133,0.112677,0.146800
phi_V100_ELOW_z1.5_p0.5_s0,0,pop_price,0.106242,0.092606,0.120819
phi_V100_ELOW_z1.5_p0.5_s0,0,lambda_hybrid_0.25,0.095678,0.083445,0.109426
phi_V100_ELOW_z1.5_p0.5_s0,0,lambda_hybrid_0.5,0.095678,0.082986,0.108289
phi_V100_ELOW_z1.5_p0.5_s0,0,lambda_hybrid_0.75,0.095678,0.082751,0.108671
phi_V100_ELOW_z1.5_p0.5_s0,0,active_elic2,0.147388,0.128274,0.167560
phi_V100_ELOW_z1.5_p0.5_s0,1,pop_global,0.107512,0.093141,0.122645
phi_V100_ELOW_z1.5_p0.5_s0,1,recency_pop_0.1,0.079030,0.065598,0.093602
phi_V100_ELOW_z1.5_p0.5_s0,1,recency_pop_0.5,0.080465,0.066391,0.095281
phi_V100_ELOW_z1.5_p0.5_s0,1,recency_pop_1.0,0.081012,0.067843,0.094965
phi_V100_ELOW_z1.5_p0.5_s0,1,pop_category,0.122752,0.106158,0.138628
phi_V100_ELOW_z1.5_p0.5_s0,1,pop_price,0.113207,0.099549,0.129458
phi_V100_ELOW_z1.5_p0.5_s0,1,content_knn_1,0.042107,0.031737,0.053315
phi_V100_ELOW_z1.5_p0.5_s0,1,content_knn_3,0.044693,0.034318,0.055331
phi_V100_ELOW_z1.5_p0.5_s0,1,content_knn_5,0.044463,0.034104,0.054844
phi_V100_ELOW_z1.5_p0.5_s0,1,last_item_nbhd,0.045955,0.034857,0.056517
phi_V100_ELOW_z1.5_p0.5_s0,1,pop_scaled_content,0.115391,0.100404,0.130985
phi_V100_ELOW_z1.5_p0.5_s0,1,co_purchase,0.028621,0.020546,0.037449
phi_V100_ELOW_z1.5_p0.5_s0,1,lambda_hybrid_0.25,0.111366,0.096572,0.126291
phi_V100_ELOW_z1.5_p0.5_s0,1,lambda_hybrid_0.5,0.117484,0.100696,0.135042
phi_V100_ELOW_z1.5_p0.5_s0,1,lambda_hybrid_0.75,0.079975,0.066166,0.094913
phi_V100_ELOW_z1.5_p0.5_s0,2,pop_global,0.138475,0.122137,0.154380
phi_V100_ELOW_z1.5_p0.5_s0,2,recency_pop_0.1,0.088706,0.074066,0.104347
phi_V100_ELOW_z1.5_p0.5_s0,2,recency_pop_0.5,0.089951,0.075814,0.105681
phi_V100_ELOW_z1.5_p0.5_s0,2,recency_pop_1.0,0.091030,0.075627,0.107734
phi_V100_ELOW_z1.5_p0.5_s0,2,pop_category,0.152721,0.133986,0.170738
phi_V100_ELOW_z1.5_p0.5_s0,2,pop_price,0.136021,0.118388,0.153696
phi_V100_ELOW_z1.5_p0.5_s0,2,content_knn_1,0.042374,0.032941,0.052545
phi_V100_ELOW_z1.5_p0.5_s0,2,content_knn_3,0.034985,0.026266,0.044685
phi_V100_ELOW_z1.5_p0.5_s0,2,content_knn_5,0.038001,0.028607,0.047694
phi_V100_ELOW_z1.5_p0.5_s0,2,last_item_nbhd,0.041824,0.031808,0.051954
phi_V100_ELOW_z1.5_p0.5_s0,2,pop_scaled_content,0.141011,0.123973,0.158330
phi_V100_ELOW_z1.5_p0.5_s0,2,co_purchase,0.014016,0.009114,0.020357
phi_V100_ELOW_z1.5_p0.5_s0,2,lambda_hybrid_0.25,0.146711,0.128057,0.163758
phi_V100_ELOW_z1.5_p0.5_s0,2,lambda_hybrid_0.5,0.143662,0.125579,0.162176
phi_V100_ELOW_z1.5_p0.5_s0,2,lambda_hybrid_0.75,0.103261,0.087184,0.120053
phi_V100_ELOW_z1.5_p0.5_s0,3,pop_global,0.140536,0.121855,0.156973
phi_V100_ELOW_z1.5_p0.5_s0,3,recency_pop_0.1,0.123799,0.106758,0.141043
phi_V100_ELOW_z1.5_p0.5_s0,3,recency_pop_0.5,0.128972,0.111798,0.147192
phi_V100_ELOW_z1.5_p0.5_s0,3,recency_pop_1.0,0.127737,0.110713,0.146505
phi_V100_ELOW_z1.5_p0.5_s0,3,pop_category,0.140205,0.122655,0.158717
phi_V100_ELOW_z1.5_p0.5_s0,3,pop_price,0.142062,0.125080,0.158870
phi_V100_ELOW_z1.5_p0.5_s0,3,content_knn_1,0.047570,0.037498,0.058946
phi_V100_ELOW_z1.5_p0.5_s0,3,content_knn_3,0.042852,0.032621,0.053327
phi_V100_ELOW_z1.5_p0.5_s0,3,content_knn_5,0.044039,0.034346,0.054515
phi_V100_ELOW_z1.5_p0.5_s0,3,last_item_nbhd,0.046427,0.035845,0.057963
phi_V100_ELOW_z1.5_p0.5_s0,3,pop_scaled_content,0.136184,0.118923,0.153068
phi_V100_ELOW_z1.5_p0.5_s0,3,co_purchase,0.011747,0.006712,0.017269
phi_V100_ELOW_z1.5_p0.5_s0,3,lambda_hybrid_0.25,0.148797,0.131621,0.167666
phi_V100_ELOW_z1.5_p0.5_s0,3,lambda_hybrid_0.5,0.139828,0.122743,0.156630
phi_V100_ELOW_z1.5_p0.5_s0,3,lambda_hybrid_0.75,0.096084,0.081189,0.110975
phi_V100_ELOW_z1.5_p0.5_s0,5,pop_global,0.151937,0.131825,0.171419
phi_V100_ELOW_z1.5_p0.5_s0,5,recency_pop_0.1,0.144994,0.125574,0.162623
phi_V100_ELOW_z1.5_p0.5_s0,5,recency_pop_0.5,0.149615,0.131727,0.169817
phi_V100_ELOW_z1.5_p0.5_s0,5,recency_pop_1.0,0.148674,0.128725,0.169092
phi_V100_ELOW_z1.5_p0.5_s0,5,pop_category,0.133466,0.117360,0.151388
phi_V100_ELOW_z1.5_p0.5_s0,5,pop_price,0.145894,0.127670,0.165049
phi_V100_ELOW_z1.5_p0.5_s0,5,content_knn_1,0.029327,0.020977,0.037800
phi_V100_ELOW_z1.5_p0.5_s0,5,content_knn_3,0.026977,0.018900,0.035358
phi_V100_ELOW_z1.5_p0.5_s0,5,content_knn_5,0.034691,0.024989,0.043802
phi_V100_ELOW_z1.5_p0.5_s0,5,last_item_nbhd,0.031148,0.022600,0.041135
phi_V100_ELOW_z1.5_p0.5_s0,5,pop_scaled_content,0.125819,0.109710,0.143443
phi_V100_ELOW_z1.5_p0.5_s0,5,co_purchase,0.007042,0.003444,0.011426
phi_V100_ELOW_z1.5_p0.5_s0,5,lambda_hybrid_0.25,0.153639,0.134102,0.173970
phi_V100_ELOW_z1.5_p0.5_s0,5,lambda_hybrid_0.5,0.136321,0.118276,0.154568
phi_V100_ELOW_z1.5_p0.5_s0,5,lambda_hybrid_0.75,0.080601,0.065921,0.096927
phi_V100_ELOW_z1.5_p0.5_s0,8,pop_global,0.173706,0.147984,0.199830
phi_V100_ELOW_z1.5_p0.5_s0,8,recency_pop_0.1,0.173498,0.148582,0.201883
phi_V100_ELOW_z1.5_p0.5_s0,8,recency_pop_0.5,0.173197,0.147153,0.198926
phi_V100_ELOW_z1.5_p0.5_s0,8,recency_pop_1.0,0.171392,0.146786,0.196354
phi_V100_ELOW_z1.5_p0.5_s0,8,pop_category,0.142992,0.122311,0.163504
phi_V100_ELOW_z1.5_p0.5_s0,8,pop_price,0.166395,0.140629,0.192443
phi_V100_ELOW_z1.5_p0.5_s0,8,content_knn_1,0.033620,0.023426,0.044068
phi_V100_ELOW_z1.5_p0.5_s0,8,content_knn_3,0.022299,0.013744,0.031897
phi_V100_ELOW_z1.5_p0.5_s0,8,content_knn_5,0.024830,0.016053,0.034936
phi_V100_ELOW_z1.5_p0.5_s0,8,last_item_nbhd,0.028811,0.019378,0.040459
phi_V100_ELOW_z1.5_p0.5_s0,8,pop_scaled_content,0.109308,0.090422,0.126533
phi_V100_ELOW_z1.5_p0.5_s0,8,co_purchase,0.002555,0.000580,0.005385
phi_V100_ELOW_z1.5_p0.5_s0,8,lambda_hybrid_0.25,0.165192,0.141976,0.189482
phi_V100_ELOW_z1.5_p0.5_s0,8,lambda_hybrid_0.5,0.118194,0.098816,0.137241
phi_V100_ELOW_z1.5_p0.5_s0,8,lambda_hybrid_0.75,0.063643,0.048084,0.079609
phi_V100_ELOW_z1.5_p0.5_s1,0,pop_global,0.182756,0.162263,0.206346
phi_V100_ELOW_z1.5_p0.5_s1,0,recency_pop_0.1,0.037330,0.027335,0.046805
phi_V100_ELOW_z1.5_p0.5_s1,0,recency_pop_0.5,0.036599,0.027736,0.046848
phi_V100_ELOW_z1.5_p0.5_s1,0,recency_pop_1.0,0.040702,0.031301,0.050975
phi_V100_ELOW_z1.5_p0.5_s1,0,pop_category,0.183916,0.162965,0.206738
phi_V100_ELOW_z1.5_p0.5_s1,0,pop_price,0.182363,0.160128,0.202951
phi_V100_ELOW_z1.5_p0.5_s1,0,lambda_hybrid_0.25,0.182756,0.160977,0.203811
phi_V100_ELOW_z1.5_p0.5_s1,0,lambda_hybrid_0.5,0.182756,0.161025,0.203108
phi_V100_ELOW_z1.5_p0.5_s1,0,lambda_hybrid_0.75,0.182756,0.161284,0.203361
phi_V100_ELOW_z1.5_p0.5_s1,0,active_elic2,0.106651,0.090595,0.122898
phi_V100_ELOW_z1.5_p0.5_s1,1,pop_global,0.166514,0.146774,0.188253
phi_V100_ELOW_z1.5_p0.5_s1,1,recency_pop_0.1,0.051461,0.041267,0.063251
phi_V100_ELOW_z1.5_p0.5_s1,1,recency_pop_0.5,0.052504,0.042011,0.063152
phi_V100_ELOW_z1.5_p0.5_s1,1,recency_pop_1.0,0.059112,0.046623,0.071860
phi_V100_ELOW_z1.5_p0.5_s1,1,pop_category,0.166127,0.146923,0.187117
phi_V100_ELOW_z1.5_p0.5_s1,1,pop_price,0.164377,0.144343,0.185109
phi_V100_ELOW_z1.5_p0.5_s1,1,content_knn_1,0.025554,0.017882,0.033305
phi_V100_ELOW_z1.5_p0.5_s1,1,content_knn_3,0.025615,0.017916,0.033883
phi_V100_ELOW_z1.5_p0.5_s1,1,content_knn_5,0.026055,0.018710,0.034115
phi_V100_ELOW_z1.5_p0.5_s1,1,last_item_nbhd,0.025209,0.018381,0.032206
phi_V100_ELOW_z1.5_p0.5_s1,1,pop_scaled_content,0.130537,0.112783,0.149304
phi_V100_ELOW_z1.5_p0.5_s1,1,co_purchase,0.024463,0.017186,0.031782
phi_V100_ELOW_z1.5_p0.5_s1,1,lambda_hybrid_0.25,0.163299,0.144010,0.183636
phi_V100_ELOW_z1.5_p0.5_s1,1,lambda_hybrid_0.5,0.140933,0.121610,0.161471
phi_V100_ELOW_z1.5_p0.5_s1,1,lambda_hybrid_0.75,0.064614,0.050404,0.078673
phi_V100_ELOW_z1.5_p0.5_s1,2,pop_global,0.163329,0.143987,0.183544
phi_V100_ELOW_z1.5_p0.5_s1,2,recency_pop_0.1,0.071046,0.058258,0.083669
phi_V100_ELOW_z1.5_p0.5_s1,2,recency_pop_0.5,0.075004,0.061158,0.088981
phi_V100_ELOW_z1.5_p0.5_s1,2,recency_pop_1.0,0.077801,0.064837,0.092301
phi_V100_ELOW_z1.5_p0.5_s1,2,pop_category,0.160303,0.141450,0.180232
phi_V100_ELOW_z1.5_p0.5_s1,2,pop_price,0.159357,0.139894,0.179374
phi_V100_ELOW_z1.5_p0.5_s1,2,content_knn_1,0.032294,0.023631,0.041482
phi_V100_ELOW_z1.5_p0.5_s1,2,content_knn_3,0.028598,0.019987,0.036932
phi_V100_ELOW_z1.5_p0.5_s1,2,content_knn_5,0.029876,0.021432,0.038589
phi_V100_ELOW_z1.5_p0.5_s1,2,last_item_nbhd,0.034783,0.026083,0.044751
phi_V100_ELOW_z1.5_p0.5_s1,2,pop_scaled_content,0.146815,0.129405,0.165824
phi_V100_ELOW_z1.5_p0.5_s1,2,co_purchase,0.023098,0.016256,0.030414
phi_V100_ELOW_z1.5_p0.5_s1,2,lambda_hybrid_0.25,0.162634,0.143092,0.182538
phi_V100_ELOW_z1.5_p0.5_s1,2,lambda_hybrid_0.5,0.134220,0.116003,0.151563
phi_V100_ELOW_z1.5_p0.5_s1,2,lambda_hybrid_0.75,0.083731,0.068600,0.100456
phi_V100_ELOW_z1.5_p0.5_s1,3,pop_global,0.148534,0.130256,0.168537
phi_V100_ELOW_z1.5_p0.5_s1,3,recency_pop_0.1,0.082605,0.069582,0.097510
phi_V100_ELOW_z1.5_p0.5_s1,3,recency_pop_0.5,0.089122,0.075374,0.103563
phi_V100_ELOW_z1.5_p0.5_s1,3,recency_pop_1.0,0.088621,0.074790,0.103629
phi_V100_ELOW_z1.5_p0.5_s1,3,pop_category,0.137666,0.119740,0.155141
phi_V100_ELOW_z1.5_p0.5_s1,3,pop_price,0.145059,0.126581,0.163554
phi_V100_ELOW_z1.5_p0.5_s1,3,content_knn_1,0.025828,0.018328,0.033383
phi_V100_ELOW_z1.5_p0.5_s1,3,content_knn_3,0.023338,0.015980,0.031128
phi_V100_ELOW_z1.5_p0.5_s1,3,content_knn_5,0.019540,0.012704,0.026177
phi_V100_ELOW_z1.5_p0.5_s1,3,last_item_nbhd,0.027482,0.019446,0.036545
phi_V100_ELOW_z1.5_p0.5_s1,3,pop_scaled_content,0.135447,0.117969,0.153998
phi_V100_ELOW_z1.5_p0.5_s1,3,co_purchase,0.015313,0.009601,0.021358
phi_V100_ELOW_z1.5_p0.5_s1,3,lambda_hybrid_0.25,0.141881,0.123422,0.161810
phi_V100_ELOW_z1.5_p0.5_s1,3,lambda_hybrid_0.5,0.124252,0.106554,0.141518
phi_V100_ELOW_z1.5_p0.5_s1,3,lambda_hybrid_0.75,0.064889,0.052154,0.078025
phi_V100_ELOW_z1.5_p0.5_s1,5,pop_global,0.129725,0.112717,0.147121
phi_V100_ELOW_z1.5_p0.5_s1,5,recency_pop_0.1,0.120515,0.102247,0.139422
phi_V100_ELOW_z1.5_p0.5_s1,5,recency_pop_0.5,0.123224,0.106291,0.140981
phi_V100_ELOW_z1.5_p0.5_s1,5,recency_pop_1.0,0.120046,0.103465,0.137861
phi_V100_ELOW_z1.5_p0.5_s1,5,pop_category,0.130455,0.113551,0.148010
phi_V100_ELOW_z1.5_p0.5_s1,5,pop_price,0.132121,0.113798,0.149817
phi_V100_ELOW_z1.5_p0.5_s1,5,content_knn_1,0.028184,0.019900,0.035748
phi_V100_ELOW_z1.5_p0.5_s1,5,content_knn_3,0.030277,0.021402,0.039996
phi_V100_ELOW_z1.5_p0.5_s1,5,content_knn_5,0.027269,0.018698,0.036782
phi_V100_ELOW_z1.5_p0.5_s1,5,last_item_nbhd,0.026647,0.018804,0.034631
phi_V100_ELOW_z1.5_p0.5_s1,5,pop_scaled_content,0.130287,0.113323,0.147744
phi_V100_ELOW_z1.5_p0.5_s1,5,co_purchase,0.008796,0.004553,0.013489
phi_V100_ELOW_z1.5_p0.5_s1,5,lambda_hybrid_0.25,0.133051,0.115743,0.150895
phi_V100_ELOW_z1.5_p0.5_s1,5,lambda_hybrid_0.5,0.108319,0.090912,0.125135
phi_V100_ELOW_z1.5_p0.5_s1,5,lambda_hybrid_0.75,0.064373,0.052799,0.077927
phi_V100_ELOW_z1.5_p0.5_s1,8,pop_global,0.100806,0.083715,0.119185
phi_V100_ELOW_z1.5_p0.5_s1,8,recency_pop_0.1,0.126599,0.106666,0.146160
phi_V100_ELOW_z1.5_p0.5_s1,8,recency_pop_0.5,0.123004,0.101844,0.143917
phi_V100_ELOW_z1.5_p0.5_s1,8,recency_pop_1.0,0.113534,0.094770,0.133365
phi_V100_ELOW_z1.5_p0.5_s1,8,pop_category,0.108797,0.089911,0.128256
phi_V100_ELOW_z1.5_p0.5_s1,8,pop_price,0.099015,0.082159,0.117826
phi_V100_ELOW_z1.5_p0.5_s1,8,content_knn_1,0.023891,0.014792,0.033251
phi_V100_ELOW_z1.5_p0.5_s1,8,content_knn_3,0.015209,0.007920,0.022812
phi_V100_ELOW_z1.5_p0.5_s1,8,content_knn_5,0.013204,0.006282,0.020083
phi_V100_ELOW_z1.5_p0.5_s1,8,last_item_nbhd,0.021073,0.012720,0.029684
phi_V100_ELOW_z1.5_p0.5_s1,8,pop_scaled_content,0.104349,0.086880,0.122538
phi_V100_ELOW_z1.5_p0.5_s1,8,co_purchase,0.006903,0.002645,0.011997
phi_V100_ELOW_z1.5_p0.5_s1,8,lambda_hybrid_0.25,0.104740,0.086371,0.123237
phi_V100_ELOW_z1.5_p0.5_s1,8,lambda_hybrid_0.5,0.082695,0.066527,0.100535
phi_V100_ELOW_z1.5_p0.5_s1,8,lambda_hybrid_0.75,0.044232,0.031134,0.059041
phi_V100_ELOW_z1.5_p0.5_s2,0,pop_global,0.088738,0.074378,0.103492
phi_V100_ELOW_z1.5_p0.5_s2,0,recency_pop_0.1,0.038730,0.029105,0.049159
phi_V100_ELOW_z1.5_p0.5_s2,0,recency_pop_0.5,0.038824,0.028760,0.049554
phi_V100_ELOW_z1.5_p0.5_s2,0,recency_pop_1.0,0.038824,0.028726,0.049310
phi_V100_ELOW_z1.5_p0.5_s2,0,pop_category,0.077365,0.064084,0.090998
phi_V100_ELOW_z1.5_p0.5_s2,0,pop_price,0.088829,0.075159,0.102860
phi_V100_ELOW_z1.5_p0.5_s2,0,lambda_hybrid_0.25,0.088738,0.075133,0.102925
phi_V100_ELOW_z1.5_p0.5_s2,0,lambda_hybrid_0.5,0.088738,0.073704,0.103952
phi_V100_ELOW_z1.5_p0.5_s2,0,lambda_hybrid_0.75,0.088738,0.074207,0.104490
phi_V100_ELOW_z1.5_p0.5_s2,0,active_elic2,0.077365,0.063163,0.091690
phi_V100_ELOW_z1.5_p0.5_s2,1,pop_global,0.111419,0.096405,0.128047
phi_V100_ELOW_z1.5_p0.5_s2,1,recency_pop_0.1,0.049069,0.039790,0.059168
phi_V100_ELOW_z1.5_p0.5_s2,1,recency_pop_0.5,0.058138,0.046446,0.070159
phi_V100_ELOW_z1.5_p0.5_s2,1,recency_pop_1.0,0.059325,0.047633,0.070810
phi_V100_ELOW_z1.5_p0.5_s2,1,pop_category,0.102167,0.087177,0.117735
phi_V100_ELOW_z1.5_p0.5_s2,1,pop_price,0.109459,0.092520,0.127377
phi_V100_ELOW_z1.5_p0.5_s2,1,content_knn_1,0.042280,0.032474,0.053488
phi_V100_ELOW_z1.5_p0.5_s2,1,content_knn_3,0.047416,0.036906,0.058063
phi_V100_ELOW_z1.5_p0.5_s2,1,content_knn_5,0.038992,0.029797,0.049362
phi_V100_ELOW_z1.5_p0.5_s2,1,last_item_nbhd,0.042845,0.033002,0.053256
phi_V100_ELOW_z1.5_p0.5_s2,1,pop_scaled_content,0.098995,0.083623,0.115185
phi_V100_ELOW_z1.5_p0.5_s2,1,co_purchase,0.024766,0.017136,0.032594
phi_V100_ELOW_z1.5_p0.5_s2,1,lambda_hybrid_0.25,0.106945,0.090164,0.123842
phi_V100_ELOW_z1.5_p0.5_s2,1,lambda_hybrid_0.5,0.099949,0.084232,0.115395
phi_V100_ELOW_z1.5_p0.5_s2,1,lambda_hybrid_0.75,0.065303,0.052695,0.078713
phi_V100_ELOW_z1.5_p0.5_s2,2,pop_global,0.116643,0.101053,0.134406
phi_V100_ELOW_z1.5_p0.5_s2,2,recency_pop_0.1,0.073708,0.060849,0.088849
phi_V100_ELOW_z1.5_p0.5_s2,2,recency_pop_0.5,0.077565,0.063768,0.092107
phi_V100_ELOW_z1.5_p0.5_s2,2,recency_pop_1.0,0.077890,0.064120,0.092899
phi_V100_ELOW_z1.5_p0.5_s2,2,pop_category,0.110427,0.094459,0.126222
phi_V100_ELOW_z1.5_p0.5_s2,2,pop_price,0.115015,0.099719,0.132880
phi_V100_ELOW_z1.5_p0.5_s2,2,content_knn_1,0.038309,0.029110,0.048388
phi_V100_ELOW_z1.5_p0.5_s2,2,content_knn_3,0.030665,0.022291,0.039201
phi_V100_ELOW_z1.5_p0.5_s2,2,content_knn_5,0.030249,0.021889,0.039806
phi_V100_ELOW_z1.5_p0.5_s2,2,last_item_nbhd,0.036758,0.027348,0.046385
phi_V100_ELOW_z1.5_p0.5_s2,2,pop_scaled_content,0.097778,0.083324,0.114849
phi_V100_ELOW_z1.5_p0.5_s2,2,co_purchase,0.015996,0.010594,0.021717
phi_V100_ELOW_z1.5_p0.5_s2,2,lambda_hybrid_0.25,0.112412,0.096356,0.129557
phi_V100_ELOW_z1.5_p0.5_s2,2,lambda_hybrid_0.5,0.100616,0.084292,0.116500
phi_V100_ELOW_z1.5_p0.5_s2,2,lambda_hybrid_0.75,0.058735,0.047104,0.071548
phi_V100_ELOW_z1.5_p0.5_s2,3,pop_global,0.145830,0.128651,0.164370
phi_V100_ELOW_z1.5_p0.5_s2,3,recency_pop_0.1,0.087657,0.072295,0.102547
phi_V100_ELOW_z1.5_p0.5_s2,3,recency_pop_0.5,0.089448,0.074672,0.105597
phi_V100_ELOW_z1.5_p0.5_s2,3,recency_pop_1.0,0.090627,0.075510,0.105279
phi_V100_ELOW_z1.5_p0.5_s2,3,pop_category,0.141083,0.120506,0.160188
phi_V100_ELOW_z1.5_p0.5_s2,3,pop_price,0.144293,0.125796,0.163389
phi_V100_ELOW_z1.5_p0.5_s2,3,content_knn_1,0.033990,0.025396,0.043509
phi_V100_ELOW_z1.5_p0.5_s2,3,content_knn_3,0.029977,0.020967,0.039041
phi_V100_ELOW_z1.5_p0.5_s2,3,content_knn_5,0.033598,0.024745,0.043024
phi_V100_ELOW_z1.5_p0.5_s2,3,last_item_nbhd,0.037275,0.028285,0.047655
phi_V100_ELOW_z1.5_p0.5_s2,3,pop_scaled_content,0.123567,0.106817,0.141559
phi_V100_ELOW_z1.5_p0.5_s2,3,co_purchase,0.013833,0.008643,0.019714
phi_V100_ELOW_z1.5_p0.5_s2,3,lambda_hybrid_0.25,0.142865,0.123389,0.161200
phi_V100_ELOW_z1.5_p0.5_s2,3,lambda_hybrid_0.5,0.121652,0.104179,0.140254
phi_V100_ELOW_z1.5_p0.5_s2,3,lambda_hybrid_0.75,0.069909,0.057330,0.084851
phi_V100_ELOW_z1.5_p0.5_s2,5,pop_global,0.153966,0.134227,0.173876
phi_V100_ELOW_z1.5_p0.5_s2,5,recency_pop_0.1,0.131922,0.113951,0.150322
phi_V100_ELOW_z1.5_p0.5_s2,5,recency_pop_0.5,0.132167,0.114061,0.151574
phi_V100_ELOW_z1.5_p0.5_s2,5,recency_pop_1.0,0.132341,0.114931,0.152942
phi_V100_ELOW_z1.5_p0.5_s2,5,pop_category,0.153887,0.134475,0.173790
phi_V100_ELOW_z1.5_p0.5_s2,5,pop_price,0.144173,0.124755,0.164853
phi_V100_ELOW_z1.5_p0.5_s2,5,content_knn_1,0.023867,0.015904,0.031905
phi_V100_ELOW_z1.5_p0.5_s2,5,content_knn_3,0.025587,0.017975,0.034823
phi_V100_ELOW_z1.5_p0.5_s2,5,content_knn_5,0.023668,0.016219,0.032602
phi_V100_ELOW_z1.5_p0.5_s2,5,last_item_nbhd,0.029389,0.020894,0.038023
phi_V100_ELOW_z1.5_p0.5_s2,5,pop_scaled_content,0.121896,0.104929,0.140718
phi_V100_ELOW_z1.5_p0.5_s2,5,co_purchase,0.006250,0.002849,0.009915
phi_V100_ELOW_z1.5_p0.5_s2,5,lambda_hybrid_0.25,0.147564,0.129013,0.167876
phi_V100_ELOW_z1.5_p0.5_s2,5,lambda_hybrid_0.5,0.124550,0.106839,0.144054
phi_V100_ELOW_z1.5_p0.5_s2,5,lambda_hybrid_0.75,0.054626,0.042259,0.068315
phi_V100_ELOW_z1.5_p0.5_s2,8,pop_global,0.191444,0.165858,0.217949
phi_V100_ELOW_z1.5_p0.5_s2,8,recency_pop_0.1,0.198916,0.170838,0.225600
phi_V100_ELOW_z1.5_p0.5_s2,8,recency_pop_0.5,0.198639,0.170988,0.227303
phi_V100_ELOW_z1.5_p0.5_s2,8,recency_pop_1.0,0.196960,0.169256,0.224640
phi_V100_ELOW_z1.5_p0.5_s2,8,pop_category,0.205314,0.179997,0.231706
phi_V100_ELOW_z1.5_p0.5_s2,8,pop_price,0.166432,0.140932,0.191185
phi_V100_ELOW_z1.5_p0.5_s2,8,content_knn_1,0.027025,0.017012,0.037774
phi_V100_ELOW_z1.5_p0.5_s2,8,content_knn_3,0.033480,0.022778,0.046203
phi_V100_ELOW_z1.5_p0.5_s2,8,content_knn_5,0.029914,0.019779,0.042253
phi_V100_ELOW_z1.5_p0.5_s2,8,last_item_nbhd,0.035521,0.024114,0.047966
phi_V100_ELOW_z1.5_p0.5_s2,8,pop_scaled_content,0.148732,0.125773,0.171910
phi_V100_ELOW_z1.5_p0.5_s2,8,co_purchase,0.007326,0.002625,0.013111
phi_V100_ELOW_z1.5_p0.5_s2,8,lambda_hybrid_0.25,0.190200,0.164990,0.218479
phi_V100_ELOW_z1.5_p0.5_s2,8,lambda_hybrid_0.5,0.158861,0.132900,0.183914
phi_V100_ELOW_z1.5_p0.5_s2,8,lambda_hybrid_0.75,0.057824,0.043303,0.075375
phi_V100_ELOW_z1.5_p0_s0,0,pop_global,0.109817,0.095309,0.123389
phi_V100_ELOW_z1.5_p0_s0,0,recency_pop_0.1,0.037809,0.028449,0.047604
phi_V100_ELOW_z1.5_p0_s0,0,recency_pop_0.5,0.041206,0.031699,0.053513
phi_V100_ELOW_z1.5_p0_s0,0,recency_pop_1.0,0.042242,0.032469,0.052194
phi_V100_ELOW_z1.5_p0_s0,0,pop_category,0.136417,0.117512,0.155783
phi_V100_ELOW_z1.5_p0_s0,0,pop_price,0.111751,0.097164,0.126119
phi_V100_ELOW_z1.5_p0_s0,0,lambda_hybrid_0.25,0.109817,0.097615,0.124683
phi_V100_ELOW_z1.5_p0_s0,0,lambda_hybrid_0.5,0.109817,0.095915,0.125326
phi_V100_ELOW_z1.5_p0_s0,0,lambda_hybrid_0.75,0.109817,0.095333,0.124393
phi_V100_ELOW_z1.5_p0_s0,0,active_elic2,0.153655,0.135509,0.175032
phi_V100_ELOW_z1.5_p0_s0,1,pop_global,0.122196,0.106659,0.138675
phi_V100_ELOW_z1.5_p0_s0,1,recency_pop_0.1,0.084441,0.071059,0.098512
phi_V100_ELOW_z1.5_p0_s0,1,recency_pop_0.5,0.084437,0.070839,0.099304
phi_V100_ELOW_z1.5_p0_s0,1,recency_pop_1.0,0.086159,0.072423,0.100995
phi_V100_ELOW_z1.5_p0_s0,1,pop_category,0.134631,0.116569,0.153632
phi_V100_ELOW_z1.5_p0_s0,1,pop_price,0.120816,0.105867,0.135209
phi_V100_ELOW_z1.5_p0_s0,1,content_knn_1,0.036178,0.026736,0.045856
phi_V100_ELOW_z1.5_p0_s0,1,content_knn_3,0.039095,0.029719,0.049941
phi_V100_ELOW_z1.5_p0_s0,1,content_knn_5,0.032209,0.023839,0.042373
phi_V100_ELOW_z1.5_p0_s0,1,last_item_nbhd,0.038589,0.028119,0.049392
phi_V100_ELOW_z1.5_p0_s0,1,pop_scaled_content,0.123254,0.107119,0.140438
phi_V100_ELOW_z1.5_p0_s0,1,co_purchase,0.014060,0.008813,0.019992
phi_V100_ELOW_z1.5_p0_s0,1,lambda_hybrid_0.25,0.121249,0.104890,0.138200
phi_V100_ELOW_z1.5_p0_s0,1,lambda_hybrid_0.5,0.127456,0.111174,0.146669
phi_V100_ELOW_z1.5_p0_s0,1,lambda_hybrid_0.75,0.071779,0.058683,0.086303
phi_V100_ELOW_z1.5_p0_s0,2,pop_global,0.133105,0.116742,0.149727
phi_V100_ELOW_z1.5_p0_s0,2,recency_pop_0.1,0.085188,0.071165,0.099660
phi_V100_ELOW_z1.5_p0_s0,2,recency_pop_0.5,0.085787,0.071385,0.100069
phi_V100_ELOW_z1.5_p0_s0,2,recency_pop_1.0,0.084637,0.069393,0.099098
phi_V100_ELOW_z1.5_p0_s0,2,pop_category,0.148043,0.130087,0.165642
phi_V100_ELOW_z1.5_p0_s0,2,pop_price,0.133105,0.116638,0.149249
phi_V100_ELOW_z1.5_p0_s0,2,content_knn_1,0.044312,0.034774,0.055327
phi_V100_ELOW_z1.5_p0_s0,2,content_knn_3,0.041630,0.031297,0.052426
phi_V100_ELOW_z1.5_p0_s0,2,content_knn_5,0.043114,0.033197,0.054092
phi_V100_ELOW_z1.5_p0_s0,2,last_item_nbhd,0.043294,0.033335,0.053441
phi_V100_ELOW_z1.5_p0_s0,2,pop_scaled_content,0.145816,0.127817,0.163425
phi_V100_ELOW_z1.5_p0_s0,2,co_purchase,0.016163,0.009851,0.023135
phi_V100_ELOW_z1.5_p0_s0,2,lambda_hybrid_0.25,0.145628,0.127758,0.166491
phi_V100_ELOW_z1.5_p0_s0,2,lambda_hybrid_0.5,0.145168,0.127386,0.164396
phi_V100_ELOW_z1.5_p0_s0,2,lambda_hybrid_0.75,0.111546,0.095373,0.128650
phi_V100_ELOW_z1.5_p0_s0,3,pop_global,0.137052,0.120995,0.154688
phi_V100_ELOW_z1.5_p0_s0,3,recency_pop_0.1,0.120182,0.102949,0.136861
phi_V100_ELOW_z1.5_p0_s0,3,recency_pop_0.5,0.125574,0.108701,0.141984
phi_V100_ELOW_z1.5_p0_s0,3,recency_pop_1.0,0.123912,0.107123,0.141147
phi_V100_ELOW_z1.5_p0_s0,3,pop_category,0.135418,0.118474,0.151619
phi_V100_ELOW_z1.5_p0_s0,3,pop_price,0.131990,0.115125,0.147984
phi_V100_ELOW_z1.5_p0_s0,3,content_knn_1,0.041744,0.032216,0.053404
phi_V100_ELOW_z1.5_p0_s0,3,content_knn_3,0.038691,0.029799,0.048744
phi_V100_ELOW_z1.5_p0_s0,3,content_knn_5,0.041955,0.032046,0.051434
phi_V100_ELOW_z1.5_p0_s0,3,last_item_nbhd,0.038037,0.029539,0.047655
phi_V100_ELOW_z1.5_p0_s0,3,pop_scaled_content,0.140440,0.121815,0.158974
phi_V100_ELOW_z1.5_p0_s0,3,co_purchase,0.011180,0.006307,0.016544
phi_V100_ELOW_z1.5_p0_s0,3,lambda_hybrid_0.25,0.145027,0.127596,0.163374
phi_V100_ELOW_z1.5_p0_s0,3,lambda_hybrid_0.5,0.143131,0.125840,0.160176
phi_V100_ELOW_z1.5_p0_s0,3,lambda_hybrid_0.75,0.095323,0.080842,0.110350
phi_V100_ELOW_z1.5_p0_s0,5,pop_global,0.142731,0.124489,0.161641
phi_V100_ELOW_z1.5_p0_s0,5,recency_pop_0.1,0.150422,0.130121,0.171825
phi_V100_ELOW_z1.5_p0_s0,5,recency_pop_0.5,0.145637,0.126738,0.167044
phi_V100_ELOW_z1.5_p0_s0,5,recency_pop_1.0,0.141365,0.121934,0.162038
phi_V100_ELOW_z1.5_p0_s0,5,pop_category,0.125926,0.109872,0.142601
phi_V100_ELOW_z1.5_p0_s0,5,pop_price,0.138763,0.118941,0.157770
phi_V100_ELOW_z1.5_p0_s0,5,content_knn_1,0.030918,0.022165,0.040181
phi_V100_ELOW_z1.5_p0_s0,5,content_knn_3,0.030299,0.021970,0.039164
phi_V100_ELOW_z1.5_p0_s0,5,content_knn_5,0.033262,0.024390,0.042729
phi_V100_ELOW_z1.5_p0_s0,5,last_item_nbhd,0.037208,0.027863,0.047188
phi_V100_ELOW_z1.5_p0_s0,5,pop_scaled_content,0.114661,0.098610,0.131711
phi_V100_ELOW_z1.5_p0_s0,5,co_purchase,0.007091,0.003269,0.012160
phi_V100_ELOW_z1.5_p0_s0,5,lambda_hybrid_0.25,0.146935,0.128137,0.166553
phi_V100_ELOW_z1.5_p0_s0,5,lambda_hybrid_0.5,0.125382,0.109531,0.140152
phi_V100_ELOW_z1.5_p0_s0,5,lambda_hybrid_0.75,0.079894,0.066850,0.095003
phi_V100_ELOW_z1.5_p0_s0,8,pop_global,0.175961,0.151551,0.201548
phi_V100_ELOW_z1.5_p0_s0,8,recency_pop_0.1,0.186913,0.163065,0.212530
phi_V100_ELOW_z1.5_p0_s0,8,recency_pop_0.5,0.190080,0.165007,0.217645
phi_V100_ELOW_z1.5_p0_s0,8,recency_pop_1.0,0.182792,0.156803,0.207358
phi_V100_ELOW_z1.5_p0_s0,8,pop_category,0.156799,0.136128,0.178908
phi_V100_ELOW_z1.5_p0_s0,8,pop_price,0.173758,0.148645,0.201007
phi_V100_ELOW_z1.5_p0_s0,8,content_knn_1,0.030905,0.020656,0.043013
phi_V100_ELOW_z1.5_p0_s0,8,content_knn_3,0.026806,0.019015,0.035458
phi_V100_ELOW_z1.5_p0_s0,8,content_knn_5,0.029225,0.019377,0.039162
phi_V100_ELOW_z1.5_p0_s0,8,last_item_nbhd,0.035756,0.024752,0.047862
phi_V100_ELOW_z1.5_p0_s0,8,pop_scaled_content,0.123461,0.104743,0.142278
phi_V100_ELOW_z1.5_p0_s0,8,co_purchase,0.005470,0.001525,0.010361
phi_V100_ELOW_z1.5_p0_s0,8,lambda_hybrid_0.25,0.176835,0.153364,0.201151
phi_V100_ELOW_z1.5_p0_s0,8,lambda_hybrid_0.5,0.131173,0.110667,0.151607
phi_V100_ELOW_z1.5_p0_s0,8,lambda_hybrid_0.75,0.080997,0.064335,0.098274
phi_V100_ELOW_z1.5_p0_s1,0,pop_global,0.178089,0.156135,0.200883
phi_V100_ELOW_z1.5_p0_s1,0,recency_pop_0.1,0.039571,0.029872,0.049228
phi_V100_ELOW_z1.5_p0_s1,0,recency_pop_0.5,0.040182,0.030702,0.050175
phi_V100_ELOW_z1.5_p0_s1,0,recency_pop_1.0,0.043079,0.032184,0.054068
phi_V100_ELOW_z1.5_p0_s1,0,pop_category,0.193176,0.171410,0.219086
phi_V100_ELOW_z1.5_p0_s1,0,pop_price,0.181985,0.159135,0.202541
phi_V100_ELOW_z1.5_p0_s1,0,lambda_hybrid_0.25,0.178089,0.155539,0.198646
phi_V100_ELOW_z1.5_p0_s1,0,lambda_hybrid_0.5,0.178089,0.155175,0.201852
phi_V100_ELOW_z1.5_p0_s1,0,lambda_hybrid_0.75,0.178089,0.157256,0.198368
phi_V100_ELOW_z1.5_p0_s1,0,active_elic2,0.098236,0.082711,0.113672
phi_V100_ELOW_z1.5_p0_s1,1,pop_global,0.162805,0.144974,0.184648
phi_V100_ELOW_z1.5_p0_s1,1,recency_pop_0.1,0.044012,0.034042,0.053565
phi_V100_ELOW_z1.5_p0_s1,1,recency_pop_0.5,0.049435,0.038864,0.059815
phi_V100_ELOW_z1.5_p0_s1,1,recency_pop_1.0,0.059585,0.046644,0.072338
phi_V100_ELOW_z1.5_p0_s1,1,pop_category,0.170075,0.150904,0.191662
phi_V100_ELOW_z1.5_p0_s1,1,pop_price,0.162240,0.143638,0.181828
phi_V100_ELOW_z1.5_p0_s1,1,content_knn_1,0.026536,0.018977,0.034861
phi_V100_ELOW_z1.5_p0_s1,1,content_knn_3,0.025896,0.018349,0.033486
phi_V100_ELOW_z1.5_p0_s1,1,content_knn_5,0.026922,0.019638,0.034493
phi_V100_ELOW_z1.5_p0_s1,1,last_item_nbhd,0.027530,0.019636,0.036070
phi_V100_ELOW_z1.5_p0_s1,1,pop_scaled_content,0.145438,0.126732,0.165115
phi_V100_ELOW_z1.5_p0_s1,1,co_purchase,0.021387,0.014945,0.028615
phi_V100_ELOW_z1.5_p0_s1,1,lambda_hybrid_0.25,0.168551,0.149702,0.190166
phi_V100_ELOW_z1.5_p0_s1,1,lambda_hybrid_0.5,0.150055,0.130445,0.171065
phi_V100_ELOW_z1.5_p0_s1,1,lambda_hybrid_0.75,0.078903,0.063961,0.095498
phi_V100_ELOW_z1.5_p0_s1,2,pop_global,0.158881,0.140644,0.177568
phi_V100_ELOW_z1.5_p0_s1,2,recency_pop_0.1,0.060774,0.048756,0.073251
phi_V100_ELOW_z1.5_p0_s1,2,recency_pop_0.5,0.073103,0.060284,0.086837
phi_V100_ELOW_z1.5_p0_s1,2,recency_pop_1.0,0.075110,0.062227,0.089671
phi_V100_ELOW_z1.5_p0_s1,2,pop_category,0.165017,0.145127,0.184903
phi_V100_ELOW_z1.5_p0_s1,2,pop_price,0.157572,0.138398,0.176963
phi_V100_ELOW_z1.5_p0_s1,2,content_knn_1,0.027947,0.020833,0.035931
phi_V100_ELOW_z1.5_p0_s1,2,content_knn_3,0.025977,0.018649,0.033133
phi_V100_ELOW_z1.5_p0_s1,2,content_knn_5,0.024348,0.017735,0.031465
phi_V100_ELOW_z1.5_p0_s1,2,last_item_nbhd,0.029711,0.021681,0.039183
phi_V100_ELOW_z1.5_p0_s1,2,pop_scaled_content,0.154258,0.134200,0.173870
phi_V100_ELOW_z1.5_p0_s1,2,co_purchase,0.020524,0.013941,0.027590
phi_V100_ELOW_z1.5_p0_s1,2,lambda_hybrid_0.25,0.161111,0.142771,0.180772
phi_V100_ELOW_z1.5_p0_s1,2,lambda_hybrid_0.5,0.138529,0.119107,0.157004
phi_V100_ELOW_z1.5_p0_s1,2,lambda_hybrid_0.75,0.087485,0.071231,0.104743
phi_V100_ELOW_z1.5_p0_s1,3,pop_global,0.149396,0.130007,0.169325
phi_V100_ELOW_z1.5_p0_s1,3,recency_pop_0.1,0.065819,0.054028,0.080174
phi_V100_ELOW_z1.5_p0_s1,3,recency_pop_0.5,0.083096,0.069683,0.097601
phi_V100_ELOW_z1.5_p0_s1,3,recency_pop_1.0,0.084431,0.069988,0.098604
phi_V100_ELOW_z1.5_p0_s1,3,pop_category,0.148852,0.129648,0.167751
phi_V100_ELOW_z1.5_p0_s1,3,pop_price,0.143005,0.125318,0.160662
phi_V100_ELOW_z1.5_p0_s1,3,content_knn_1,0.030384,0.021870,0.039121
phi_V100_ELOW_z1.5_p0_s1,3,content_knn_3,0.018991,0.012568,0.025934
phi_V100_ELOW_z1.5_p0_s1,3,content_knn_5,0.020419,0.013471,0.028762
phi_V100_ELOW_z1.5_p0_s1,3,last_item_nbhd,0.028446,0.020834,0.036685
phi_V100_ELOW_z1.5_p0_s1,3,pop_scaled_content,0.136266,0.119015,0.154595
phi_V100_ELOW_z1.5_p0_s1,3,co_purchase,0.010609,0.006018,0.016082
phi_V100_ELOW_z1.5_p0_s1,3,lambda_hybrid_0.25,0.149613,0.130027,0.168876
phi_V100_ELOW_z1.5_p0_s1,3,lambda_hybrid_0.5,0.120052,0.101927,0.138372
phi_V100_ELOW_z1.5_p0_s1,3,lambda_hybrid_0.75,0.075824,0.061717,0.090525
phi_V100_ELOW_z1.5_p0_s1,5,pop_global,0.139031,0.120878,0.157105
phi_V100_ELOW_z1.5_p0_s1,5,recency_pop_0.1,0.135485,0.116799,0.155220
phi_V100_ELOW_z1.5_p0_s1,5,recency_pop_0.5,0.133744,0.117294,0.153172
phi_V100_ELOW_z1.5_p0_s1,5,recency_pop_1.0,0.129608,0.111289,0.147709
phi_V100_ELOW_z1.5_p0_s1,5,pop_category,0.144125,0.125562,0.162928
phi_V100_ELOW_z1.5_p0_s1,5,pop_price,0.142411,0.123581,0.161367
phi_V100_ELOW_z1.5_p0_s1,5,content_knn_1,0.024487,0.016586,0.033626
phi_V100_ELOW_z1.5_p0_s1,5,content_knn_3,0.023548,0.015308,0.031823
phi_V100_ELOW_z1.5_p0_s1,5,content_knn_5,0.023341,0.015434,0.031165
phi_V100_ELOW_z1.5_p0_s1,5,last_item_nbhd,0.028724,0.020712,0.037609
phi_V100_ELOW_z1.5_p0_s1,5,pop_scaled_content,0.132103,0.113950,0.149959
phi_V100_ELOW_z1.5_p0_s1,5,co_purchase,0.011786,0.006563,0.017541
phi_V100_ELOW_z1.5_p0_s1,5,lambda_hybrid_0.25,0.139731,0.122115,0.158535
phi_V100_ELOW_z1.5_p0_s1,5,lambda_hybrid_0.5,0.113433,0.096239,0.131831
phi_V100_ELOW_z1.5_p0_s1,5,lambda_hybrid_0.75,0.072059,0.057851,0.087553
phi_V100_ELOW_z1.5_p0_s1,8,pop_global,0.119017,0.100888,0.139990
phi_V100_ELOW_z1.5_p0_s1,8,recency_pop_0.1,0.132351,0.113010,0.153413
phi_V100_ELOW_z1.5_p0_s1,8,recency_pop_0.5,0.129330,0.108099,0.150226
phi_V100_ELOW_z1.5_p0_s1,8,recency_pop_1.0,0.113711,0.093795,0.134535
phi_V100_ELOW_z1.5_p0_s1,8,pop_category,0.133286,0.112828,0.154620
phi_V100_ELOW_z1.5_p0_s1,8,pop_price,0.117872,0.098753,0.139150
phi_V100_ELOW_z1.5_p0_s1,8,content_knn_1,0.019713,0.011892,0.028138
phi_V100_ELOW_z1.5_p0_s1,8,content_knn_3,0.021703,0.013503,0.031029
phi_V100_ELOW_z1.5_p0_s1,8,content_knn_5,0.022260,0.013593,0.032248
phi_V100_ELOW_z1.5_p0_s1,8,last_item_nbhd,0.017726,0.010530,0.026784
phi_V100_ELOW_z1.5_p0_s1,8,pop_scaled_content,0.115004,0.096666,0.133343
phi_V100_ELOW_z1.5_p0_s1,8,co_purchase,0.012942,0.006607,0.020182
phi_V100_ELOW_z1.5_p0_s1,8,lambda_hybrid_0.25,0.122500,0.103849,0.143603
phi_V100_ELOW_z1.5_p0_s1,8,lambda_hybrid_0.5,0.088812,0.071384,0.107374
phi_V100_ELOW_z1.5_p0_s1,8,lambda_hybrid_0.75,0.057545,0.043532,0.073410
phi_V100_ELOW_z1.5_p1_s0,0,pop_global,0.090862,0.078767,0.104295
phi_V100_ELOW_z1.5_p1_s0,0,recency_pop_0.1,0.042519,0.032493,0.053221
phi_V100_ELOW_z1.5_p1_s0,0,recency_pop_0.5,0.044876,0.035422,0.056798
phi_V100_ELOW_z1.5_p1_s0,0,recency_pop_1.0,0.045182,0.034358,0.056527
phi_V100_ELOW_z1.5_p1_s0,0,pop_category,0.106239,0.089370,0.122400
phi_V100_ELOW_z1.5_p1_s0,0,pop_price,0.096492,0.082408,0.110588
phi_V100_ELOW_z1.5_p1_s0,0,lambda_hybrid_0.25,0.090862,0.077399,0.104107
phi_V100_ELOW_z1.5_p1_s0,0,lambda_hybrid_0.5,0.090862,0.078069,0.104143
phi_V100_ELOW_z1.5_p1_s0,0,lambda_hybrid_0.75,0.090862,0.078025,0.103355
phi_V100_ELOW_z1.5_p1_s0,0,active_elic2,0.130489,0.113672,0.148997
phi_V100_ELOW_z1.5_p1_s0,1,pop_global,0.100343,0.087203,0.114753
phi_V100_ELOW_z1.5_p1_s0,1,recency_pop_0.1,0.071851,0.059394,0.086010
phi_V100_ELOW_z1.5_p1_s0,1,recency_pop_0.5,0.070633,0.057321,0.084390
phi_V100_ELOW_z1.5_p1_s0,1,recency_pop_1.0,0.070633,0.058646,0.083720
phi_V100_ELOW_z1.5_p1_s0,1,pop_category,0.109859,0.093086,0.127276
phi_V100_ELOW_z1.5_p1_s0,1,pop_price,0.104675,0.090753,0.119449
phi_V100_ELOW_z1.5_p1_s0,1,content_knn_1,0.052494,0.042103,0.064792
phi_V100_ELOW_z1.5_p1_s0,1,content_knn_3,0.056169,0.044331,0.068261
phi_V100_ELOW_z1.5_p1_s0,1,content_knn_5,0.053724,0.041991,0.067142
phi_V100_ELOW_z1.5_p1_s0,1,last_item_nbhd,0.057116,0.045090,0.070334
phi_V100_ELOW_z1.5_p1_s0,1,pop_scaled_content,0.115730,0.098985,0.132508
phi_V100_ELOW_z1.5_p1_s0,1,co_purchase,0.037404,0.028201,0.046294
phi_V100_ELOW_z1.5_p1_s0,1,lambda_hybrid_0.25,0.107237,0.093182,0.122408
phi_V100_ELOW_z1.5_p1_s0,1,lambda_hybrid_0.5,0.114477,0.098728,0.130669
phi_V100_ELOW_z1.5_p1_s0,1,lambda_hybrid_0.75,0.075112,0.061478,0.089233
phi_V100_ELOW_z1.5_p1_s0,2,pop_global,0.120294,0.105293,0.136168
phi_V100_ELOW_z1.5_p1_s0,2,recency_pop_0.1,0.092728,0.077543,0.109521
phi_V100_ELOW_z1.5_p1_s0,2,recency_pop_0.5,0.097423,0.082329,0.111866
phi_V100_ELOW_z1.5_p1_s0,2,recency_pop_1.0,0.097810,0.082244,0.114503
phi_V100_ELOW_z1.5_p1_s0,2,pop_category,0.118883,0.101705,0.134508
phi_V100_ELOW_z1.5_p1_s0,2,pop_price,0.124335,0.108873,0.141299
phi_V100_ELOW_z1.5_p1_s0,2,content_knn_1,0.043460,0.034449,0.054000
phi_V100_ELOW_z1.5_p1_s0,2,content_knn_3,0.038805,0.030232,0.047992
phi_V100_ELOW_z1.5_p1_s0,2,content_knn_5,0.038456,0.029229,0.048536
phi_V100_ELOW_z1.5_p1_s0,2,last_item_nbhd,0.041023,0.031500,0.050703
phi_V100_ELOW_z1.5_p1_s0,2,pop_scaled_content,0.131337,0.114205,0.149544
phi_V100_ELOW_z1.5_p1_s0,2,co_purchase,0.033123,0.024333,0.041668
phi_V100_ELOW_z1.5_p1_s0,2,lambda_hybrid_0.25,0.130156,0.113627,0.147977
phi_V100_ELOW_z1.5_p1_s0,2,lambda_hybrid_0.5,0.129146,0.111788,0.146279
phi_V100_ELOW_z1.5_p1_s0,2,lambda_hybrid_0.75,0.095021,0.080753,0.111604
phi_V100_ELOW_z1.5_p1_s0,3,pop_global,0.110972,0.095517,0.126805
phi_V100_ELOW_z1.5_p1_s0,3,recency_pop_0.1,0.101050,0.085199,0.116475
phi_V100_ELOW_z1.5_p1_s0,3,recency_pop_0.5,0.108977,0.093382,0.124908
phi_V100_ELOW_z1.5_p1_s0,3,recency_pop_1.0,0.109367,0.093773,0.124953
phi_V100_ELOW_z1.5_p1_s0,3,pop_category,0.106925,0.091150,0.122945
phi_V100_ELOW_z1.5_p1_s0,3,pop_price,0.115067,0.099259,0.130523
phi_V100_ELOW_z1.5_p1_s0,3,content_knn_1,0.049637,0.039499,0.060825
phi_V100_ELOW_z1.5_p1_s0,3,content_knn_3,0.051144,0.039707,0.062174
phi_V100_ELOW_z1.5_p1_s0,3,content_knn_5,0.047642,0.037692,0.057457
phi_V100_ELOW_z1.5_p1_s0,3,last_item_nbhd,0.054651,0.043803,0.066457
phi_V100_ELOW_z1.5_p1_s0,3,pop_scaled_content,0.130154,0.113794,0.147514
phi_V100_ELOW_z1.5_p1_s0,3,co_purchase,0.023397,0.016026,0.031104
phi_V100_ELOW_z1.5_p1_s0,3,lambda_hybrid_0.25,0.128148,0.111285,0.145215
phi_V100_ELOW_z1.5_p1_s0,3,lambda_hybrid_0.5,0.131784,0.114857,0.148828
phi_V100_ELOW_z1.5_p1_s0,3,lambda_hybrid_0.75,0.101468,0.085899,0.117780
phi_V100_ELOW_z1.5_p1_s0,5,pop_global,0.134193,0.116075,0.153993
phi_V100_ELOW_z1.5_p1_s0,5,recency_pop_0.1,0.126168,0.106875,0.145326
phi_V100_ELOW_z1.5_p1_s0,5,recency_pop_0.5,0.133692,0.117319,0.153443
phi_V100_ELOW_z1.5_p1_s0,5,recency_pop_1.0,0.133692,0.116193,0.154174
phi_V100_ELOW_z1.5_p1_s0,5,pop_category,0.117901,0.102033,0.134621
phi_V100_ELOW_z1.5_p1_s0,5,pop_price,0.128292,0.109385,0.147092
phi_V100_ELOW_z1.5_p1_s0,5,content_knn_1,0.037652,0.027729,0.048500
phi_V100_ELOW_z1.5_p1_s0,5,content_knn_3,0.034100,0.025590,0.042772
phi_V100_ELOW_z1.5_p1_s0,5,content_knn_5,0.039693,0.029627,0.050400
phi_V100_ELOW_z1.5_p1_s0,5,last_item_nbhd,0.043702,0.032439,0.054599
phi_V100_ELOW_z1.5_p1_s0,5,pop_scaled_content,0.106207,0.089710,0.123021
phi_V100_ELOW_z1.5_p1_s0,5,co_purchase,0.009557,0.005180,0.014094
phi_V100_ELOW_z1.5_p1_s0,5,lambda_hybrid_0.25,0.127342,0.109584,0.145170
phi_V100_ELOW_z1.5_p1_s0,5,lambda_hybrid_0.5,0.115806,0.098780,0.133369
phi_V100_ELOW_z1.5_p1_s0,5,lambda_hybrid_0.75,0.081673,0.067760,0.096431
phi_V100_ELOW_z1.5_p1_s0,8,pop_global,0.153721,0.130771,0.178765
phi_V100_ELOW_z1.5_p1_s0,8,recency_pop_0.1,0.139779,0.114052,0.162395
phi_V100_ELOW_z1.5_p1_s0,8,recency_pop_0.5,0.154132,0.130526,0.179271
phi_V100_ELOW_z1.5_p1_s0,8,recency_pop_1.0,0.153552,0.128525,0.178026
phi_V100_ELOW_z1.5_p1_s0,8,pop_category,0.123016,0.105125,0.140577
phi_V100_ELOW_z1.5_p1_s0,8,pop_price,0.147516,0.122659,0.172040
phi_V100_ELOW_z1.5_p1_s0,8,content_knn_1,0.032366,0.021767,0.042888
phi_V100_ELOW_z1.5_p1_s0,8,content_knn_3,0.029117,0.018862,0.039316
phi_V100_ELOW_z1.5_p1_s0,8,content_knn_5,0.033987,0.024555,0.045366
phi_V100_ELOW_z1.5_p1_s0,8,last_item_nbhd,0.030765,0.021444,0.041642
phi_V100_ELOW_z1.5_p1_s0,8,pop_scaled_content,0.099836,0.082032,0.118151
phi_V100_ELOW_z1.5_p1_s0,8,co_purchase,0.010355,0.005195,0.016583
phi_V100_ELOW_z1.5_p1_s0,8,lambda_hybrid_0.25,0.140811,0.120261,0.164506
phi_V100_ELOW_z1.5_p1_s0,8,lambda_hybrid_0.5,0.106472,0.087708,0.127070
phi_V100_ELOW_z1.5_p1_s0,8,lambda_hybrid_0.75,0.063510,0.047545,0.079438
phi_V100_ELOW_z1.5_p1_s1,0,pop_global,0.165152,0.146061,0.187756
phi_V100_ELOW_z1.5_p1_s1,0,recency_pop_0.1,0.040068,0.030284,0.050036
phi_V100_ELOW_z1.5_p1_s1,0,recency_pop_0.5,0.041417,0.031831,0.051942
phi_V100_ELOW_z1.5_p1_s1,0,recency_pop_1.0,0.044687,0.033933,0.055985
phi_V100_ELOW_z1.5_p1_s1,0,pop_category,0.176370,0.156825,0.198555
phi_V100_ELOW_z1.5_p1_s1,0,pop_price,0.170954,0.151328,0.191283
phi_V100_ELOW_z1.5_p1_s1,0,lambda_hybrid_0.25,0.165152,0.144354,0.186682
phi_V100_ELOW_z1.5_p1_s1,0,lambda_hybrid_0.5,0.165152,0.144581,0.186992
phi_V100_ELOW_z1.5_p1_s1,0,lambda_hybrid_0.75,0.165152,0.144218,0.185907
phi_V100_ELOW_z1.5_p1_s1,0,active_elic2,0.102267,0.087142,0.118506
phi_V100_ELOW_z1.5_p1_s1,1,pop_global,0.158579,0.139866,0.180791
phi_V100_ELOW_z1.5_p1_s1,1,recency_pop_0.1,0.047343,0.038407,0.057584
phi_V100_ELOW_z1.5_p1_s1,1,recency_pop_0.5,0.051439,0.041872,0.061226
phi_V100_ELOW_z1.5_p1_s1,1,recency_pop_1.0,0.059216,0.046287,0.072090
phi_V100_ELOW_z1.5_p1_s1,1,pop_category,0.172381,0.154225,0.193731
phi_V100_ELOW_z1.5_p1_s1,1,pop_price,0.159824,0.140694,0.180577
phi_V100_ELOW_z1.5_p1_s1,1,content_knn_1,0.045572,0.035334,0.056590
phi_V100_ELOW_z1.5_p1_s1,1,content_knn_3,0.044353,0.034482,0.055166
phi_V100_ELOW_z1.5_p1_s1,1,content_knn_5,0.037226,0.028466,0.046949
phi_V100_ELOW_z1.5_p1_s1,1,last_item_nbhd,0.043305,0.033004,0.054620
phi_V100_ELOW_z1.5_p1_s1,1,pop_scaled_content,0.148725,0.130861,0.167928
phi_V100_ELOW_z1.5_p1_s1,1,co_purchase,0.029346,0.021595,0.037934
phi_V100_ELOW_z1.5_p1_s1,1,lambda_hybrid_0.25,0.165690,0.146270,0.185980
phi_V100_ELOW_z1.5_p1_s1,1,lambda_hybrid_0.5,0.152412,0.133506,0.171696
phi_V100_ELOW_z1.5_p1_s1,1,lambda_hybrid_0.75,0.081533,0.068010,0.098186
phi_V100_ELOW_z1.5_p1_s1,2,pop_global,0.123487,0.106729,0.142892
phi_V100_ELOW_z1.5_p1_s1,2,recency_pop_0.1,0.064083,0.052031,0.077578
phi_V100_ELOW_z1.5_p1_s1,2,recency_pop_0.5,0.066977,0.055310,0.079998
phi_V100_ELOW_z1.5_p1_s1,2,recency_pop_1.0,0.072630,0.059657,0.086080
phi_V100_ELOW_z1.5_p1_s1,2,pop_category,0.131801,0.115621,0.148918
phi_V100_ELOW_z1.5_p1_s1,2,pop_price,0.127770,0.111425,0.147810
phi_V100_ELOW_z1.5_p1_s1,2,content_knn_1,0.038294,0.028097,0.049135
phi_V100_ELOW_z1.5_p1_s1,2,content_knn_3,0.035665,0.027044,0.044443
phi_V100_ELOW_z1.5_p1_s1,2,content_knn_5,0.029941,0.021426,0.039257
phi_V100_ELOW_z1.5_p1_s1,2,last_item_nbhd,0.038838,0.028799,0.049872
phi_V100_ELOW_z1.5_p1_s1,2,pop_scaled_content,0.123043,0.106267,0.140169
phi_V100_ELOW_z1.5_p1_s1,2,co_purchase,0.035132,0.026443,0.044296
phi_V100_ELOW_z1.5_p1_s1,2,lambda_hybrid_0.25,0.129110,0.112079,0.148762
phi_V100_ELOW_z1.5_p1_s1,2,lambda_hybrid_0.5,0.117093,0.101536,0.135126
phi_V100_ELOW_z1.5_p1_s1,2,lambda_hybrid_0.75,0.072619,0.058438,0.086115
phi_V100_ELOW_z1.5_p1_s1,3,pop_global,0.123355,0.105072,0.140452
phi_V100_ELOW_z1.5_p1_s1,3,recency_pop_0.1,0.062132,0.050529,0.076276
phi_V100_ELOW_z1.5_p1_s1,3,recency_pop_0.5,0.071590,0.058544,0.084891
phi_V100_ELOW_z1.5_p1_s1,3,recency_pop_1.0,0.076043,0.062792,0.089489
phi_V100_ELOW_z1.5_p1_s1,3,pop_category,0.127759,0.110566,0.145509
phi_V100_ELOW_z1.5_p1_s1,3,pop_price,0.126414,0.109366,0.143844
phi_V100_ELOW_z1.5_p1_s1,3,content_knn_1,0.037716,0.028476,0.048118
phi_V100_ELOW_z1.5_p1_s1,3,content_knn_3,0.037495,0.028184,0.046950
phi_V100_ELOW_z1.5_p1_s1,3,content_knn_5,0.030068,0.022224,0.037959
phi_V100_ELOW_z1.5_p1_s1,3,last_item_nbhd,0.035966,0.027834,0.045373
phi_V100_ELOW_z1.5_p1_s1,3,pop_scaled_content,0.121628,0.104388,0.138189
phi_V100_ELOW_z1.5_p1_s1,3,co_purchase,0.021341,0.014606,0.028037
phi_V100_ELOW_z1.5_p1_s1,3,lambda_hybrid_0.25,0.127948,0.109918,0.145985
phi_V100_ELOW_z1.5_p1_s1,3,lambda_hybrid_0.5,0.112338,0.095814,0.129498
phi_V100_ELOW_z1.5_p1_s1,3,lambda_hybrid_0.75,0.071941,0.057807,0.086522
phi_V100_ELOW_z1.5_p1_s1,5,pop_global,0.112009,0.097301,0.128607
phi_V100_ELOW_z1.5_p1_s1,5,recency_pop_0.1,0.110727,0.093903,0.127468
phi_V100_ELOW_z1.5_p1_s1,5,recency_pop_0.5,0.112545,0.096167,0.129520
phi_V100_ELOW_z1.5_p1_s1,5,recency_pop_1.0,0.105164,0.089630,0.122210
phi_V100_ELOW_z1.5_p1_s1,5,pop_category,0.113903,0.097029,0.131448
phi_V100_ELOW_z1.5_p1_s1,5,pop_price,0.117160,0.100240,0.133179
phi_V100_ELOW_z1.5_p1_s1,5,content_knn_1,0.029516,0.021231,0.037787
phi_V100_ELOW_z1.5_p1_s1,5,content_knn_3,0.030486,0.022216,0.038911
phi_V100_ELOW_z1.5_p1_s1,5,content_knn_5,0.028311,0.020749,0.037493
phi_V100_ELOW_z1.5_p1_s1,5,last_item_nbhd,0.029007,0.020578,0.037818
phi_V100_ELOW_z1.5_p1_s1,5,pop_scaled_content,0.110762,0.094707,0.126882
phi_V100_ELOW_z1.5_p1_s1,5,co_purchase,0.026698,0.018902,0.035651
phi_V100_ELOW_z1.5_p1_s1,5,lambda_hybrid_0.25,0.117681,0.102111,0.135678
phi_V100_ELOW_z1.5_p1_s1,5,lambda_hybrid_0.5,0.094961,0.080338,0.112093
phi_V100_ELOW_z1.5_p1_s1,5,lambda_hybrid_0.75,0.060505,0.048808,0.075018
phi_V100_ELOW_z1.5_p1_s1,8,pop_global,0.078415,0.061993,0.097072
phi_V100_ELOW_z1.5_p1_s1,8,recency_pop_0.1,0.110135,0.091269,0.129683
phi_V100_ELOW_z1.5_p1_s1,8,recency_pop_0.5,0.103778,0.084939,0.123271
phi_V100_ELOW_z1.5_p1_s1,8,recency_pop_1.0,0.088370,0.072402,0.106748
phi_V100_ELOW_z1.5_p1_s1,8,pop_category,0.087008,0.070769,0.101953
phi_V100_ELOW_z1.5_p1_s1,8,pop_price,0.082972,0.066901,0.099729
phi_V100_ELOW_z1.5_p1_s1,8,content_knn_1,0.036298,0.025722,0.048589
phi_V100_ELOW_z1.5_p1_s1,8,content_knn_3,0.031678,0.021548,0.043560
phi_V100_ELOW_z1.5_p1_s1,8,content_knn_5,0.030101,0.019685,0.041839
phi_V100_ELOW_z1.5_p1_s1,8,last_item_nbhd,0.033517,0.023026,0.046297
phi_V100_ELOW_z1.5_p1_s1,8,pop_scaled_content,0.081430,0.065717,0.098052
phi_V100_ELOW_z1.5_p1_s1,8,co_purchase,0.014783,0.007933,0.023443
phi_V100_ELOW_z1.5_p1_s1,8,lambda_hybrid_0.25,0.087288,0.070506,0.102883
phi_V100_ELOW_z1.5_p1_s1,8,lambda_hybrid_0.5,0.068560,0.053658,0.084869
phi_V100_ELOW_z1.5_p1_s1,8,lambda_hybrid_0.75,0.049706,0.037290,0.063078
phi_V20_EHIGH_z0.5_p0.25_s0,0,pop_global,0.571222,0.550897,0.590273
phi_V20_EHIGH_z0.5_p0.25_s0,0,recency_pop_0.1,0.073427,0.058493,0.088566
phi_V20_EHIGH_z0.5_p0.25_s0,0,recency_pop_0.5,0.113370,0.089331,0.137113
phi_V20_EHIGH_z0.5_p0.25_s0,0,recency_pop_1.0,0.113052,0.091553,0.137403
phi_V20_EHIGH_z0.5_p0.25_s0,0,pop_category,0.507104,0.482576,0.531068
phi_V20_EHIGH_z0.5_p0.25_s0,0,pop_price,0.579604,0.560885,0.597135
phi_V20_EHIGH_z0.5_p0.25_s0,0,lambda_hybrid_0.25,0.571222,0.550469,0.592220
phi_V20_EHIGH_z0.5_p0.25_s0,0,lambda_hybrid_0.5,0.571222,0.550871,0.590678
phi_V20_EHIGH_z0.5_p0.25_s0,0,lambda_hybrid_0.75,0.571222,0.552228,0.590227
phi_V20_EHIGH_z0.5_p0.25_s0,0,active_elic2,0.132804,0.107012,0.158979
phi_V20_EHIGH_z0.5_p0.25_s0,1,pop_global,0.429497,0.397188,0.461651
phi_V20_EHIGH_z0.5_p0.25_s0,1,recency_pop_0.1,0.174075,0.147293,0.206149
phi_V20_EHIGH_z0.5_p0.25_s0,1,recency_pop_0.5,0.184661,0.154971,0.215219
phi_V20_EHIGH_z0.5_p0.25_s0,1,recency_pop_1.0,0.185098,0.154813,0.217968
phi_V20_EHIGH_z0.5_p0.25_s0,1,pop_category,0.403437,0.371403,0.436370
phi_V20_EHIGH_z0.5_p0.25_s0,1,pop_price,0.427842,0.395431,0.458118
phi_V20_EHIGH_z0.5_p0.25_s0,1,content_knn_1,0.043599,0.030651,0.056938
phi_V20_EHIGH_z0.5_p0.25_s0,1,content_knn_3,0.041435,0.029267,0.055363
phi_V20_EHIGH_z0.5_p0.25_s0,1,content_knn_5,0.047926,0.034672,0.060939
phi_V20_EHIGH_z0.5_p0.25_s0,1,last_item_nbhd,0.047329,0.035571,0.060637
phi_V20_EHIGH_z0.5_p0.25_s0,1,pop_scaled_content,0.145791,0.121307,0.170272
phi_V20_EHIGH_z0.5_p0.25_s0,1,co_purchase,0.067818,0.055131,0.081421
phi_V20_EHIGH_z0.5_p0.25_s0,1,lambda_hybrid_0.25,0.353427,0.321431,0.386769
phi_V20_EHIGH_z0.5_p0.25_s0,1,lambda_hybrid_0.5,0.295926,0.267190,0.328500
phi_V20_EHIGH_z0.5_p0.25_s0,1,lambda_hybrid_0.75,0.095319,0.075613,0.113919
phi_V20_EHIGH_z0.5_p0.25_s0,2,pop_global,0.397305,0.361730,0.430960
phi_V20_EHIGH_z0.5_p0.25_s0,2,recency_pop_0.1,0.249042,0.216948,0.284999
phi_V20_EHIGH_z0.5_p0.25_s0,2,recency_pop_0.5,0.249821,0.215937,0.283217
phi_V20_EHIGH_z0.5_p0.25_s0,2,recency_pop_1.0,0.254031,0.219792,0.290541
phi_V20_EHIGH_z0.5_p0.25_s0,2,pop_category,0.374167,0.338452,0.407474
phi_V20_EHIGH_z0.5_p0.25_s0,2,pop_price,0.400261,0.365037,0.436576
phi_V20_EHIGH_z0.5_p0.25_s0,2,content_knn_1,0.044423,0.031394,0.058358
phi_V20_EHIGH_z0.5_p0.25_s0,2,content_knn_3,0.052070,0.038400,0.067074
phi_V20_EHIGH_z0.5_p0.25_s0,2,content_knn_5,0.048731,0.035703,0.063054
phi_V20_EHIGH_z0.5_p0.25_s0,2,last_item_nbhd,0.043472,0.031330,0.056344
phi_V20_EHIGH_z0.5_p0.25_s0,2,pop_scaled_content,0.229597,0.195311,0.261031
phi_V20_EHIGH_z0.5_p0.25_s0,2,co_purchase,0.028617,0.019424,0.038879
phi_V20_EHIGH_z0.5_p0.25_s0,2,lambda_hybrid_0.25,0.353530,0.315851,0.389311
phi_V20_EHIGH_z0.5_p0.25_s0,2,lambda_hybrid_0.5,0.290890,0.257230,0.325954
phi_V20_EHIGH_z0.5_p0.25_s0,2,lambda_hybrid_0.75,0.067951,0.053075,0.083751
phi_V20_EHIGH_z0.5_p0.25_s0,3,pop_global,0.334997,0.300260,0.369955
phi_V20_EHIGH_z0.5_p0.25_s0,3,recency_pop_0.1,0.239053,0.205176,0.272256
phi_V20_EHIGH_z0.5_p0.25_s0,3,recency_pop_0.5,0.241388,0.208883,0.274416
phi_V20_EHIGH_z0.5_p0.25_s0,3,recency_pop_1.0,0.245373,0.213486,0.276468
phi_V20_EHIGH_z0.5_p0.25_s0,3,pop_category,0.317533,0.282956,0.352455
phi_V20_EHIGH_z0.5_p0.25_s0,3,pop_price,0.328763,0.293734,0.360849
phi_V20_EHIGH_z0.5_p0.25_s0,3,content_knn_1,0.031897,0.021288,0.042673
phi_V20_EHIGH_z0.5_p0.25_s0,3,content_knn_3,0.040977,0.027276,0.055181
phi_V20_EHIGH_z0.5_p0.25_s0,3,content_knn_5,0.040472,0.028753,0.054441
phi_V20_EHIGH_z0.5_p0.25_s0,3,last_item_nbhd,0.034285,0.023513,0.046636
phi_V20_EHIGH_z0.5_p0.25_s0,3,pop_scaled_content,0.235568,0.204591,0.269451
phi_V20_EHIGH_z0.5_p0.25_s0,3,co_purchase,0.012517,0.006929,0.018513
phi_V20_EHIGH_z0.5_p0.25_s0,3,lambda_hybrid_0.25,0.295579,0.259253,0.333581
phi_V20_EHIGH_z0.5_p0.25_s0,3,lambda_hybrid_0.5,0.257170,0.223084,0.291318
phi_V20_EHIGH_z0.5_p0.25_s0,3,lambda_hybrid_0.75,0.065992,0.050707,0.082942
phi_V20_EHIGH_z0.5_p0.25_s0,5,pop_global,0.168853,0.142166,0.199323
phi_V20_EHIGH_z0.5_p0.25_s0,5,recency_pop_0.1,0.147517,0.123280,0.174751
phi_V20_EHIGH_z0.5_p0.25_s0,5,recency_pop_0.5,0.143084,0.115755,0.169382
phi_V20_EHIGH_z0.5_p0.25_s0,5,recency_pop_1.0,0.147758,0.120162,0.173314
phi_V20_EHIGH_z0.5_p0.25_s0,5,pop_category,0.166848,0.138692,0.196398
phi_V20_EHIGH_z0.5_p0.25_s0,5,pop_price,0.157945,0.129892,0.190987
phi_V20_EHIGH_z0.5_p0.25_s0,5,content_knn_1,0.036890,0.025854,0.050707
phi_V20_EHIGH_z0.5_p0.25_s0,5,content_knn_3,0.042904,0.028273,0.059635
phi_V20_EHIGH_z0.5_p0.25_s0,5,content_knn_5,0.040452,0.027946,0.054823
phi_V20_EHIGH_z0.5_p0.25_s0,5,last_item_nbhd,0.034599,0.024144,0.046909
phi_V20_EHIGH_z0.5_p0.25_s0,5,pop_scaled_content,0.141393,0.116852,0.166106
phi_V20_EHIGH_z0.5_p0.25_s0,5,co_purchase,0.004138,0.000691,0.009170
phi_V20_EHIGH_z0.5_p0.25_s0,5,lambda_hybrid_0.25,0.147594,0.120805,0.176064
phi_V20_EHIGH_z0.5_p0.25_s0,5,lambda_hybrid_0.5,0.130036,0.103425,0.158091
phi_V20_EHIGH_z0.5_p0.25_s0,5,lambda_hybrid_0.75,0.043018,0.030103,0.055523
phi_V20_EHIGH_z0.5_p0.25_s0,8,pop_global,0.051823,0.034877,0.070026
phi_V20_EHIGH_z0.5_p0.25_s0,8,recency_pop_0.1,0.060246,0.041683,0.083285
phi_V20_EHIGH_z0.5_p0.25_s0,8,recency_pop_0.5,0.050861,0.033923,0.069221
phi_V20_EHIGH_z0.5_p0.25_s0,8,recency_pop_1.0,0.051539,0.034879,0.069959
phi_V20_EHIGH_z0.5_p0.25_s0,8,pop_category,0.056344,0.035422,0.076985
phi_V20_EHIGH_z0.5_p0.25_s0,8,pop_price,0.030463,0.017386,0.045682
phi_V20_EHIGH_z0.5_p0.25_s0,8,content_knn_1,0.026786,0.014935,0.039986
phi_V20_EHIGH_z0.5_p0.25_s0,8,content_knn_3,0.025449,0.013594,0.040390
phi_V20_EHIGH_z0.5_p0.25_s0,8,content_knn_5,0.030504,0.016172,0.046810
phi_V20_EHIGH_z0.5_p0.25_s0,8,last_item_nbhd,0.022337,0.012125,0.034406
phi_V20_EHIGH_z0.5_p0.25_s0,8,pop_scaled_content,0.045215,0.029201,0.062813
phi_V20_EHIGH_z0.5_p0.25_s0,8,co_purchase,0.001263,0.000000,0.003788
phi_V20_EHIGH_z0.5_p0.25_s0,8,lambda_hybrid_0.25,0.039755,0.024499,0.056413
phi_V20_EHIGH_z0.5_p0.25_s0,8,lambda_hybrid_0.5,0.033431,0.020067,0.048970
phi_V20_EHIGH_z0.5_p0.25_s0,8,lambda_hybrid_0.75,0.021801,0.011323,0.033997
phi_V20_EHIGH_z0.5_p0.25_s1,0,pop_global,0.778592,0.751831,0.804464
phi_V20_EHIGH_z0.5_p0.25_s1,0,recency_pop_0.1,0.160089,0.131594,0.190201
phi_V20_EHIGH_z0.5_p0.25_s1,0,recency_pop_0.5,0.161140,0.133233,0.189881
phi_V20_EHIGH_z0.5_p0.25_s1,0,recency_pop_1.0,0.161140,0.132581,0.192598
phi_V20_EHIGH_z0.5_p0.25_s1,0,pop_category,0.720149,0.689255,0.752431
phi_V20_EHIGH_z0.5_p0.25_s1,0,pop_price,0.760539,0.731170,0.786962
phi_V20_EHIGH_z0.5_p0.25_s1,0,lambda_hybrid_0.25,0.778592,0.753418,0.803581
phi_V20_EHIGH_z0.5_p0.25_s1,0,lambda_hybrid_0.5,0.778592,0.753816,0.802780
phi_V20_EHIGH_z0.5_p0.25_s1,0,lambda_hybrid_0.75,0.778592,0.752508,0.805079
phi_V20_EHIGH_z0.5_p0.25_s1,0,active_elic2,0.720149,0.688010,0.751511
phi_V20_EHIGH_z0.5_p0.25_s1,1,pop_global,0.440777,0.404180,0.476194
phi_V20_EHIGH_z0.5_p0.25_s1,1,recency_pop_0.1,0.170270,0.144062,0.198080
phi_V20_EHIGH_z0.5_p0.25_s1,1,recency_pop_0.5,0.201527,0.171992,0.234371
phi_V20_EHIGH_z0.5_p0.25_s1,1,recency_pop_1.0,0.206829,0.177178,0.235134
phi_V20_EHIGH_z0.5_p0.25_s1,1,pop_category,0.393791,0.357285,0.429158
phi_V20_EHIGH_z0.5_p0.25_s1,1,pop_price,0.432164,0.397445,0.468235
phi_V20_EHIGH_z0.5_p0.25_s1,1,content_knn_1,0.047303,0.034627,0.060558
phi_V20_EHIGH_z0.5_p0.25_s1,1,content_knn_3,0.056822,0.042136,0.072589
phi_V20_EHIGH_z0.5_p0.25_s1,1,content_knn_5,0.053052,0.040770,0.068749
phi_V20_EHIGH_z0.5_p0.25_s1,1,last_item_nbhd,0.047291,0.035212,0.060999
phi_V20_EHIGH_z0.5_p0.25_s1,1,pop_scaled_content,0.404495,0.366601,0.443133
phi_V20_EHIGH_z0.5_p0.25_s1,1,co_purchase,0.101728,0.084005,0.121974
phi_V20_EHIGH_z0.5_p0.25_s1,1,lambda_hybrid_0.25,0.383563,0.347820,0.421691
phi_V20_EHIGH_z0.5_p0.25_s1,1,lambda_hybrid_0.5,0.303461,0.272407,0.335419
phi_V20_EHIGH_z0.5_p0.25_s1,1,lambda_hybrid_0.75,0.240306,0.206149,0.270972
phi_V20_EHIGH_z0.5_p0.25_s1,2,pop_global,0.252681,0.221733,0.284521
phi_V20_EHIGH_z0.5_p0.25_s1,2,recency_pop_0.1,0.122534,0.102251,0.144603
phi_V20_EHIGH_z0.5_p0.25_s1,2,recency_pop_0.5,0.177283,0.149166,0.204947
phi_V20_EHIGH_z0.5_p0.25_s1,2,recency_pop_1.0,0.180460,0.153438,0.208151
phi_V20_EHIGH_z0.5_p0.25_s1,2,pop_category,0.206703,0.176826,0.236199
phi_V20_EHIGH_z0.5_p0.25_s1,2,pop_price,0.242905,0.211190,0.273880
phi_V20_EHIGH_z0.5_p0.25_s1,2,content_knn_1,0.053208,0.040814,0.066093
phi_V20_EHIGH_z0.5_p0.25_s1,2,content_knn_3,0.059160,0.044011,0.073607
phi_V20_EHIGH_z0.5_p0.25_s1,2,content_knn_5,0.064440,0.050819,0.079309
phi_V20_EHIGH_z0.5_p0.25_s1,2,last_item_nbhd,0.068574,0.051997,0.084690
phi_V20_EHIGH_z0.5_p0.25_s1,2,pop_scaled_content,0.227388,0.199187,0.256826
phi_V20_EHIGH_z0.5_p0.25_s1,2,co_purchase,0.049205,0.036975,0.062670
phi_V20_EHIGH_z0.5_p0.25_s1,2,lambda_hybrid_0.25,0.177005,0.146513,0.205779
phi_V20_EHIGH_z0.5_p0.25_s1,2,lambda_hybrid_0.5,0.142972,0.118652,0.170060
phi_V20_EHIGH_z0.5_p0.25_s1,2,lambda_hybrid_0.75,0.126439,0.101627,0.154295
phi_V20_EHIGH_z0.5_p0.25_s1,3,pop_global,0.173621,0.148115,0.200575
phi_V20_EHIGH_z0.5_p0.25_s1,3,recency_pop_0.1,0.129610,0.109189,0.151803
phi_V20_EHIGH_z0.5_p0.25_s1,3,recency_pop_0.5,0.162420,0.136751,0.190792
phi_V20_EHIGH_z0.5_p0.25_s1,3,recency_pop_1.0,0.161960,0.136614,0.188545
phi_V20_EHIGH_z0.5_p0.25_s1,3,pop_category,0.127394,0.103668,0.152518
phi_V20_EHIGH_z0.5_p0.25_s1,3,pop_price,0.163942,0.138957,0.190364
phi_V20_EHIGH_z0.5_p0.25_s1,3,content_knn_1,0.029985,0.020036,0.041792
phi_V20_EHIGH_z0.5_p0.25_s1,3,content_knn_3,0.028831,0.017920,0.041374
phi_V20_EHIGH_z0.5_p0.25_s1,3,content_knn_5,0.037312,0.025090,0.050331
phi_V20_EHIGH_z0.5_p0.25_s1,3,last_item_nbhd,0.034561,0.022922,0.047573
phi_V20_EHIGH_z0.5_p0.25_s1,3,pop_scaled_content,0.150253,0.125909,0.173858
phi_V20_EHIGH_z0.5_p0.25_s1,3,co_purchase,0.040588,0.030306,0.052979
phi_V20_EHIGH_z0.5_p0.25_s1,3,lambda_hybrid_0.25,0.103997,0.083517,0.125903
phi_V20_EHIGH_z0.5_p0.25_s1,3,lambda_hybrid_0.5,0.058533,0.042260,0.075836
phi_V20_EHIGH_z0.5_p0.25_s1,3,lambda_hybrid_0.75,0.047823,0.032869,0.063221
phi_V20_EHIGH_z0.5_p0.25_s1,5,pop_global,0.149406,0.124471,0.173004
phi_V20_EHIGH_z0.5_p0.25_s1,5,recency_pop_0.1,0.134247,0.111244,0.157667
phi_V20_EHIGH_z0.5_p0.25_s1,5,recency_pop_0.5,0.144084,0.118706,0.168445
phi_V20_EHIGH_z0.5_p0.25_s1,5,recency_pop_1.0,0.141867,0.117651,0.166130
phi_V20_EHIGH_z0.5_p0.25_s1,5,pop_category,0.093041,0.074156,0.115162
phi_V20_EHIGH_z0.5_p0.25_s1,5,pop_price,0.137449,0.114986,0.162938
phi_V20_EHIGH_z0.5_p0.25_s1,5,content_knn_1,0.040438,0.027304,0.056232
phi_V20_EHIGH_z0.5_p0.25_s1,5,content_knn_3,0.039063,0.025984,0.053760
phi_V20_EHIGH_z0.5_p0.25_s1,5,content_knn_5,0.039891,0.026387,0.054186
phi_V20_EHIGH_z0.5_p0.25_s1,5,last_item_nbhd,0.042415,0.028010,0.058453
phi_V20_EHIGH_z0.5_p0.25_s1,5,pop_scaled_content,0.131233,0.110226,0.153561
phi_V20_EHIGH_z0.5_p0.25_s1,5,co_purchase,0.027710,0.018522,0.038811
phi_V20_EHIGH_z0.5_p0.25_s1,5,lambda_hybrid_0.25,0.081183,0.064262,0.098532
phi_V20_EHIGH_z0.5_p0.25_s1,5,lambda_hybrid_0.5,0.052383,0.037284,0.068772
phi_V20_EHIGH_z0.5_p0.25_s1,5,lambda_hybrid_0.75,0.045156,0.031072,0.061902
phi_V20_EHIGH_z0.5_p0.25_s1,8,pop_global,0.135941,0.108121,0.165319
phi_V20_EHIGH_z0.5_p0.25_s1,8,recency_pop_0.1,0.124125,0.099903,0.150570
phi_V20_EHIGH_z0.5_p0.25_s1,8,recency_pop_0.5,0.132684,0.104614,0.162063
phi_V20_EHIGH_z0.5_p0.25_s1,8,recency_pop_1.0,0.130890,0.103322,0.158396
phi_V20_EHIGH_z0.5_p0.25_s1,8,pop_category,0.088613,0.066721,0.111267
phi_V20_EHIGH_z0.5_p0.25_s1,8,pop_price,0.121756,0.094208,0.151745
phi_V20_EHIGH_z0.5_p0.25_s1,8,content_knn_1,0.063125,0.042928,0.085368
phi_V20_EHIGH_z0.5_p0.25_s1,8,content_knn_3,0.057935,0.038914,0.079022
phi_V20_EHIGH_z0.5_p0.25_s1,8,content_knn_5,0.059314,0.039883,0.079681
phi_V20_EHIGH_z0.5_p0.25_s1,8,last_item_nbhd,0.061549,0.041971,0.083530
phi_V20_EHIGH_z0.5_p0.25_s1,8,pop_scaled_content,0.133404,0.106477,0.161469
phi_V20_EHIGH_z0.5_p0.25_s1,8,co_purchase,0.015228,0.007428,0.024621
phi_V20_EHIGH_z0.5_p0.25_s1,8,lambda_hybrid_0.25,0.092369,0.071355,0.115825
phi_V20_EHIGH_z0.5_p0.25_s1,8,lambda_hybrid_0.5,0.065452,0.045205,0.087420
phi_V20_EHIGH_z0.5_p0.25_s1,8,lambda_hybrid_0.75,0.062401,0.042204,0.083240
phi_V20_EHIGH_z0.5_p0.5_s0,0,pop_global,0.579269,0.559445,0.599348
phi_V20_EHIGH_z0.5_p0.5_s0,0,recency_pop_0.1,0.078680,0.063911,0.093723
phi_V20_EHIGH_z0.5_p0.5_s0,0,recency_pop_0.5,0.117378,0.093431,0.141964
phi_V20_EHIGH_z0.5_p0.5_s0,0,recency_pop_1.0,0.122715,0.100657,0.148032
phi_V20_EHIGH_z0.5_p0.5_s0,0,pop_category,0.511435,0.487073,0.536533
phi_V20_EHIGH_z0.5_p0.5_s0,0,pop_price,0.579269,0.558877,0.597397
phi_V20_EHIGH_z0.5_p0.5_s0,0,lambda_hybrid_0.25,0.579269,0.560745,0.598005
phi_V20_EHIGH_z0.5_p0.5_s0,0,lambda_hybrid_0.5,0.579269,0.560464,0.598684
phi_V20_EHIGH_z0.5_p0.5_s0,0,lambda_hybrid_0.75,0.579269,0.560692,0.598872
phi_V20_EHIGH_z0.5_p0.5_s0,0,active_elic2,0.148974,0.123301,0.176658
phi_V20_EHIGH_z0.5_p0.5_s0,1,pop_global,0.429070,0.395219,0.461463
phi_V20_EHIGH_z0.5_p0.5_s0,1,recency_pop_0.1,0.171678,0.143650,0.202632
phi_V20_EHIGH_z0.5_p0.5_s0,1,recency_pop_0.5,0.180418,0.149984,0.210894
phi_V20_EHIGH_z0.5_p0.5_s0,1,recency_pop_1.0,0.181112,0.149793,0.211816
phi_V20_EHIGH_z0.5_p0.5_s0,1,pop_category,0.406314,0.376608,0.438139
phi_V20_EHIGH_z0.5_p0.5_s0,1,pop_price,0.432294,0.396889,0.463995
phi_V20_EHIGH_z0.5_p0.5_s0,1,content_knn_1,0.032675,0.021908,0.043625
phi_V20_EHIGH_z0.5_p0.5_s0,1,content_knn_3,0.034543,0.023082,0.045894
phi_V20_EHIGH_z0.5_p0.5_s0,1,content_knn_5,0.040750,0.029233,0.052926
phi_V20_EHIGH_z0.5_p0.5_s0,1,last_item_nbhd,0.041601,0.030308,0.053796
phi_V20_EHIGH_z0.5_p0.5_s0,1,pop_scaled_content,0.147996,0.124849,0.171624
phi_V20_EHIGH_z0.5_p0.5_s0,1,co_purchase,0.091613,0.078010,0.107084
phi_V20_EHIGH_z0.5_p0.5_s0,1,lambda_hybrid_0.25,0.383101,0.351856,0.416877
phi_V20_EHIGH_z0.5_p0.5_s0,1,lambda_hybrid_0.5,0.291849,0.262610,0.323543
phi_V20_EHIGH_z0.5_p0.5_s0,1,lambda_hybrid_0.75,0.087694,0.068843,0.107270
phi_V20_EHIGH_z0.5_p0.5_s0,2,pop_global,0.375502,0.343497,0.408187
phi_V20_EHIGH_z0.5_p0.5_s0,2,recency_pop_0.1,0.239276,0.205577,0.272415
phi_V20_EHIGH_z0.5_p0.5_s0,2,recency_pop_0.5,0.240487,0.209209,0.274439
phi_V20_EHIGH_z0.5_p0.5_s0,2,recency_pop_1.0,0.240705,0.206300,0.273830
phi_V20_EHIGH_z0.5_p0.5_s0,2,pop_category,0.355926,0.319121,0.389393
phi_V20_EHIGH_z0.5_p0.5_s0,2,pop_price,0.379517,0.343594,0.412938
phi_V20_EHIGH_z0.5_p0.5_s0,2,content_knn_1,0.039231,0.027592,0.051836
phi_V20_EHIGH_z0.5_p0.5_s0,2,content_knn_3,0.037853,0.026259,0.050664
phi_V20_EHIGH_z0.5_p0.5_s0,2,content_knn_5,0.036310,0.024407,0.048968
phi_V20_EHIGH_z0.5_p0.5_s0,2,last_item_nbhd,0.038869,0.027397,0.051958
phi_V20_EHIGH_z0.5_p0.5_s0,2,pop_scaled_content,0.208624,0.178346,0.239748
phi_V20_EHIGH_z0.5_p0.5_s0,2,co_purchase,0.044584,0.032885,0.057765
phi_V20_EHIGH_z0.5_p0.5_s0,2,lambda_hybrid_0.25,0.336261,0.300831,0.372241
phi_V20_EHIGH_z0.5_p0.5_s0,2,lambda_hybrid_0.5,0.266787,0.234405,0.298699
phi_V20_EHIGH_z0.5_p0.5_s0,2,lambda_hybrid_0.75,0.062120,0.046649,0.078927
phi_V20_EHIGH_z0.5_p0.5_s0,3,pop_global,0.323881,0.288320,0.358199
phi_V20_EHIGH_z0.5_p0.5_s0,3,recency_pop_0.1,0.244587,0.208945,0.277913
phi_V20_EHIGH_z0.5_p0.5_s0,3,recency_pop_0.5,0.251208,0.219300,0.286024
phi_V20_EHIGH_z0.5_p0.5_s0,3,recency_pop_1.0,0.254872,0.220326,0.287775
phi_V20_EHIGH_z0.5_p0.5_s0,3,pop_category,0.313939,0.280835,0.348098
phi_V20_EHIGH_z0.5_p0.5_s0,3,pop_price,0.332701,0.298578,0.367055
phi_V20_EHIGH_z0.5_p0.5_s0,3,content_knn_1,0.030833,0.020296,0.041881
phi_V20_EHIGH_z0.5_p0.5_s0,3,content_knn_3,0.030800,0.019336,0.043150
phi_V20_EHIGH_z0.5_p0.5_s0,3,content_knn_5,0.039552,0.027919,0.052748
phi_V20_EHIGH_z0.5_p0.5_s0,3,last_item_nbhd,0.031462,0.021305,0.042026
phi_V20_EHIGH_z0.5_p0.5_s0,3,pop_scaled_content,0.234932,0.204726,0.268756
phi_V20_EHIGH_z0.5_p0.5_s0,3,co_purchase,0.015464,0.008871,0.023331
phi_V20_EHIGH_z0.5_p0.5_s0,3,lambda_hybrid_0.25,0.300618,0.266845,0.337038
phi_V20_EHIGH_z0.5_p0.5_s0,3,lambda_hybrid_0.5,0.256823,0.222424,0.292937
phi_V20_EHIGH_z0.5_p0.5_s0,3,lambda_hybrid_0.75,0.067166,0.050658,0.084595
phi_V20_EHIGH_z0.5_p0.5_s0,5,pop_global,0.151121,0.125176,0.177759
phi_V20_EHIGH_z0.5_p0.5_s0,5,recency_pop_0.1,0.130163,0.107012,0.156943
phi_V20_EHIGH_z0.5_p0.5_s0,5,recency_pop_0.5,0.128710,0.103711,0.155717
phi_V20_EHIGH_z0.5_p0.5_s0,5,recency_pop_1.0,0.128363,0.103460,0.150948
phi_V20_EHIGH_z0.5_p0.5_s0,5,pop_category,0.149666,0.122008,0.176401
phi_V20_EHIGH_z0.5_p0.5_s0,5,pop_price,0.140565,0.114184,0.168372
phi_V20_EHIGH_z0.5_p0.5_s0,5,content_knn_1,0.032207,0.022122,0.043997
phi_V20_EHIGH_z0.5_p0.5_s0,5,content_knn_3,0.042978,0.028509,0.057889
phi_V20_EHIGH_z0.5_p0.5_s0,5,content_knn_5,0.044753,0.030238,0.060628
phi_V20_EHIGH_z0.5_p0.5_s0,5,last_item_nbhd,0.031010,0.020826,0.041893
phi_V20_EHIGH_z0.5_p0.5_s0,5,pop_scaled_content,0.126333,0.102179,0.151339
phi_V20_EHIGH_z0.5_p0.5_s0,5,co_purchase,0.007338,0.002707,0.013425
phi_V20_EHIGH_z0.5_p0.5_s0,5,lambda_hybrid_0.25,0.135644,0.111065,0.162967
phi_V20_EHIGH_z0.5_p0.5_s0,5,lambda_hybrid_0.5,0.117171,0.091897,0.141707
phi_V20_EHIGH_z0.5_p0.5_s0,5,lambda_hybrid_0.75,0.042433,0.030582,0.055894
phi_V20_EHIGH_z0.5_p0.5_s0,8,pop_global,0.052680,0.034847,0.072172
phi_V20_EHIGH_z0.5_p0.5_s0,8,recency_pop_0.1,0.076114,0.055831,0.101905
phi_V20_EHIGH_z0.5_p0.5_s0,8,recency_pop_0.5,0.070523,0.050018,0.093651
phi_V20_EHIGH_z0.5_p0.5_s0,8,recency_pop_1.0,0.063315,0.042284,0.084537
phi_V20_EHIGH_z0.5_p0.5_s0,8,pop_category,0.066324,0.045867,0.087252
phi_V20_EHIGH_z0.5_p0.5_s0,8,pop_price,0.038619,0.024414,0.055270
phi_V20_EHIGH_z0.5_p0.5_s0,8,content_knn_1,0.031331,0.019120,0.045410
phi_V20_EHIGH_z0.5_p0.5_s0,8,content_knn_3,0.036055,0.021193,0.053308
phi_V20_EHIGH_z0.5_p0.5_s0,8,content_knn_5,0.040219,0.023153,0.056428
phi_V20_EHIGH_z0.5_p0.5_s0,8,last_item_nbhd,0.028915,0.015938,0.043067
phi_V20_EHIGH_z0.5_p0.5_s0,8,pop_scaled_content,0.054098,0.036689,0.072859
phi_V20_EHIGH_z0.5_p0.5_s0,8,co_purchase,0.007335,0.001263,0.014716
phi_V20_EHIGH_z0.5_p0.5_s0,8,lambda_hybrid_0.25,0.043884,0.029303,0.061126
phi_V20_EHIGH_z0.5_p0.5_s0,8,lambda_hybrid_0.5,0.045471,0.029295,0.062962
phi_V20_EHIGH_z0.5_p0.5_s0,8,lambda_hybrid_0.75,0.029847,0.017064,0.045628
phi_V20_EHIGH_z0.5_p0.5_s1,0,pop_global,0.761379,0.733764,0.788461
phi_V20_EHIGH_z0.5_p0.5_s1,0,recency_pop_0.1,0.172834,0.144078,0.203363
phi_V20_EHIGH_z0.5_p0.5_s1,0,recency_pop_0.5,0.172834,0.143020,0.203022
phi_V20_EHIGH_z0.5_p0.5_s1,0,recency_pop_1.0,0.172834,0.143699,0.204278
phi_V20_EHIGH_z0.5_p0.5_s1,0,pop_category,0.713800,0.683647,0.746468
phi_V20_EHIGH_z0.5_p0.5_s1,0,pop_price,0.761379,0.734926,0.788184
phi_V20_EHIGH_z0.5_p0.5_s1,0,lambda_hybrid_0.25,0.761379,0.734229,0.787349
phi_V20_EHIGH_z0.5_p0.5_s1,0,lambda_hybrid_0.5,0.761379,0.735078,0.787956
phi_V20_EHIGH_z0.5_p0.5_s1,0,lambda_hybrid_0.75,0.761379,0.734411,0.787091
phi_V20_EHIGH_z0.5_p0.5_s1,0,active_elic2,0.713800,0.681538,0.745176
phi_V20_EHIGH_z0.5_p0.5_s1,1,pop_global,0.427743,0.389350,0.464519
phi_V20_EHIGH_z0.5_p0.5_s1,1,recency_pop_0.1,0.173293,0.144072,0.201933
phi_V20_EHIGH_z0.5_p0.5_s1,1,recency_pop_0.5,0.192884,0.161765,0.223806
phi_V20_EHIGH_z0.5_p0.5_s1,1,recency_pop_1.0,0.194135,0.164155,0.222323
phi_V20_EHIGH_z0.5_p0.5_s1,1,pop_category,0.366405,0.329021,0.401155
phi_V20_EHIGH_z0.5_p0.5_s1,1,pop_price,0.422585,0.387987,0.458888
phi_V20_EHIGH_z0.5_p0.5_s1,1,content_knn_1,0.051132,0.036999,0.064760
phi_V20_EHIGH_z0.5_p0.5_s1,1,content_knn_3,0.058488,0.044525,0.073900
phi_V20_EHIGH_z0.5_p0.5_s1,1,content_knn_5,0.055923,0.042536,0.070628
phi_V20_EHIGH_z0.5_p0.5_s1,1,last_item_nbhd,0.051466,0.038195,0.067281
phi_V20_EHIGH_z0.5_p0.5_s1,1,pop_scaled_content,0.385267,0.348708,0.424101
phi_V20_EHIGH_z0.5_p0.5_s1,1,co_purchase,0.088867,0.074249,0.106045
phi_V20_EHIGH_z0.5_p0.5_s1,1,lambda_hybrid_0.25,0.371499,0.333731,0.407122
phi_V20_EHIGH_z0.5_p0.5_s1,1,lambda_hybrid_0.5,0.297810,0.264751,0.331872
phi_V20_EHIGH_z0.5_p0.5_s1,1,lambda_hybrid_0.75,0.229293,0.198514,0.256682
phi_V20_EHIGH_z0.5_p0.5_s1,2,pop_global,0.255068,0.225101,0.286637
phi_V20_EHIGH_z0.5_p0.5_s1,2,recency_pop_0.1,0.127613,0.105560,0.151264
phi_V20_EHIGH_z0.5_p0.5_s1,2,recency_pop_0.5,0.172310,0.143034,0.198497
phi_V20_EHIGH_z0.5_p0.5_s1,2,recency_pop_1.0,0.174902,0.147287,0.202304
phi_V20_EHIGH_z0.5_p0.5_s1,2,pop_category,0.198343,0.169772,0.226739
phi_V20_EHIGH_z0.5_p0.5_s1,2,pop_price,0.247465,0.214457,0.280857
phi_V20_EHIGH_z0.5_p0.5_s1,2,content_knn_1,0.060277,0.047320,0.075227
phi_V20_EHIGH_z0.5_p0.5_s1,2,content_knn_3,0.067342,0.051795,0.084730
phi_V20_EHIGH_z0.5_p0.5_s1,2,content_knn_5,0.068179,0.053517,0.083455
phi_V20_EHIGH_z0.5_p0.5_s1,2,last_item_nbhd,0.070913,0.055373,0.087859
phi_V20_EHIGH_z0.5_p0.5_s1,2,pop_scaled_content,0.215732,0.187020,0.246992
phi_V20_EHIGH_z0.5_p0.5_s1,2,co_purchase,0.033144,0.023437,0.043893
phi_V20_EHIGH_z0.5_p0.5_s1,2,lambda_hybrid_0.25,0.188012,0.159080,0.219105
phi_V20_EHIGH_z0.5_p0.5_s1,2,lambda_hybrid_0.5,0.158700,0.132944,0.185380
phi_V20_EHIGH_z0.5_p0.5_s1,2,lambda_hybrid_0.75,0.136885,0.110990,0.164800
phi_V20_EHIGH_z0.5_p0.5_s1,3,pop_global,0.183190,0.155296,0.211313
phi_V20_EHIGH_z0.5_p0.5_s1,3,recency_pop_0.1,0.143828,0.118849,0.168075
phi_V20_EHIGH_z0.5_p0.5_s1,3,recency_pop_0.5,0.171967,0.144705,0.200040
phi_V20_EHIGH_z0.5_p0.5_s1,3,recency_pop_1.0,0.173807,0.147680,0.203642
phi_V20_EHIGH_z0.5_p0.5_s1,3,pop_category,0.113998,0.091270,0.137935
phi_V20_EHIGH_z0.5_p0.5_s1,3,pop_price,0.176057,0.148903,0.202758
phi_V20_EHIGH_z0.5_p0.5_s1,3,content_knn_1,0.034221,0.022927,0.046547
phi_V20_EHIGH_z0.5_p0.5_s1,3,content_knn_3,0.035441,0.023713,0.047759
phi_V20_EHIGH_z0.5_p0.5_s1,3,content_knn_5,0.043978,0.031656,0.057441
phi_V20_EHIGH_z0.5_p0.5_s1,3,last_item_nbhd,0.041541,0.028601,0.055220
phi_V20_EHIGH_z0.5_p0.5_s1,3,pop_scaled_content,0.157355,0.133502,0.182853
phi_V20_EHIGH_z0.5_p0.5_s1,3,co_purchase,0.025197,0.017345,0.034519
phi_V20_EHIGH_z0.5_p0.5_s1,3,lambda_hybrid_0.25,0.111022,0.089765,0.133453
phi_V20_EHIGH_z0.5_p0.5_s1,3,lambda_hybrid_0.5,0.067970,0.050375,0.085985
phi_V20_EHIGH_z0.5_p0.5_s1,3,lambda_hybrid_0.75,0.057470,0.040972,0.073265
phi_V20_EHIGH_z0.5_p0.5_s1,5,pop_global,0.145529,0.119426,0.169539
phi_V20_EHIGH_z0.5_p0.5_s1,5,recency_pop_0.1,0.134270,0.109524,0.157864
phi_V20_EHIGH_z0.5_p0.5_s1,5,recency_pop_0.5,0.140395,0.115322,0.165149
phi_V20_EHIGH_z0.5_p0.5_s1,5,recency_pop_1.0,0.142021,0.117799,0.168101
phi_V20_EHIGH_z0.5_p0.5_s1,5,pop_category,0.083686,0.062698,0.105084
phi_V20_EHIGH_z0.5_p0.5_s1,5,pop_price,0.136699,0.114971,0.162476
phi_V20_EHIGH_z0.5_p0.5_s1,5,content_knn_1,0.042249,0.028830,0.057401
phi_V20_EHIGH_z0.5_p0.5_s1,5,content_knn_3,0.041289,0.028591,0.056364
phi_V20_EHIGH_z0.5_p0.5_s1,5,content_knn_5,0.039584,0.025860,0.053494
phi_V20_EHIGH_z0.5_p0.5_s1,5,last_item_nbhd,0.042495,0.028469,0.056942
phi_V20_EHIGH_z0.5_p0.5_s1,5,pop_scaled_content,0.125522,0.104228,0.148574
phi_V20_EHIGH_z0.5_p0.5_s1,5,co_purchase,0.025009,0.016369,0.034423
phi_V20_EHIGH_z0.5_p0.5_s1,5,lambda_hybrid_0.25,0.085695,0.068170,0.105315
phi_V20_EHIGH_z0.5_p0.5_s1,5,lambda_hybrid_0.5,0.053456,0.037937,0.068591
phi_V20_EHIGH_z0.5_p0.5_s1,5,lambda_hybrid_0.75,0.046967,0.032035,0.062283
phi_V20_EHIGH_z0.5_p0.5_s1,8,pop_global,0.145813,0.115562,0.175078
phi_V20_EHIGH_z0.5_p0.5_s1,8,recency_pop_0.1,0.140343,0.111558,0.171597
phi_V20_EHIGH_z0.5_p0.5_s1,8,recency_pop_0.5,0.144916,0.116418,0.173575
phi_V20_EHIGH_z0.5_p0.5_s1,8,recency_pop_1.0,0.143724,0.113537,0.172373
phi_V20_EHIGH_z0.5_p0.5_s1,8,pop_category,0.081624,0.058939,0.105661
phi_V20_EHIGH_z0.5_p0.5_s1,8,pop_price,0.135211,0.108528,0.164427
phi_V20_EHIGH_z0.5_p0.5_s1,8,content_knn_1,0.063902,0.043478,0.086678
phi_V20_EHIGH_z0.5_p0.5_s1,8,content_knn_3,0.057707,0.038421,0.076924
phi_V20_EHIGH_z0.5_p0.5_s1,8,content_knn_5,0.059312,0.041354,0.081456
phi_V20_EHIGH_z0.5_p0.5_s1,8,last_item_nbhd,0.062617,0.042749,0.082192
phi_V20_EHIGH_z0.5_p0.5_s1,8,pop_scaled_content,0.133716,0.108573,0.160865
phi_V20_EHIGH_z0.5_p0.5_s1,8,co_purchase,0.011653,0.004401,0.020458
phi_V20_EHIGH_z0.5_p0.5_s1,8,lambda_hybrid_0.25,0.088450,0.066003,0.111058
phi_V20_EHIGH_z0.5_p0.5_s1,8,lambda_hybrid_0.5,0.065206,0.046426,0.088754
phi_V20_EHIGH_z0.5_p0.5_s1,8,lambda_hybrid_0.75,0.062617,0.043670,0.082813
phi_V20_EHIGH_z0.5_p0.5_s2,0,pop_global,0.777640,0.752103,0.804477
phi_V20_EHIGH_z0.5_p0.5_s2,0,recency_pop_0.1,0.064657,0.047933,0.080403
phi_V20_EHIGH_z0.5_p0.5_s2,0,recency_pop_0.5,0.106676,0.086042,0.129270
phi_V20_EHIGH_z0.5_p0.5_s2,0,recency_pop_1.0,0.121367,0.100020,0.143102
phi_V20_EHIGH_z0.5_p0.5_s2,0,pop_category,0.778870,0.751782,0.803397
phi_V20_EHIGH_z0.5_p0.5_s2,0,pop_price,0.774325,0.747691,0.801117
phi_V20_EHIGH_z0.5_p0.5_s2,0,lambda_hybrid_0.25,0.777640,0.752798,0.802787
phi_V20_EHIGH_z0.5_p0.5_s2,0,lambda_hybrid_0.5,0.777640,0.751670,0.801792
phi_V20_EHIGH_z0.5_p0.5_s2,0,lambda_hybrid_0.75,0.777640,0.753850,0.802902
phi_V20_EHIGH_z0.5_p0.5_s2,0,active_elic2,0.769042,0.741980,0.795381
phi_V20_EHIGH_z0.5_p0.5_s2,1,pop_global,0.398748,0.365646,0.434371
phi_V20_EHIGH_z0.5_p0.5_s2,1,recency_pop_0.1,0.129879,0.106628,0.155767
phi_V20_EHIGH_z0.5_p0.5_s2,1,recency_pop_0.5,0.297601,0.263408,0.330823
phi_V20_EHIGH_z0.5_p0.5_s2,1,recency_pop_1.0,0.314275,0.279832,0.347389
phi_V20_EHIGH_z0.5_p0.5_s2,1,pop_category,0.425630,0.388768,0.463787
phi_V20_EHIGH_z0.5_p0.5_s2,1,pop_price,0.422295,0.383899,0.456863
phi_V20_EHIGH_z0.5_p0.5_s2,1,content_knn_1,0.024735,0.015871,0.034578
phi_V20_EHIGH_z0.5_p0.5_s2,1,content_knn_3,0.024665,0.015811,0.033905
phi_V20_EHIGH_z0.5_p0.5_s2,1,content_knn_5,0.037762,0.025675,0.050197
phi_V20_EHIGH_z0.5_p0.5_s2,1,last_item_nbhd,0.027337,0.018698,0.037747
phi_V20_EHIGH_z0.5_p0.5_s2,1,pop_scaled_content,0.336666,0.301328,0.374889
phi_V20_EHIGH_z0.5_p0.5_s2,1,co_purchase,0.063572,0.050359,0.077789
phi_V20_EHIGH_z0.5_p0.5_s2,1,lambda_hybrid_0.25,0.337022,0.301741,0.371786
phi_V20_EHIGH_z0.5_p0.5_s2,1,lambda_hybrid_0.5,0.310407,0.276702,0.343066
phi_V20_EHIGH_z0.5_p0.5_s2,1,lambda_hybrid_0.75,0.054653,0.042434,0.069229
phi_V20_EHIGH_z0.5_p0.5_s2,2,pop_global,0.195602,0.168768,0.221212
phi_V20_EHIGH_z0.5_p0.5_s2,2,recency_pop_0.1,0.105913,0.083593,0.127448
phi_V20_EHIGH_z0.5_p0.5_s2,2,recency_pop_0.5,0.132316,0.107930,0.160777
phi_V20_EHIGH_z0.5_p0.5_s2,2,recency_pop_1.0,0.132316,0.106950,0.159105
phi_V20_EHIGH_z0.5_p0.5_s2,2,pop_category,0.201610,0.170602,0.230270
phi_V20_EHIGH_z0.5_p0.5_s2,2,pop_price,0.203536,0.174363,0.234226
phi_V20_EHIGH_z0.5_p0.5_s2,2,content_knn_1,0.026264,0.017759,0.035115
phi_V20_EHIGH_z0.5_p0.5_s2,2,content_knn_3,0.032582,0.022639,0.043319
phi_V20_EHIGH_z0.5_p0.5_s2,2,content_knn_5,0.039607,0.027660,0.052950
phi_V20_EHIGH_z0.5_p0.5_s2,2,last_item_nbhd,0.041511,0.030243,0.053748
phi_V20_EHIGH_z0.5_p0.5_s2,2,pop_scaled_content,0.188479,0.159252,0.217095
phi_V20_EHIGH_z0.5_p0.5_s2,2,co_purchase,0.046640,0.036318,0.058099
phi_V20_EHIGH_z0.5_p0.5_s2,2,lambda_hybrid_0.25,0.151823,0.126058,0.177440
phi_V20_EHIGH_z0.5_p0.5_s2,2,lambda_hybrid_0.5,0.124697,0.100799,0.147194
phi_V20_EHIGH_z0.5_p0.5_s2,2,lambda_hybrid_0.75,0.058891,0.043112,0.075179
phi_V20_EHIGH_z0.5_p0.5_s2,3,pop_global,0.133390,0.111043,0.155893
phi_V20_EHIGH_z0.5_p0.5_s2,3,recency_pop_0.1,0.096484,0.074933,0.119920
phi_V20_EHIGH_z0.5_p0.5_s2,3,recency_pop_0.5,0.098714,0.076521,0.120434
phi_V20_EHIGH_z0.5_p0.5_s2,3,recency_pop_1.0,0.098714,0.077760,0.120675
phi_V20_EHIGH_z0.5_p0.5_s2,3,pop_category,0.131159,0.107645,0.157383
phi_V20_EHIGH_z0.5_p0.5_s2,3,pop_price,0.119606,0.096051,0.143601
phi_V20_EHIGH_z0.5_p0.5_s2,3,content_knn_1,0.027656,0.019061,0.037827
phi_V20_EHIGH_z0.5_p0.5_s2,3,content_knn_3,0.023317,0.014366,0.032654
phi_V20_EHIGH_z0.5_p0.5_s2,3,content_knn_5,0.036143,0.024294,0.048904
phi_V20_EHIGH_z0.5_p0.5_s2,3,last_item_nbhd,0.020227,0.012866,0.028273
phi_V20_EHIGH_z0.5_p0.5_s2,3,pop_scaled_content,0.122525,0.099818,0.146774
phi_V20_EHIGH_z0.5_p0.5_s2,3,co_purchase,0.027463,0.018060,0.038559
phi_V20_EHIGH_z0.5_p0.5_s2,3,lambda_hybrid_0.25,0.074391,0.056910,0.094566
phi_V20_EHIGH_z0.5_p0.5_s2,3,lambda_hybrid_0.5,0.059340,0.042123,0.076707
phi_V20_EHIGH_z0.5_p0.5_s2,3,lambda_hybrid_0.75,0.022890,0.015043,0.031644
phi_V20_EHIGH_z0.5_p0.5_s2,5,pop_global,0.101214,0.082015,0.122517
phi_V20_EHIGH_z0.5_p0.5_s2,5,recency_pop_0.1,0.089087,0.068686,0.109431
phi_V20_EHIGH_z0.5_p0.5_s2,5,recency_pop_0.5,0.089172,0.068957,0.109274
phi_V20_EHIGH_z0.5_p0.5_s2,5,recency_pop_1.0,0.090985,0.071027,0.111892
phi_V20_EHIGH_z0.5_p0.5_s2,5,pop_category,0.099721,0.079087,0.119437
phi_V20_EHIGH_z0.5_p0.5_s2,5,pop_price,0.083601,0.065568,0.102317
phi_V20_EHIGH_z0.5_p0.5_s2,5,content_knn_1,0.022774,0.014623,0.031129
phi_V20_EHIGH_z0.5_p0.5_s2,5,content_knn_3,0.020795,0.012420,0.029851
phi_V20_EHIGH_z0.5_p0.5_s2,5,content_knn_5,0.030619,0.019345,0.042709
phi_V20_EHIGH_z0.5_p0.5_s2,5,last_item_nbhd,0.016304,0.009789,0.023152
phi_V20_EHIGH_z0.5_p0.5_s2,5,pop_scaled_content,0.090993,0.072054,0.111332
phi_V20_EHIGH_z0.5_p0.5_s2,5,co_purchase,0.019757,0.011328,0.030112
phi_V20_EHIGH_z0.5_p0.5_s2,5,lambda_hybrid_0.25,0.042084,0.028482,0.055274
phi_V20_EHIGH_z0.5_p0.5_s2,5,lambda_hybrid_0.5,0.021143,0.012367,0.029830
phi_V20_EHIGH_z0.5_p0.5_s2,5,lambda_hybrid_0.75,0.017841,0.010575,0.026461
phi_V20_EHIGH_z0.5_p0.5_s2,8,pop_global,0.122081,0.095657,0.148625
phi_V20_EHIGH_z0.5_p0.5_s2,8,recency_pop_0.1,0.125064,0.096887,0.152725
phi_V20_EHIGH_z0.5_p0.5_s2,8,recency_pop_0.5,0.118901,0.094054,0.149252
phi_V20_EHIGH_z0.5_p0.5_s2,8,recency_pop_1.0,0.119079,0.093138,0.147886
phi_V20_EHIGH_z0.5_p0.5_s2,8,pop_category,0.124787,0.098828,0.150691
phi_V20_EHIGH_z0.5_p0.5_s2,8,pop_price,0.085853,0.064660,0.107711
phi_V20_EHIGH_z0.5_p0.5_s2,8,content_knn_1,0.029712,0.018357,0.040944
phi_V20_EHIGH_z0.5_p0.5_s2,8,content_knn_3,0.026984,0.015340,0.039180
phi_V20_EHIGH_z0.5_p0.5_s2,8,content_knn_5,0.031040,0.018862,0.044915
phi_V20_EHIGH_z0.5_p0.5_s2,8,last_item_nbhd,0.019267,0.008617,0.031220
phi_V20_EHIGH_z0.5_p0.5_s2,8,pop_scaled_content,0.114437,0.090602,0.142481
phi_V20_EHIGH_z0.5_p0.5_s2,8,co_purchase,0.021531,0.012819,0.032117
phi_V20_EHIGH_z0.5_p0.5_s2,8,lambda_hybrid_0.25,0.047770,0.032282,0.064147
phi_V20_EHIGH_z0.5_p0.5_s2,8,lambda_hybrid_0.5,0.024518,0.012910,0.037464
phi_V20_EHIGH_z0.5_p0.5_s2,8,lambda_hybrid_0.75,0.020391,0.009544,0.034316
phi_V20_EHIGH_z0.5_p0_s0,0,pop_global,0.567155,0.548108,0.586414
phi_V20_EHIGH_z0.5_p0_s0,0,recency_pop_0.1,0.072003,0.057219,0.087607
phi_V20_EHIGH_z0.5_p0_s0,0,recency_pop_0.5,0.099120,0.077865,0.121164
phi_V20_EHIGH_z0.5_p0_s0,0,recency_pop_1.0,0.104636,0.083708,0.127868
phi_V20_EHIGH_z0.5_p0_s0,0,pop_category,0.508060,0.484392,0.531324
phi_V20_EHIGH_z0.5_p0_s0,0,pop_price,0.577471,0.559021,0.595123
phi_V20_EHIGH_z0.5_p0_s0,0,lambda_hybrid_0.25,0.567155,0.548555,0.585705
phi_V20_EHIGH_z0.5_p0_s0,0,lambda_hybrid_0.5,0.567155,0.548662,0.586045
phi_V20_EHIGH_z0.5_p0_s0,0,lambda_hybrid_0.75,0.567155,0.548978,0.587169
phi_V20_EHIGH_z0.5_p0_s0,0,active_elic2,0.122701,0.097399,0.147282
phi_V20_EHIGH_z0.5_p0_s0,1,pop_global,0.425999,0.395802,0.456833
phi_V20_EHIGH_z0.5_p0_s0,1,recency_pop_0.1,0.172352,0.143977,0.203714
phi_V20_EHIGH_z0.5_p0_s0,1,recency_pop_0.5,0.182591,0.153558,0.211835
phi_V20_EHIGH_z0.5_p0_s0,1,recency_pop_1.0,0.184336,0.154468,0.213699
phi_V20_EHIGH_z0.5_p0_s0,1,pop_category,0.402376,0.372598,0.433714
phi_V20_EHIGH_z0.5_p0_s0,1,pop_price,0.428590,0.396843,0.460420
phi_V20_EHIGH_z0.5_p0_s0,1,content_knn_1,0.039069,0.027427,0.052169
phi_V20_EHIGH_z0.5_p0_s0,1,content_knn_3,0.040225,0.028150,0.053386
phi_V20_EHIGH_z0.5_p0_s0,1,content_knn_5,0.045155,0.033337,0.058708
phi_V20_EHIGH_z0.5_p0_s0,1,last_item_nbhd,0.048931,0.036519,0.061398
phi_V20_EHIGH_z0.5_p0_s0,1,pop_scaled_content,0.153509,0.128853,0.178828
phi_V20_EHIGH_z0.5_p0_s0,1,co_purchase,0.145603,0.127592,0.163639
phi_V20_EHIGH_z0.5_p0_s0,1,lambda_hybrid_0.25,0.362593,0.332141,0.393324
phi_V20_EHIGH_z0.5_p0_s0,1,lambda_hybrid_0.5,0.271679,0.240102,0.304002
phi_V20_EHIGH_z0.5_p0_s0,1,lambda_hybrid_0.75,0.106913,0.085922,0.129565
phi_V20_EHIGH_z0.5_p0_s0,2,pop_global,0.398562,0.364446,0.431083
phi_V20_EHIGH_z0.5_p0_s0,2,recency_pop_0.1,0.252573,0.221027,0.287798
phi_V20_EHIGH_z0.5_p0_s0,2,recency_pop_0.5,0.251551,0.216859,0.286110
phi_V20_EHIGH_z0.5_p0_s0,2,recency_pop_1.0,0.255718,0.220366,0.290907
phi_V20_EHIGH_z0.5_p0_s0,2,pop_category,0.378088,0.343844,0.412212
phi_V20_EHIGH_z0.5_p0_s0,2,pop_price,0.399900,0.366303,0.433439
phi_V20_EHIGH_z0.5_p0_s0,2,content_knn_1,0.045410,0.034115,0.057012
phi_V20_EHIGH_z0.5_p0_s0,2,content_knn_3,0.041846,0.029616,0.054688
phi_V20_EHIGH_z0.5_p0_s0,2,content_knn_5,0.055278,0.039843,0.071648
phi_V20_EHIGH_z0.5_p0_s0,2,last_item_nbhd,0.041519,0.029428,0.054152
phi_V20_EHIGH_z0.5_p0_s0,2,pop_scaled_content,0.225981,0.194742,0.256503
phi_V20_EHIGH_z0.5_p0_s0,2,co_purchase,0.060090,0.048610,0.072746
phi_V20_EHIGH_z0.5_p0_s0,2,lambda_hybrid_0.25,0.351289,0.316663,0.387954
phi_V20_EHIGH_z0.5_p0_s0,2,lambda_hybrid_0.5,0.286694,0.255973,0.321263
phi_V20_EHIGH_z0.5_p0_s0,2,lambda_hybrid_0.75,0.070568,0.054221,0.086734
phi_V20_EHIGH_z0.5_p0_s0,3,pop_global,0.342339,0.305553,0.378657
phi_V20_EHIGH_z0.5_p0_s0,3,recency_pop_0.1,0.255725,0.224345,0.288878
phi_V20_EHIGH_z0.5_p0_s0,3,recency_pop_0.5,0.260945,0.227005,0.293701
phi_V20_EHIGH_z0.5_p0_s0,3,recency_pop_1.0,0.265331,0.231833,0.299251
phi_V20_EHIGH_z0.5_p0_s0,3,pop_category,0.324175,0.287920,0.358291
phi_V20_EHIGH_z0.5_p0_s0,3,pop_price,0.337519,0.301065,0.372575
phi_V20_EHIGH_z0.5_p0_s0,3,content_knn_1,0.036638,0.025318,0.048896
phi_V20_EHIGH_z0.5_p0_s0,3,content_knn_3,0.048777,0.034067,0.065077
phi_V20_EHIGH_z0.5_p0_s0,3,content_knn_5,0.045158,0.031018,0.061389
phi_V20_EHIGH_z0.5_p0_s0,3,last_item_nbhd,0.040650,0.028597,0.053778
phi_V20_EHIGH_z0.5_p0_s0,3,pop_scaled_content,0.246649,0.213034,0.279024
phi_V20_EHIGH_z0.5_p0_s0,3,co_purchase,0.037628,0.028243,0.048233
phi_V20_EHIGH_z0.5_p0_s0,3,lambda_hybrid_0.25,0.306311,0.271623,0.341682
phi_V20_EHIGH_z0.5_p0_s0,3,lambda_hybrid_0.5,0.275664,0.239594,0.311250
phi_V20_EHIGH_z0.5_p0_s0,3,lambda_hybrid_0.75,0.074194,0.058794,0.091275
phi_V20_EHIGH_z0.5_p0_s0,5,pop_global,0.168167,0.139903,0.198056
phi_V20_EHIGH_z0.5_p0_s0,5,recency_pop_0.1,0.141649,0.116455,0.168411
phi_V20_EHIGH_z0.5_p0_s0,5,recency_pop_0.5,0.145650,0.118099,0.175407
phi_V20_EHIGH_z0.5_p0_s0,5,recency_pop_1.0,0.146489,0.119560,0.172985
phi_V20_EHIGH_z0.5_p0_s0,5,pop_category,0.160759,0.133447,0.188503
phi_V20_EHIGH_z0.5_p0_s0,5,pop_price,0.159467,0.128803,0.190505
phi_V20_EHIGH_z0.5_p0_s0,5,content_knn_1,0.029784,0.020209,0.040040
phi_V20_EHIGH_z0.5_p0_s0,5,content_knn_3,0.036760,0.024071,0.050338
phi_V20_EHIGH_z0.5_p0_s0,5,content_knn_5,0.039434,0.026441,0.054400
phi_V20_EHIGH_z0.5_p0_s0,5,last_item_nbhd,0.028164,0.017242,0.039553
phi_V20_EHIGH_z0.5_p0_s0,5,pop_scaled_content,0.148861,0.122563,0.175516
phi_V20_EHIGH_z0.5_p0_s0,5,co_purchase,0.011717,0.005807,0.019103
phi_V20_EHIGH_z0.5_p0_s0,5,lambda_hybrid_0.25,0.148808,0.121948,0.177040
phi_V20_EHIGH_z0.5_p0_s0,5,lambda_hybrid_0.5,0.130273,0.106069,0.155959
phi_V20_EHIGH_z0.5_p0_s0,5,lambda_hybrid_0.75,0.037933,0.026185,0.049932
phi_V20_EHIGH_z0.5_p0_s0,8,pop_global,0.053072,0.035854,0.071633
phi_V20_EHIGH_z0.5_p0_s0,8,recency_pop_0.1,0.062475,0.041973,0.085377
phi_V20_EHIGH_z0.5_p0_s0,8,recency_pop_0.5,0.058402,0.039004,0.077786
phi_V20_EHIGH_z0.5_p0_s0,8,recency_pop_1.0,0.058182,0.040389,0.077626
phi_V20_EHIGH_z0.5_p0_s0,8,pop_category,0.052381,0.033794,0.070720
phi_V20_EHIGH_z0.5_p0_s0,8,pop_price,0.035469,0.020556,0.053105
phi_V20_EHIGH_z0.5_p0_s0,8,content_knn_1,0.025764,0.013442,0.039588
phi_V20_EHIGH_z0.5_p0_s0,8,content_knn_3,0.026400,0.012603,0.040960
phi_V20_EHIGH_z0.5_p0_s0,8,content_knn_5,0.030213,0.016454,0.046803
phi_V20_EHIGH_z0.5_p0_s0,8,last_item_nbhd,0.020889,0.010758,0.033071
phi_V20_EHIGH_z0.5_p0_s0,8,pop_scaled_content,0.045501,0.029812,0.062341
phi_V20_EHIGH_z0.5_p0_s0,8,co_purchase,0.004590,0.000977,0.010222
phi_V20_EHIGH_z0.5_p0_s0,8,lambda_hybrid_0.25,0.040444,0.025783,0.058079
phi_V20_EHIGH_z0.5_p0_s0,8,lambda_hybrid_0.5,0.033495,0.018943,0.049660
phi_V20_EHIGH_z0.5_p0_s0,8,lambda_hybrid_0.75,0.023173,0.012234,0.035628
phi_V20_EHIGH_z0.5_p0_s1,0,pop_global,0.792575,0.766511,0.818003
phi_V20_EHIGH_z0.5_p0_s1,0,recency_pop_0.1,0.150995,0.122318,0.180936
phi_V20_EHIGH_z0.5_p0_s1,0,recency_pop_0.5,0.151640,0.123385,0.179932
phi_V20_EHIGH_z0.5_p0_s1,0,recency_pop_1.0,0.150995,0.123803,0.182974
phi_V20_EHIGH_z0.5_p0_s1,0,pop_category,0.732173,0.700347,0.763326
phi_V20_EHIGH_z0.5_p0_s1,0,pop_price,0.792575,0.767081,0.814671
phi_V20_EHIGH_z0.5_p0_s1,0,lambda_hybrid_0.25,0.792575,0.768193,0.816895
phi_V20_EHIGH_z0.5_p0_s1,0,lambda_hybrid_0.5,0.792575,0.767388,0.816862
phi_V20_EHIGH_z0.5_p0_s1,0,lambda_hybrid_0.75,0.792575,0.768206,0.818060
phi_V20_EHIGH_z0.5_p0_s1,0,active_elic2,0.732173,0.697002,0.763528
phi_V20_EHIGH_z0.5_p0_s1,1,pop_global,0.405658,0.370713,0.441923
phi_V20_EHIGH_z0.5_p0_s1,1,recency_pop_0.1,0.155800,0.131663,0.180978
phi_V20_EHIGH_z0.5_p0_s1,1,recency_pop_0.5,0.185983,0.155223,0.216197
phi_V20_EHIGH_z0.5_p0_s1,1,recency_pop_1.0,0.191476,0.163153,0.219288
phi_V20_EHIGH_z0.5_p0_s1,1,pop_category,0.358063,0.321754,0.396234
phi_V20_EHIGH_z0.5_p0_s1,1,pop_price,0.399855,0.365312,0.435636
phi_V20_EHIGH_z0.5_p0_s1,1,content_knn_1,0.037527,0.026142,0.049460
phi_V20_EHIGH_z0.5_p0_s1,1,content_knn_3,0.045326,0.031300,0.058429
phi_V20_EHIGH_z0.5_p0_s1,1,content_knn_5,0.042876,0.030504,0.056258
phi_V20_EHIGH_z0.5_p0_s1,1,last_item_nbhd,0.037180,0.025872,0.049479
phi_V20_EHIGH_z0.5_p0_s1,1,pop_scaled_content,0.360637,0.324929,0.396197
phi_V20_EHIGH_z0.5_p0_s1,1,co_purchase,0.066074,0.052521,0.080931
phi_V20_EHIGH_z0.5_p0_s1,1,lambda_hybrid_0.25,0.348317,0.313426,0.386023
phi_V20_EHIGH_z0.5_p0_s1,1,lambda_hybrid_0.5,0.275098,0.242480,0.308111
phi_V20_EHIGH_z0.5_p0_s1,1,lambda_hybrid_0.75,0.218175,0.189276,0.248729
phi_V20_EHIGH_z0.5_p0_s1,2,pop_global,0.254600,0.221984,0.284671
phi_V20_EHIGH_z0.5_p0_s1,2,recency_pop_0.1,0.147784,0.123388,0.173768
phi_V20_EHIGH_z0.5_p0_s1,2,recency_pop_0.5,0.180846,0.154317,0.207901
phi_V20_EHIGH_z0.5_p0_s1,2,recency_pop_1.0,0.186008,0.160922,0.211465
phi_V20_EHIGH_z0.5_p0_s1,2,pop_category,0.203504,0.174673,0.231863
phi_V20_EHIGH_z0.5_p0_s1,2,pop_price,0.246498,0.216660,0.279062
phi_V20_EHIGH_z0.5_p0_s1,2,content_knn_1,0.052280,0.039607,0.065877
phi_V20_EHIGH_z0.5_p0_s1,2,content_knn_3,0.057408,0.043035,0.072622
phi_V20_EHIGH_z0.5_p0_s1,2,content_knn_5,0.057414,0.044071,0.071169
phi_V20_EHIGH_z0.5_p0_s1,2,last_item_nbhd,0.052498,0.038211,0.066872
phi_V20_EHIGH_z0.5_p0_s1,2,pop_scaled_content,0.228749,0.201135,0.258972
phi_V20_EHIGH_z0.5_p0_s1,2,co_purchase,0.032357,0.021781,0.043979
phi_V20_EHIGH_z0.5_p0_s1,2,lambda_hybrid_0.25,0.178434,0.151657,0.207884
phi_V20_EHIGH_z0.5_p0_s1,2,lambda_hybrid_0.5,0.141985,0.116070,0.168501
phi_V20_EHIGH_z0.5_p0_s1,2,lambda_hybrid_0.75,0.118321,0.094892,0.141754
phi_V20_EHIGH_z0.5_p0_s1,3,pop_global,0.181460,0.154007,0.208831
phi_V20_EHIGH_z0.5_p0_s1,3,recency_pop_0.1,0.149220,0.126276,0.173515
phi_V20_EHIGH_z0.5_p0_s1,3,recency_pop_0.5,0.173345,0.145299,0.200687
phi_V20_EHIGH_z0.5_p0_s1,3,recency_pop_1.0,0.175026,0.148712,0.203960
phi_V20_EHIGH_z0.5_p0_s1,3,pop_category,0.127536,0.103972,0.150551
phi_V20_EHIGH_z0.5_p0_s1,3,pop_price,0.172836,0.145283,0.198424
phi_V20_EHIGH_z0.5_p0_s1,3,content_knn_1,0.032377,0.022252,0.044643
phi_V20_EHIGH_z0.5_p0_s1,3,content_knn_3,0.033111,0.022108,0.044057
phi_V20_EHIGH_z0.5_p0_s1,3,content_knn_5,0.036282,0.025358,0.047655
phi_V20_EHIGH_z0.5_p0_s1,3,last_item_nbhd,0.039987,0.027320,0.051762
phi_V20_EHIGH_z0.5_p0_s1,3,pop_scaled_content,0.161355,0.136103,0.187771
phi_V20_EHIGH_z0.5_p0_s1,3,co_purchase,0.023676,0.015045,0.034243
phi_V20_EHIGH_z0.5_p0_s1,3,lambda_hybrid_0.25,0.110598,0.088229,0.132882
phi_V20_EHIGH_z0.5_p0_s1,3,lambda_hybrid_0.5,0.067073,0.051550,0.086033
phi_V20_EHIGH_z0.5_p0_s1,3,lambda_hybrid_0.75,0.054709,0.038853,0.072413
phi_V20_EHIGH_z0.5_p0_s1,5,pop_global,0.145789,0.121104,0.171291
phi_V20_EHIGH_z0.5_p0_s1,5,recency_pop_0.1,0.130958,0.107009,0.153678
phi_V20_EHIGH_z0.5_p0_s1,5,recency_pop_0.5,0.138840,0.112786,0.162895
phi_V20_EHIGH_z0.5_p0_s1,5,recency_pop_1.0,0.138840,0.114285,0.162417
phi_V20_EHIGH_z0.5_p0_s1,5,pop_category,0.083396,0.065836,0.103699
phi_V20_EHIGH_z0.5_p0_s1,5,pop_price,0.134127,0.110957,0.159367
phi_V20_EHIGH_z0.5_p0_s1,5,content_knn_1,0.032811,0.020800,0.046342
phi_V20_EHIGH_z0.5_p0_s1,5,content_knn_3,0.032740,0.020475,0.046514
phi_V20_EHIGH_z0.5_p0_s1,5,content_knn_5,0.032480,0.020785,0.046101
phi_V20_EHIGH_z0.5_p0_s1,5,last_item_nbhd,0.033991,0.021908,0.046632
phi_V20_EHIGH_z0.5_p0_s1,5,pop_scaled_content,0.121599,0.099895,0.145224
phi_V20_EHIGH_z0.5_p0_s1,5,co_purchase,0.020295,0.012277,0.030019
phi_V20_EHIGH_z0.5_p0_s1,5,lambda_hybrid_0.25,0.078097,0.060663,0.095591
phi_V20_EHIGH_z0.5_p0_s1,5,lambda_hybrid_0.5,0.042275,0.029616,0.056489
phi_V20_EHIGH_z0.5_p0_s1,5,lambda_hybrid_0.75,0.035735,0.023864,0.050399
phi_V20_EHIGH_z0.5_p0_s1,8,pop_global,0.144383,0.116738,0.171139
phi_V20_EHIGH_z0.5_p0_s1,8,recency_pop_0.1,0.136662,0.109564,0.163888
phi_V20_EHIGH_z0.5_p0_s1,8,recency_pop_0.5,0.140744,0.114450,0.169159
phi_V20_EHIGH_z0.5_p0_s1,8,recency_pop_1.0,0.143796,0.117934,0.173096
phi_V20_EHIGH_z0.5_p0_s1,8,pop_category,0.102044,0.078301,0.126682
phi_V20_EHIGH_z0.5_p0_s1,8,pop_price,0.131190,0.105067,0.156598
phi_V20_EHIGH_z0.5_p0_s1,8,content_knn_1,0.069169,0.046510,0.093050
phi_V20_EHIGH_z0.5_p0_s1,8,content_knn_3,0.063959,0.043556,0.086412
phi_V20_EHIGH_z0.5_p0_s1,8,content_knn_5,0.062502,0.041427,0.082651
phi_V20_EHIGH_z0.5_p0_s1,8,last_item_nbhd,0.070429,0.048341,0.094824
phi_V20_EHIGH_z0.5_p0_s1,8,pop_scaled_content,0.144169,0.117686,0.170790
phi_V20_EHIGH_z0.5_p0_s1,8,co_purchase,0.004554,0.000960,0.009111
phi_V20_EHIGH_z0.5_p0_s1,8,lambda_hybrid_0.25,0.103521,0.079676,0.128412
phi_V20_EHIGH_z0.5_p0_s1,8,lambda_hybrid_0.5,0.072845,0.051354,0.098555
phi_V20_EHIGH_z0.5_p0_s1,8,lambda_hybrid_0.75,0.070429,0.047878,0.092698
phi_V20_EHIGH_z0.5_p1_s0,0,pop_global,0.557294,0.537656,0.576985
phi_V20_EHIGH_z0.5_p1_s0,0,recency_pop_0.1,0.068839,0.054816,0.083536
phi_V20_EHIGH_z0.5_p1_s0,0,recency_pop_0.5,0.099419,0.076951,0.120913
phi_V20_EHIGH_z0.5_p1_s0,0,recency_pop_1.0,0.104677,0.084445,0.127539
phi_V20_EHIGH_z0.5_p1_s0,0,pop_category,0.495639,0.470095,0.521136
phi_V20_EHIGH_z0.5_p1_s0,0,pop_price,0.565676,0.546742,0.584686
phi_V20_EHIGH_z0.5_p1_s0,0,lambda_hybrid_0.25,0.557294,0.536925,0.577784
phi_V20_EHIGH_z0.5_p1_s0,0,lambda_hybrid_0.5,0.557294,0.537554,0.576533
phi_V20_EHIGH_z0.5_p1_s0,0,lambda_hybrid_0.75,0.557294,0.537157,0.575628
phi_V20_EHIGH_z0.5_p1_s0,0,active_elic2,0.122087,0.099097,0.148985
phi_V20_EHIGH_z0.5_p1_s0,1,pop_global,0.429444,0.399514,0.460813
phi_V20_EHIGH_z0.5_p1_s0,1,recency_pop_0.1,0.171519,0.142684,0.202432
phi_V20_EHIGH_z0.5_p1_s0,1,recency_pop_0.5,0.179181,0.150057,0.208621
phi_V20_EHIGH_z0.5_p1_s0,1,recency_pop_1.0,0.179836,0.150032,0.209282
phi_V20_EHIGH_z0.5_p1_s0,1,pop_category,0.399670,0.371950,0.432978
phi_V20_EHIGH_z0.5_p1_s0,1,pop_price,0.428958,0.397139,0.461343
phi_V20_EHIGH_z0.5_p1_s0,1,content_knn_1,0.052958,0.039997,0.068065
phi_V20_EHIGH_z0.5_p1_s0,1,content_knn_3,0.054824,0.041103,0.069711
phi_V20_EHIGH_z0.5_p1_s0,1,content_knn_5,0.061441,0.046485,0.076922
phi_V20_EHIGH_z0.5_p1_s0,1,last_item_nbhd,0.058163,0.044497,0.073236
phi_V20_EHIGH_z0.5_p1_s0,1,pop_scaled_content,0.169019,0.144953,0.195650
phi_V20_EHIGH_z0.5_p1_s0,1,co_purchase,0.060854,0.047468,0.073831
phi_V20_EHIGH_z0.5_p1_s0,1,lambda_hybrid_0.25,0.367671,0.335122,0.399540
phi_V20_EHIGH_z0.5_p1_s0,1,lambda_hybrid_0.5,0.325525,0.294045,0.358692
phi_V20_EHIGH_z0.5_p1_s0,1,lambda_hybrid_0.75,0.115944,0.095475,0.136766
phi_V20_EHIGH_z0.5_p1_s0,2,pop_global,0.378308,0.343092,0.412396
phi_V20_EHIGH_z0.5_p1_s0,2,recency_pop_0.1,0.239465,0.207989,0.273809
phi_V20_EHIGH_z0.5_p1_s0,2,recency_pop_0.5,0.240034,0.207587,0.272961
phi_V20_EHIGH_z0.5_p1_s0,2,recency_pop_1.0,0.243295,0.208544,0.277446
phi_V20_EHIGH_z0.5_p1_s0,2,pop_category,0.356504,0.324864,0.386447
phi_V20_EHIGH_z0.5_p1_s0,2,pop_price,0.382189,0.348937,0.415562
phi_V20_EHIGH_z0.5_p1_s0,2,content_knn_1,0.048012,0.035988,0.061204
phi_V20_EHIGH_z0.5_p1_s0,2,content_knn_3,0.066798,0.051686,0.083777
phi_V20_EHIGH_z0.5_p1_s0,2,content_knn_5,0.064721,0.049881,0.082777
phi_V20_EHIGH_z0.5_p1_s0,2,last_item_nbhd,0.053330,0.040288,0.067232
phi_V20_EHIGH_z0.5_p1_s0,2,pop_scaled_content,0.246867,0.214198,0.278135
phi_V20_EHIGH_z0.5_p1_s0,2,co_purchase,0.033849,0.023316,0.045287
phi_V20_EHIGH_z0.5_p1_s0,2,lambda_hybrid_0.25,0.344199,0.309672,0.378983
phi_V20_EHIGH_z0.5_p1_s0,2,lambda_hybrid_0.5,0.282074,0.250623,0.315799
phi_V20_EHIGH_z0.5_p1_s0,2,lambda_hybrid_0.75,0.077645,0.061075,0.095617
phi_V20_EHIGH_z0.5_p1_s0,3,pop_global,0.351443,0.315388,0.388534
phi_V20_EHIGH_z0.5_p1_s0,3,recency_pop_0.1,0.249840,0.216526,0.280238
phi_V20_EHIGH_z0.5_p1_s0,3,recency_pop_0.5,0.256417,0.221958,0.287893
phi_V20_EHIGH_z0.5_p1_s0,3,recency_pop_1.0,0.255545,0.223894,0.286735
phi_V20_EHIGH_z0.5_p1_s0,3,pop_category,0.327273,0.292178,0.359887
phi_V20_EHIGH_z0.5_p1_s0,3,pop_price,0.348876,0.313469,0.383982
phi_V20_EHIGH_z0.5_p1_s0,3,content_knn_1,0.048206,0.036200,0.062661
phi_V20_EHIGH_z0.5_p1_s0,3,content_knn_3,0.049975,0.036076,0.065355
phi_V20_EHIGH_z0.5_p1_s0,3,content_knn_5,0.052711,0.038751,0.067727
phi_V20_EHIGH_z0.5_p1_s0,3,last_item_nbhd,0.041781,0.029279,0.053887
phi_V20_EHIGH_z0.5_p1_s0,3,pop_scaled_content,0.260185,0.229752,0.293074
phi_V20_EHIGH_z0.5_p1_s0,3,co_purchase,0.019484,0.011452,0.027625
phi_V20_EHIGH_z0.5_p1_s0,3,lambda_hybrid_0.25,0.312225,0.278825,0.347567
phi_V20_EHIGH_z0.5_p1_s0,3,lambda_hybrid_0.5,0.273841,0.241177,0.308515
phi_V20_EHIGH_z0.5_p1_s0,3,lambda_hybrid_0.75,0.070653,0.055121,0.088805
phi_V20_EHIGH_z0.5_p1_s0,5,pop_global,0.160975,0.134334,0.189140
phi_V20_EHIGH_z0.5_p1_s0,5,recency_pop_0.1,0.147195,0.123091,0.172543
phi_V20_EHIGH_z0.5_p1_s0,5,recency_pop_0.5,0.148003,0.119990,0.176445
phi_V20_EHIGH_z0.5_p1_s0,5,recency_pop_1.0,0.142634,0.115731,0.167520
phi_V20_EHIGH_z0.5_p1_s0,5,pop_category,0.156601,0.129217,0.185013
phi_V20_EHIGH_z0.5_p1_s0,5,pop_price,0.156697,0.129475,0.187322
phi_V20_EHIGH_z0.5_p1_s0,5,content_knn_1,0.043103,0.031354,0.056270
phi_V20_EHIGH_z0.5_p1_s0,5,content_knn_3,0.049203,0.033334,0.065304
phi_V20_EHIGH_z0.5_p1_s0,5,content_knn_5,0.050872,0.035608,0.068357
phi_V20_EHIGH_z0.5_p1_s0,5,last_item_nbhd,0.035459,0.024545,0.046650
phi_V20_EHIGH_z0.5_p1_s0,5,pop_scaled_content,0.143094,0.118075,0.168059
phi_V20_EHIGH_z0.5_p1_s0,5,co_purchase,0.012114,0.005722,0.019902
phi_V20_EHIGH_z0.5_p1_s0,5,lambda_hybrid_0.25,0.156264,0.129026,0.184823
phi_V20_EHIGH_z0.5_p1_s0,5,lambda_hybrid_0.5,0.133451,0.106273,0.160586
phi_V20_EHIGH_z0.5_p1_s0,5,lambda_hybrid_0.75,0.045034,0.032054,0.059448
phi_V20_EHIGH_z0.5_p1_s0,8,pop_global,0.045956,0.030132,0.063925
phi_V20_EHIGH_z0.5_p1_s0,8,recency_pop_0.1,0.065422,0.045831,0.089687
phi_V20_EHIGH_z0.5_p1_s0,8,recency_pop_0.5,0.065262,0.044450,0.087916
phi_V20_EHIGH_z0.5_p1_s0,8,recency_pop_1.0,0.054474,0.036543,0.073918
phi_V20_EHIGH_z0.5_p1_s0,8,pop_category,0.051753,0.034254,0.070123
phi_V20_EHIGH_z0.5_p1_s0,8,pop_price,0.030118,0.016182,0.046502
phi_V20_EHIGH_z0.5_p1_s0,8,content_knn_1,0.030258,0.017208,0.045287
phi_V20_EHIGH_z0.5_p1_s0,8,content_knn_3,0.032267,0.018647,0.048991
phi_V20_EHIGH_z0.5_p1_s0,8,content_knn_5,0.036165,0.021187,0.053212
phi_V20_EHIGH_z0.5_p1_s0,8,last_item_nbhd,0.026464,0.015028,0.038169
phi_V20_EHIGH_z0.5_p1_s0,8,pop_scaled_content,0.046241,0.030287,0.063610
phi_V20_EHIGH_z0.5_p1_s0,8,co_purchase,0.001593,0.000000,0.004780
phi_V20_EHIGH_z0.5_p1_s0,8,lambda_hybrid_0.25,0.039108,0.024416,0.054532
phi_V20_EHIGH_z0.5_p1_s0,8,lambda_hybrid_0.5,0.036160,0.022670,0.052474
phi_V20_EHIGH_z0.5_p1_s0,8,lambda_hybrid_0.75,0.026310,0.014965,0.039398
phi_V20_EHIGH_z0.5_p1_s1,0,pop_global,0.761379,0.733764,0.788461
phi_V20_EHIGH_z0.5_p1_s1,0,recency_pop_0.1,0.172834,0.144078,0.203363
phi_V20_EHIGH_z0.5_p1_s1,0,recency_pop_0.5,0.172834,0.143020,0.203022
phi_V20_EHIGH_z0.5_p1_s1,0,recency_pop_1.0,0.172834,0.143699,0.204278
phi_V20_EHIGH_z0.5_p1_s1,0,pop_category,0.713800,0.683647,0.746468
phi_V20_EHIGH_z0.5_p1_s1,0,pop_price,0.761379,0.734926,0.788184
phi_V20_EHIGH_z0.5_p1_s1,0,lambda_hybrid_0.25,0.761379,0.734229,0.787349
phi_V20_EHIGH_z0.5_p1_s1,0,lambda_hybrid_0.5,0.761379,0.735078,0.787956
phi_V20_EHIGH_z0.5_p1_s1,0,lambda_hybrid_0.75,0.761379,0.734411,0.787091
phi_V20_EHIGH_z0.5_p1_s1,0,active_elic2,0.713800,0.681538,0.745176
phi_V20_EHIGH_z0.5_p1_s1,1,pop_global,0.427743,0.389350,0.464519
phi_V20_EHIGH_z0.5_p1_s1,1,recency_pop_0.1,0.173293,0.144072,0.201933
phi_V20_EHIGH_z0.5_p1_s1,1,recency_pop_0.5,0.192884,0.161765,0.223806
phi_V20_EHIGH_z0.5_p1_s1,1,recency_pop_1.0,0.194135,0.164155,0.222323
phi_V20_EHIGH_z0.5_p1_s1,1,pop_category,0.366405,0.329021,0.401155
phi_V20_EHIGH_z0.5_p1_s1,1,pop_price,0.422585,0.387987,0.458888
phi_V20_EHIGH_z0.5_p1_s1,1,content_knn_1,0.051132,0.036999,0.064760
phi_V20_EHIGH_z0.5_p1_s1,1,content_knn_3,0.058488,0.044525,0.073900
phi_V20_EHIGH_z0.5_p1_s1,1,content_knn_5,0.055923,0.042536,0.070628
phi_V20_EHIGH_z0.5_p1_s1,1,last_item_nbhd,0.051466,0.038195,0.067281
phi_V20_EHIGH_z0.5_p1_s1,1,pop_scaled_content,0.385267,0.348708,0.424101
phi_V20_EHIGH_z0.5_p1_s1,1,co_purchase,0.088867,0.074249,0.106045
phi_V20_EHIGH_z0.5_p1_s1,1,lambda_hybrid_0.25,0.371499,0.333731,0.407122
phi_V20_EHIGH_z0.5_p1_s1,1,lambda_hybrid_0.5,0.297810,0.264751,0.331872
phi_V20_EHIGH_z0.5_p1_s1,1,lambda_hybrid_0.75,0.229293,0.198514,0.256682
phi_V20_EHIGH_z0.5_p1_s1,2,pop_global,0.255068,0.225101,0.286637
phi_V20_EHIGH_z0.5_p1_s1,2,recency_pop_0.1,0.127613,0.105560,0.151264
phi_V20_EHIGH_z0.5_p1_s1,2,recency_pop_0.5,0.172310,0.143034,0.198497
phi_V20_EHIGH_z0.5_p1_s1,2,recency_pop_1.0,0.174902,0.147287,0.202304
phi_V20_EHIGH_z0.5_p1_s1,2,pop_category,0.198343,0.169772,0.226739
phi_V20_EHIGH_z0.5_p1_s1,2,pop_price,0.247465,0.214457,0.280857
phi_V20_EHIGH_z0.5_p1_s1,2,content_knn_1,0.060277,0.047320,0.075227
phi_V20_EHIGH_z0.5_p1_s1,2,content_knn_3,0.067342,0.051795,0.084730
phi_V20_EHIGH_z0.5_p1_s1,2,content_knn_5,0.068179,0.053517,0.083455
phi_V20_EHIGH_z0.5_p1_s1,2,last_item_nbhd,0.070913,0.055373,0.087859
phi_V20_EHIGH_z0.5_p1_s1,2,pop_scaled_content,0.215732,0.187020,0.246992
phi_V20_EHIGH_z0.5_p1_s1,2,co_purchase,0.033144,0.023437,0.043893
phi_V20_EHIGH_z0.5_p1_s1,2,lambda_hybrid_0.25,0.188012,0.159080,0.219105
phi_V20_EHIGH_z0.5_p1_s1,2,lambda_hybrid_0.5,0.158700,0.132944,0.185380
phi_V20_EHIGH_z0.5_p1_s1,2,lambda_hybrid_0.75,0.136885,0.110990,0.164800
phi_V20_EHIGH_z0.5_p1_s1,3,pop_global,0.183190,0.155296,0.211313
phi_V20_EHIGH_z0.5_p1_s1,3,recency_pop_0.1,0.143828,0.118849,0.168075
phi_V20_EHIGH_z0.5_p1_s1,3,recency_pop_0.5,0.171967,0.144705,0.200040
phi_V20_EHIGH_z0.5_p1_s1,3,recency_pop_1.0,0.173807,0.147680,0.203642
phi_V20_EHIGH_z0.5_p1_s1,3,pop_category,0.113998,0.091270,0.137935
phi_V20_EHIGH_z0.5_p1_s1,3,pop_price,0.176057,0.148903,0.202758
phi_V20_EHIGH_z0.5_p1_s1,3,content_knn_1,0.034221,0.022927,0.046547
phi_V20_EHIGH_z0.5_p1_s1,3,content_knn_3,0.035441,0.023713,0.047759
phi_V20_EHIGH_z0.5_p1_s1,3,content_knn_5,0.043978,0.031656,0.057441
phi_V20_EHIGH_z0.5_p1_s1,3,last_item_nbhd,0.041541,0.028601,0.055220
phi_V20_EHIGH_z0.5_p1_s1,3,pop_scaled_content,0.157355,0.133502,0.182853
phi_V20_EHIGH_z0.5_p1_s1,3,co_purchase,0.025197,0.017345,0.034519
phi_V20_EHIGH_z0.5_p1_s1,3,lambda_hybrid_0.25,0.111022,0.089765,0.133453
phi_V20_EHIGH_z0.5_p1_s1,3,lambda_hybrid_0.5,0.067970,0.050375,0.085985
phi_V20_EHIGH_z0.5_p1_s1,3,lambda_hybrid_0.75,0.057470,0.040972,0.073265
phi_V20_EHIGH_z0.5_p1_s1,5,pop_global,0.145529,0.119426,0.169539
phi_V20_EHIGH_z0.5_p1_s1,5,recency_pop_0.1,0.134270,0.109524,0.157864
phi_V20_EHIGH_z0.5_p1_s1,5,recency_pop_0.5,0.140395,0.115322,0.165149
phi_V20_EHIGH_z0.5_p1_s1,5,recency_pop_1.0,0.142021,0.117799,0.168101
phi_V20_EHIGH_z0.5_p1_s1,5,pop_category,0.083686,0.062698,0.105084
phi_V20_EHIGH_z0.5_p1_s1,5,pop_price,0.136699,0.114971,0.162476
phi_V20_EHIGH_z0.5_p1_s1,5,content_knn_1,0.042249,0.028830,0.057401
phi_V20_EHIGH_z0.5_p1_s1,5,content_knn_3,0.041289,0.028591,0.056364
phi_V20_EHIGH_z0.5_p1_s1,5,content_knn_5,0.039584,0.025860,0.053494
phi_V20_EHIGH_z0.5_p1_s1,5,last_item_nbhd,0.042495,0.028469,0.056942
phi_V20_EHIGH_z0.5_p1_s1,5,pop_scaled_content,0.125522,0.104228,0.148574
phi_V20_EHIGH_z0.5_p1_s1,5,co_purchase,0.025009,0.016369,0.034423
phi_V20_EHIGH_z0.5_p1_s1,5,lambda_hybrid_0.25,0.085695,0.068170,0.105315
phi_V20_EHIGH_z0.5_p1_s1,5,lambda_hybrid_0.5,0.053456,0.037937,0.068591
phi_V20_EHIGH_z0.5_p1_s1,5,lambda_hybrid_0.75,0.046967,0.032035,0.062283
phi_V20_EHIGH_z0.5_p1_s1,8,pop_global,0.145813,0.115562,0.175078
phi_V20_EHIGH_z0.5_p1_s1,8,recency_pop_0.1,0.140343,0.111558,0.171597
phi_V20_EHIGH_z0.5_p1_s1,8,recency_pop_0.5,0.144916,0.116418,0.173575
phi_V20_EHIGH_z0.5_p1_s1,8,recency_pop_1.0,0.143724,0.113537,0.172373
phi_V20_EHIGH_z0.5_p1_s1,8,pop_category,0.081624,0.058939,0.105661
phi_V20_EHIGH_z0.5_p1_s1,8,pop_price,0.135211,0.108528,0.164427
phi_V20_EHIGH_z0.5_p1_s1,8,content_knn_1,0.063902,0.043478,0.086678
phi_V20_EHIGH_z0.5_p1_s1,8,content_knn_3,0.057707,0.038421,0.076924
phi_V20_EHIGH_z0.5_p1_s1,8,content_knn_5,0.059312,0.041354,0.081456
phi_V20_EHIGH_z0.5_p1_s1,8,last_item_nbhd,0.062617,0.042749,0.082192
phi_V20_EHIGH_z0.5_p1_s1,8,pop_scaled_content,0.133716,0.108573,0.160865
phi_V20_EHIGH_z0.5_p1_s1,8,co_purchase,0.011653,0.004401,0.020458
phi_V20_EHIGH_z0.5_p1_s1,8,lambda_hybrid_0.25,0.088450,0.066003,0.111058
phi_V20_EHIGH_z0.5_p1_s1,8,lambda_hybrid_0.5,0.065206,0.046426,0.088754
phi_V20_EHIGH_z0.5_p1_s1,8,lambda_hybrid_0.75,0.062617,0.043670,0.082813
phi_V20_EHIGH_z1.5_p0.25_s0,0,pop_global,0.237216,0.211666,0.263995
phi_V20_EHIGH_z1.5_p0.25_s0,0,recency_pop_0.1,0.145142,0.125642,0.165744
phi_V20_EHIGH_z1.5_p0.25_s0,0,recency_pop_0.5,0.145142,0.123738,0.168292
phi_V20_EHIGH_z1.5_p0.25_s0,0,recency_pop_1.0,0.145309,0.126300,0.166063
phi_V20_EHIGH_z1.5_p0.25_s0,0,pop_category,0.162921,0.138803,0.188168
phi_V20_EHIGH_z1.5_p0.25_s0,0,pop_price,0.225569,0.199842,0.254041
phi_V20_EHIGH_z1.5_p0.25_s0,0,lambda_hybrid_0.25,0.237216,0.212335,0.264421
phi_V20_EHIGH_z1.5_p0.25_s0,0,lambda_hybrid_0.5,0.237216,0.212281,0.263233
phi_V20_EHIGH_z1.5_p0.25_s0,0,lambda_hybrid_0.75,0.237216,0.211344,0.262700
phi_V20_EHIGH_z1.5_p0.25_s0,0,active_elic2,0.162921,0.137720,0.189141
phi_V20_EHIGH_z1.5_p0.25_s0,1,pop_global,0.308584,0.277776,0.338990
phi_V20_EHIGH_z1.5_p0.25_s0,1,recency_pop_0.1,0.193130,0.168845,0.217691
phi_V20_EHIGH_z1.5_p0.25_s0,1,recency_pop_0.5,0.206764,0.178958,0.232632
phi_V20_EHIGH_z1.5_p0.25_s0,1,recency_pop_1.0,0.211498,0.186038,0.237760
phi_V20_EHIGH_z1.5_p0.25_s0,1,pop_category,0.253807,0.225441,0.283035
phi_V20_EHIGH_z1.5_p0.25_s0,1,pop_price,0.302057,0.272794,0.331320
phi_V20_EHIGH_z1.5_p0.25_s0,1,content_knn_1,0.149534,0.127679,0.171907
phi_V20_EHIGH_z1.5_p0.25_s0,1,content_knn_3,0.139637,0.117929,0.161967
phi_V20_EHIGH_z1.5_p0.25_s0,1,content_knn_5,0.147749,0.126234,0.171151
phi_V20_EHIGH_z1.5_p0.25_s0,1,last_item_nbhd,0.150310,0.129514,0.171833
phi_V20_EHIGH_z1.5_p0.25_s0,1,pop_scaled_content,0.246823,0.219544,0.276438
phi_V20_EHIGH_z1.5_p0.25_s0,1,co_purchase,0.085532,0.069584,0.100973
phi_V20_EHIGH_z1.5_p0.25_s0,1,lambda_hybrid_0.25,0.284828,0.255184,0.313637
phi_V20_EHIGH_z1.5_p0.25_s0,1,lambda_hybrid_0.5,0.267985,0.235248,0.300598
phi_V20_EHIGH_z1.5_p0.25_s0,1,lambda_hybrid_0.75,0.201001,0.176013,0.227517
phi_V20_EHIGH_z1.5_p0.25_s0,2,pop_global,0.354190,0.322246,0.388210
phi_V20_EHIGH_z1.5_p0.25_s0,2,recency_pop_0.1,0.263448,0.234518,0.295661
phi_V20_EHIGH_z1.5_p0.25_s0,2,recency_pop_0.5,0.288549,0.257696,0.322854
phi_V20_EHIGH_z1.5_p0.25_s0,2,recency_pop_1.0,0.292240,0.259790,0.322915
phi_V20_EHIGH_z1.5_p0.25_s0,2,pop_category,0.336678,0.304859,0.369957
phi_V20_EHIGH_z1.5_p0.25_s0,2,pop_price,0.347839,0.316220,0.378772
phi_V20_EHIGH_z1.5_p0.25_s0,2,content_knn_1,0.123653,0.103964,0.142855
phi_V20_EHIGH_z1.5_p0.25_s0,2,content_knn_3,0.118672,0.098760,0.137769
phi_V20_EHIGH_z1.5_p0.25_s0,2,content_knn_5,0.132793,0.112129,0.152027
phi_V20_EHIGH_z1.5_p0.25_s0,2,last_item_nbhd,0.120958,0.102044,0.140545
phi_V20_EHIGH_z1.5_p0.25_s0,2,pop_scaled_content,0.318187,0.288408,0.347286
phi_V20_EHIGH_z1.5_p0.25_s0,2,co_purchase,0.064337,0.048788,0.081403
phi_V20_EHIGH_z1.5_p0.25_s0,2,lambda_hybrid_0.25,0.346219,0.313039,0.378408
phi_V20_EHIGH_z1.5_p0.25_s0,2,lambda_hybrid_0.5,0.299299,0.267687,0.333657
phi_V20_EHIGH_z1.5_p0.25_s0,2,lambda_hybrid_0.75,0.184253,0.158381,0.209680
phi_V20_EHIGH_z1.5_p0.25_s0,3,pop_global,0.332696,0.297422,0.363833
phi_V20_EHIGH_z1.5_p0.25_s0,3,recency_pop_0.1,0.285400,0.252503,0.316521
phi_V20_EHIGH_z1.5_p0.25_s0,3,recency_pop_0.5,0.294057,0.261763,0.328593
phi_V20_EHIGH_z1.5_p0.25_s0,3,recency_pop_1.0,0.293434,0.258236,0.325669
phi_V20_EHIGH_z1.5_p0.25_s0,3,pop_category,0.314029,0.282807,0.343913
phi_V20_EHIGH_z1.5_p0.25_s0,3,pop_price,0.328403,0.296680,0.358761
phi_V20_EHIGH_z1.5_p0.25_s0,3,content_knn_1,0.125247,0.104583,0.145081
phi_V20_EHIGH_z1.5_p0.25_s0,3,content_knn_3,0.132192,0.110540,0.154738
phi_V20_EHIGH_z1.5_p0.25_s0,3,content_knn_5,0.133041,0.111621,0.155741
phi_V20_EHIGH_z1.5_p0.25_s0,3,last_item_nbhd,0.114391,0.094047,0.135628
phi_V20_EHIGH_z1.5_p0.25_s0,3,pop_scaled_content,0.303240,0.272459,0.332974
phi_V20_EHIGH_z1.5_p0.25_s0,3,co_purchase,0.042130,0.030836,0.054106
phi_V20_EHIGH_z1.5_p0.25_s0,3,lambda_hybrid_0.25,0.313138,0.283030,0.347046
phi_V20_EHIGH_z1.5_p0.25_s0,3,lambda_hybrid_0.5,0.276952,0.245630,0.308852
phi_V20_EHIGH_z1.5_p0.25_s0,3,lambda_hybrid_0.75,0.173782,0.149182,0.198899
phi_V20_EHIGH_z1.5_p0.25_s0,5,pop_global,0.294580,0.261419,0.326226
phi_V20_EHIGH_z1.5_p0.25_s0,5,recency_pop_0.1,0.274513,0.242834,0.305515
phi_V20_EHIGH_z1.5_p0.25_s0,5,recency_pop_0.5,0.275747,0.240652,0.309597
phi_V20_EHIGH_z1.5_p0.25_s0,5,recency_pop_1.0,0.276438,0.243881,0.309901
phi_V20_EHIGH_z1.5_p0.25_s0,5,pop_category,0.280395,0.246802,0.313924
phi_V20_EHIGH_z1.5_p0.25_s0,5,pop_price,0.255743,0.224304,0.287837
phi_V20_EHIGH_z1.5_p0.25_s0,5,content_knn_1,0.103502,0.084651,0.124086
phi_V20_EHIGH_z1.5_p0.25_s0,5,content_knn_3,0.109184,0.089000,0.131656
phi_V20_EHIGH_z1.5_p0.25_s0,5,content_knn_5,0.123808,0.100560,0.146529
phi_V20_EHIGH_z1.5_p0.25_s0,5,last_item_nbhd,0.092875,0.074562,0.112120
phi_V20_EHIGH_z1.5_p0.25_s0,5,pop_scaled_content,0.287667,0.252791,0.321279
phi_V20_EHIGH_z1.5_p0.25_s0,5,co_purchase,0.033164,0.022154,0.045679
phi_V20_EHIGH_z1.5_p0.25_s0,5,lambda_hybrid_0.25,0.280154,0.245507,0.315349
phi_V20_EHIGH_z1.5_p0.25_s0,5,lambda_hybrid_0.5,0.239984,0.209915,0.271074
phi_V20_EHIGH_z1.5_p0.25_s0,5,lambda_hybrid_0.75,0.147571,0.123785,0.170514
phi_V20_EHIGH_z1.5_p0.25_s0,8,pop_global,0.159917,0.126564,0.194138
phi_V20_EHIGH_z1.5_p0.25_s0,8,recency_pop_0.1,0.165679,0.128182,0.201372
phi_V20_EHIGH_z1.5_p0.25_s0,8,recency_pop_0.5,0.162873,0.131612,0.198945
phi_V20_EHIGH_z1.5_p0.25_s0,8,recency_pop_1.0,0.162873,0.132088,0.195125
phi_V20_EHIGH_z1.5_p0.25_s0,8,pop_category,0.151345,0.119954,0.187505
phi_V20_EHIGH_z1.5_p0.25_s0,8,pop_price,0.130627,0.101814,0.159717
phi_V20_EHIGH_z1.5_p0.25_s0,8,content_knn_1,0.060166,0.041105,0.078854
phi_V20_EHIGH_z1.5_p0.25_s0,8,content_knn_3,0.056953,0.039501,0.075653
phi_V20_EHIGH_z1.5_p0.25_s0,8,content_knn_5,0.065221,0.044754,0.087736
phi_V20_EHIGH_z1.5_p0.25_s0,8,last_item_nbhd,0.056688,0.039336,0.075843
phi_V20_EHIGH_z1.5_p0.25_s0,8,pop_scaled_content,0.153275,0.122404,0.185869
phi_V20_EHIGH_z1.5_p0.25_s0,8,co_purchase,0.003502,0.000000,0.007981
phi_V20_EHIGH_z1.5_p0.25_s0,8,lambda_hybrid_0.25,0.152123,0.122226,0.185868
phi_V20_EHIGH_z1.5_p0.25_s0,8,lambda_hybrid_0.5,0.111538,0.084463,0.140161
phi_V20_EHIGH_z1.5_p0.25_s0,8,lambda_hybrid_0.75,0.075218,0.054483,0.096197
phi_V20_EHIGH_z1.5_p0.25_s1,0,pop_global,0.301820,0.273272,0.330691
phi_V20_EHIGH_z1.5_p0.25_s1,0,recency_pop_0.1,0.156699,0.132319,0.183356
phi_V20_EHIGH_z1.5_p0.25_s1,0,recency_pop_0.5,0.156699,0.130821,0.180854
phi_V20_EHIGH_z1.5_p0.25_s1,0,recency_pop_1.0,0.160389,0.135427,0.189512
phi_V20_EHIGH_z1.5_p0.25_s1,0,pop_category,0.266698,0.238380,0.296940
phi_V20_EHIGH_z1.5_p0.25_s1,0,pop_price,0.303128,0.275245,0.333916
phi_V20_EHIGH_z1.5_p0.25_s1,0,lambda_hybrid_0.25,0.301820,0.275263,0.330875
phi_V20_EHIGH_z1.5_p0.25_s1,0,lambda_hybrid_0.5,0.301820,0.271718,0.331377
phi_V20_EHIGH_z1.5_p0.25_s1,0,lambda_hybrid_0.75,0.301820,0.274348,0.330117
phi_V20_EHIGH_z1.5_p0.25_s1,0,active_elic2,0.266698,0.236079,0.296422
phi_V20_EHIGH_z1.5_p0.25_s1,1,pop_global,0.260098,0.233775,0.286398
phi_V20_EHIGH_z1.5_p0.25_s1,1,recency_pop_0.1,0.162642,0.139294,0.188361
phi_V20_EHIGH_z1.5_p0.25_s1,1,recency_pop_0.5,0.162135,0.138834,0.186079
phi_V20_EHIGH_z1.5_p0.25_s1,1,recency_pop_1.0,0.173734,0.147899,0.198227
phi_V20_EHIGH_z1.5_p0.25_s1,1,pop_category,0.235107,0.205624,0.263496
phi_V20_EHIGH_z1.5_p0.25_s1,1,pop_price,0.264927,0.237467,0.295784
phi_V20_EHIGH_z1.5_p0.25_s1,1,content_knn_1,0.161501,0.135969,0.183686
phi_V20_EHIGH_z1.5_p0.25_s1,1,content_knn_3,0.153748,0.130172,0.176775
phi_V20_EHIGH_z1.5_p0.25_s1,1,content_knn_5,0.153547,0.131861,0.176537
phi_V20_EHIGH_z1.5_p0.25_s1,1,last_item_nbhd,0.166611,0.144105,0.192414
phi_V20_EHIGH_z1.5_p0.25_s1,1,pop_scaled_content,0.220639,0.193884,0.248814
phi_V20_EHIGH_z1.5_p0.25_s1,1,co_purchase,0.140666,0.119720,0.163810
phi_V20_EHIGH_z1.5_p0.25_s1,1,lambda_hybrid_0.25,0.236825,0.209351,0.268146
phi_V20_EHIGH_z1.5_p0.25_s1,1,lambda_hybrid_0.5,0.221576,0.192981,0.253148
phi_V20_EHIGH_z1.5_p0.25_s1,1,lambda_hybrid_0.75,0.194170,0.170844,0.220056
phi_V20_EHIGH_z1.5_p0.25_s1,2,pop_global,0.288191,0.260841,0.318967
phi_V20_EHIGH_z1.5_p0.25_s1,2,recency_pop_0.1,0.157132,0.133695,0.181357
phi_V20_EHIGH_z1.5_p0.25_s1,2,recency_pop_0.5,0.158490,0.135078,0.184328
phi_V20_EHIGH_z1.5_p0.25_s1,2,recency_pop_1.0,0.165115,0.139539,0.190667
phi_V20_EHIGH_z1.5_p0.25_s1,2,pop_category,0.244442,0.214411,0.273217
phi_V20_EHIGH_z1.5_p0.25_s1,2,pop_price,0.282607,0.253196,0.309528
phi_V20_EHIGH_z1.5_p0.25_s1,2,content_knn_1,0.161490,0.138968,0.187212
phi_V20_EHIGH_z1.5_p0.25_s1,2,content_knn_3,0.178361,0.152558,0.203625
phi_V20_EHIGH_z1.5_p0.25_s1,2,content_knn_5,0.187838,0.164340,0.211976
phi_V20_EHIGH_z1.5_p0.25_s1,2,last_item_nbhd,0.178039,0.154821,0.205504
phi_V20_EHIGH_z1.5_p0.25_s1,2,pop_scaled_content,0.260100,0.233579,0.287473
phi_V20_EHIGH_z1.5_p0.25_s1,2,co_purchase,0.093818,0.075293,0.111977
phi_V20_EHIGH_z1.5_p0.25_s1,2,lambda_hybrid_0.25,0.281841,0.253896,0.313986
phi_V20_EHIGH_z1.5_p0.25_s1,2,lambda_hybrid_0.5,0.265787,0.237440,0.294292
phi_V20_EHIGH_z1.5_p0.25_s1,2,lambda_hybrid_0.75,0.219393,0.193064,0.246597
phi_V20_EHIGH_z1.5_p0.25_s1,3,pop_global,0.300814,0.271292,0.329014
phi_V20_EHIGH_z1.5_p0.25_s1,3,recency_pop_0.1,0.222134,0.191325,0.251817
phi_V20_EHIGH_z1.5_p0.25_s1,3,recency_pop_0.5,0.230358,0.202994,0.259211
phi_V20_EHIGH_z1.5_p0.25_s1,3,recency_pop_1.0,0.229557,0.201498,0.258271
phi_V20_EHIGH_z1.5_p0.25_s1,3,pop_category,0.257769,0.229600,0.286989
phi_V20_EHIGH_z1.5_p0.25_s1,3,pop_price,0.286388,0.257837,0.315203
phi_V20_EHIGH_z1.5_p0.25_s1,3,content_knn_1,0.184740,0.158936,0.210211
phi_V20_EHIGH_z1.5_p0.25_s1,3,content_knn_3,0.189447,0.165070,0.215530
phi_V20_EHIGH_z1.5_p0.25_s1,3,content_knn_5,0.208742,0.182183,0.237341
phi_V20_EHIGH_z1.5_p0.25_s1,3,last_item_nbhd,0.196214,0.171316,0.222046
phi_V20_EHIGH_z1.5_p0.25_s1,3,pop_scaled_content,0.276625,0.247829,0.305522
phi_V20_EHIGH_z1.5_p0.25_s1,3,co_purchase,0.091632,0.074671,0.108328
phi_V20_EHIGH_z1.5_p0.25_s1,3,lambda_hybrid_0.25,0.297569,0.266595,0.325382
phi_V20_EHIGH_z1.5_p0.25_s1,3,lambda_hybrid_0.5,0.271364,0.241415,0.302614
phi_V20_EHIGH_z1.5_p0.25_s1,3,lambda_hybrid_0.75,0.246397,0.219287,0.277234
phi_V20_EHIGH_z1.5_p0.25_s1,5,pop_global,0.240901,0.213491,0.270387
phi_V20_EHIGH_z1.5_p0.25_s1,5,recency_pop_0.1,0.231049,0.201515,0.262114
phi_V20_EHIGH_z1.5_p0.25_s1,5,recency_pop_0.5,0.226994,0.197054,0.258683
phi_V20_EHIGH_z1.5_p0.25_s1,5,recency_pop_1.0,0.235351,0.206200,0.266687
phi_V20_EHIGH_z1.5_p0.25_s1,5,pop_category,0.215138,0.184709,0.243838
phi_V20_EHIGH_z1.5_p0.25_s1,5,pop_price,0.232941,0.202543,0.261786
phi_V20_EHIGH_z1.5_p0.25_s1,5,content_knn_1,0.190834,0.164770,0.217846
phi_V20_EHIGH_z1.5_p0.25_s1,5,content_knn_3,0.190007,0.163969,0.216303
phi_V20_EHIGH_z1.5_p0.25_s1,5,content_knn_5,0.195591,0.171505,0.223597
phi_V20_EHIGH_z1.5_p0.25_s1,5,last_item_nbhd,0.191410,0.165773,0.219168
phi_V20_EHIGH_z1.5_p0.25_s1,5,pop_scaled_content,0.239279,0.209860,0.267861
phi_V20_EHIGH_z1.5_p0.25_s1,5,co_purchase,0.071258,0.056489,0.087831
phi_V20_EHIGH_z1.5_p0.25_s1,5,lambda_hybrid_0.25,0.244653,0.214866,0.275246
phi_V20_EHIGH_z1.5_p0.25_s1,5,lambda_hybrid_0.5,0.230798,0.201026,0.258309
phi_V20_EHIGH_z1.5_p0.25_s1,5,lambda_hybrid_0.75,0.211644,0.182441,0.241366
phi_V20_EHIGH_z1.5_p0.25_s1,8,pop_global,0.246916,0.210786,0.282280
phi_V20_EHIGH_z1.5_p0.25_s1,8,recency_pop_0.1,0.241536,0.205044,0.277201
phi_V20_EHIGH_z1.5_p0.25_s1,8,recency_pop_0.5,0.239562,0.201476,0.277913
phi_V20_EHIGH_z1.5_p0.25_s1,8,recency_pop_1.0,0.238547,0.201357,0.276502
phi_V20_EHIGH_z1.5_p0.25_s1,8,pop_category,0.175832,0.142985,0.207365
phi_V20_EHIGH_z1.5_p0.25_s1,8,pop_price,0.213361,0.179413,0.246202
phi_V20_EHIGH_z1.5_p0.25_s1,8,content_knn_1,0.181965,0.151270,0.211038
phi_V20_EHIGH_z1.5_p0.25_s1,8,content_knn_3,0.193284,0.159740,0.226071
phi_V20_EHIGH_z1.5_p0.25_s1,8,content_knn_5,0.199798,0.167814,0.231844
phi_V20_EHIGH_z1.5_p0.25_s1,8,last_item_nbhd,0.180499,0.149805,0.211273
phi_V20_EHIGH_z1.5_p0.25_s1,8,pop_scaled_content,0.242947,0.207445,0.279666
phi_V20_EHIGH_z1.5_p0.25_s1,8,co_purchase,0.042460,0.028660,0.057222
phi_V20_EHIGH_z1.5_p0.25_s1,8,lambda_hybrid_0.25,0.252693,0.218149,0.289857
phi_V20_EHIGH_z1.5_p0.25_s1,8,lambda_hybrid_0.5,0.239112,0.205879,0.272912
phi_V20_EHIGH_z1.5_p0.25_s1,8,lambda_hybrid_0.75,0.212882,0.178893,0.246411
phi_V20_EHIGH_z1.5_p0.5_s0,0,pop_global,0.254264,0.228676,0.280478
phi_V20_EHIGH_z1.5_p0.5_s0,0,recency_pop_0.1,0.153731,0.133399,0.175374
phi_V20_EHIGH_z1.5_p0.5_s0,0,recency_pop_0.5,0.153116,0.132057,0.176042
phi_V20_EHIGH_z1.5_p0.5_s0,0,recency_pop_1.0,0.153463,0.134814,0.175589
phi_V20_EHIGH_z1.5_p0.5_s0,0,pop_category,0.206696,0.179855,0.234970
phi_V20_EHIGH_z1.5_p0.5_s0,0,pop_price,0.241306,0.215480,0.269157
phi_V20_EHIGH_z1.5_p0.5_s0,0,lambda_hybrid_0.25,0.254264,0.226954,0.281180
phi_V20_EHIGH_z1.5_p0.5_s0,0,lambda_hybrid_0.5,0.254264,0.227514,0.282101
phi_V20_EHIGH_z1.5_p0.5_s0,0,lambda_hybrid_0.75,0.254264,0.226813,0.281253
phi_V20_EHIGH_z1.5_p0.5_s0,0,active_elic2,0.206696,0.179138,0.235361
phi_V20_EHIGH_z1.5_p0.5_s0,1,pop_global,0.288297,0.258304,0.316771
phi_V20_EHIGH_z1.5_p0.5_s0,1,recency_pop_0.1,0.196657,0.171464,0.223507
phi_V20_EHIGH_z1.5_p0.5_s0,1,recency_pop_0.5,0.203968,0.177145,0.230192
phi_V20_EHIGH_z1.5_p0.5_s0,1,recency_pop_1.0,0.204533,0.181528,0.230105
phi_V20_EHIGH_z1.5_p0.5_s0,1,pop_category,0.250925,0.222926,0.279563
phi_V20_EHIGH_z1.5_p0.5_s0,1,pop_price,0.275112,0.245845,0.305508
phi_V20_EHIGH_z1.5_p0.5_s0,1,content_knn_1,0.145185,0.123474,0.165863
phi_V20_EHIGH_z1.5_p0.5_s0,1,content_knn_3,0.137265,0.114957,0.160877
phi_V20_EHIGH_z1.5_p0.5_s0,1,content_knn_5,0.151320,0.128713,0.172971
phi_V20_EHIGH_z1.5_p0.5_s0,1,last_item_nbhd,0.155195,0.134946,0.176058
phi_V20_EHIGH_z1.5_p0.5_s0,1,pop_scaled_content,0.225233,0.198859,0.251996
phi_V20_EHIGH_z1.5_p0.5_s0,1,co_purchase,0.118571,0.100113,0.140283
phi_V20_EHIGH_z1.5_p0.5_s0,1,lambda_hybrid_0.25,0.257796,0.229757,0.287617
phi_V20_EHIGH_z1.5_p0.5_s0,1,lambda_hybrid_0.5,0.255109,0.225590,0.284040
phi_V20_EHIGH_z1.5_p0.5_s0,1,lambda_hybrid_0.75,0.195083,0.171407,0.219471
phi_V20_EHIGH_z1.5_p0.5_s0,2,pop_global,0.345685,0.314014,0.378567
phi_V20_EHIGH_z1.5_p0.5_s0,2,recency_pop_0.1,0.257599,0.229146,0.289172
phi_V20_EHIGH_z1.5_p0.5_s0,2,recency_pop_0.5,0.278191,0.248287,0.309843
phi_V20_EHIGH_z1.5_p0.5_s0,2,recency_pop_1.0,0.282382,0.252029,0.312197
phi_V20_EHIGH_z1.5_p0.5_s0,2,pop_category,0.328781,0.297059,0.362741
phi_V20_EHIGH_z1.5_p0.5_s0,2,pop_price,0.337478,0.305089,0.368285
phi_V20_EHIGH_z1.5_p0.5_s0,2,content_knn_1,0.135709,0.114382,0.157801
phi_V20_EHIGH_z1.5_p0.5_s0,2,content_knn_3,0.127547,0.108152,0.148291
phi_V20_EHIGH_z1.5_p0.5_s0,2,content_knn_5,0.147753,0.124906,0.169947
phi_V20_EHIGH_z1.5_p0.5_s0,2,last_item_nbhd,0.135550,0.114651,0.156506
phi_V20_EHIGH_z1.5_p0.5_s0,2,pop_scaled_content,0.308265,0.275779,0.339487
phi_V20_EHIGH_z1.5_p0.5_s0,2,co_purchase,0.088916,0.071147,0.108588
phi_V20_EHIGH_z1.5_p0.5_s0,2,lambda_hybrid_0.25,0.327783,0.294073,0.361430
phi_V20_EHIGH_z1.5_p0.5_s0,2,lambda_hybrid_0.5,0.296745,0.265397,0.331537
phi_V20_EHIGH_z1.5_p0.5_s0,2,lambda_hybrid_0.75,0.195089,0.171435,0.219662
phi_V20_EHIGH_z1.5_p0.5_s0,3,pop_global,0.316609,0.283415,0.350491
phi_V20_EHIGH_z1.5_p0.5_s0,3,recency_pop_0.1,0.269568,0.236725,0.299964
phi_V20_EHIGH_z1.5_p0.5_s0,3,recency_pop_0.5,0.277727,0.245670,0.311497
phi_V20_EHIGH_z1.5_p0.5_s0,3,recency_pop_1.0,0.278972,0.244928,0.310375
phi_V20_EHIGH_z1.5_p0.5_s0,3,pop_category,0.304215,0.273833,0.336268
phi_V20_EHIGH_z1.5_p0.5_s0,3,pop_price,0.309322,0.277347,0.338939
phi_V20_EHIGH_z1.5_p0.5_s0,3,content_knn_1,0.133787,0.113274,0.155255
phi_V20_EHIGH_z1.5_p0.5_s0,3,content_knn_3,0.124794,0.103618,0.147520
phi_V20_EHIGH_z1.5_p0.5_s0,3,content_knn_5,0.124491,0.102821,0.146479
phi_V20_EHIGH_z1.5_p0.5_s0,3,last_item_nbhd,0.116590,0.097028,0.136551
phi_V20_EHIGH_z1.5_p0.5_s0,3,pop_scaled_content,0.292207,0.264607,0.323365
phi_V20_EHIGH_z1.5_p0.5_s0,3,co_purchase,0.057417,0.042159,0.072941
phi_V20_EHIGH_z1.5_p0.5_s0,3,lambda_hybrid_0.25,0.303286,0.272681,0.335267
phi_V20_EHIGH_z1.5_p0.5_s0,3,lambda_hybrid_0.5,0.272630,0.241897,0.303390
phi_V20_EHIGH_z1.5_p0.5_s0,3,lambda_hybrid_0.75,0.175764,0.151520,0.200956
phi_V20_EHIGH_z1.5_p0.5_s0,5,pop_global,0.272758,0.239233,0.304325
phi_V20_EHIGH_z1.5_p0.5_s0,5,recency_pop_0.1,0.239424,0.209466,0.272317
phi_V20_EHIGH_z1.5_p0.5_s0,5,recency_pop_0.5,0.236792,0.206218,0.269153
phi_V20_EHIGH_z1.5_p0.5_s0,5,recency_pop_1.0,0.248453,0.215417,0.280245
phi_V20_EHIGH_z1.5_p0.5_s0,5,pop_category,0.249749,0.216848,0.284115
phi_V20_EHIGH_z1.5_p0.5_s0,5,pop_price,0.251156,0.221122,0.284409
phi_V20_EHIGH_z1.5_p0.5_s0,5,content_knn_1,0.098021,0.079323,0.117897
phi_V20_EHIGH_z1.5_p0.5_s0,5,content_knn_3,0.097348,0.077478,0.117355
phi_V20_EHIGH_z1.5_p0.5_s0,5,content_knn_5,0.112342,0.091080,0.134751
phi_V20_EHIGH_z1.5_p0.5_s0,5,last_item_nbhd,0.102223,0.082979,0.121945
phi_V20_EHIGH_z1.5_p0.5_s0,5,pop_scaled_content,0.261469,0.229606,0.292105
phi_V20_EHIGH_z1.5_p0.5_s0,5,co_purchase,0.029666,0.019792,0.041688
phi_V20_EHIGH_z1.5_p0.5_s0,5,lambda_hybrid_0.25,0.254465,0.223849,0.288994
phi_V20_EHIGH_z1.5_p0.5_s0,5,lambda_hybrid_0.5,0.216895,0.188106,0.248970
phi_V20_EHIGH_z1.5_p0.5_s0,5,lambda_hybrid_0.75,0.149820,0.127454,0.173429
phi_V20_EHIGH_z1.5_p0.5_s0,8,pop_global,0.168876,0.134397,0.202085
phi_V20_EHIGH_z1.5_p0.5_s0,8,recency_pop_0.1,0.175595,0.139355,0.210856
phi_V20_EHIGH_z1.5_p0.5_s0,8,recency_pop_0.5,0.162848,0.132193,0.196277
phi_V20_EHIGH_z1.5_p0.5_s0,8,recency_pop_1.0,0.171091,0.139315,0.204391
phi_V20_EHIGH_z1.5_p0.5_s0,8,pop_category,0.161530,0.129145,0.195345
phi_V20_EHIGH_z1.5_p0.5_s0,8,pop_price,0.163044,0.130202,0.194568
phi_V20_EHIGH_z1.5_p0.5_s0,8,content_knn_1,0.067356,0.047951,0.087337
phi_V20_EHIGH_z1.5_p0.5_s0,8,content_knn_3,0.067931,0.047880,0.088694
phi_V20_EHIGH_z1.5_p0.5_s0,8,content_knn_5,0.074396,0.053939,0.098530
phi_V20_EHIGH_z1.5_p0.5_s0,8,last_item_nbhd,0.058607,0.039497,0.078975
phi_V20_EHIGH_z1.5_p0.5_s0,8,pop_scaled_content,0.171627,0.139997,0.205786
phi_V20_EHIGH_z1.5_p0.5_s0,8,co_purchase,0.009619,0.002931,0.018263
phi_V20_EHIGH_z1.5_p0.5_s0,8,lambda_hybrid_0.25,0.168761,0.136812,0.203317
phi_V20_EHIGH_z1.5_p0.5_s0,8,lambda_hybrid_0.5,0.123748,0.093872,0.153315
phi_V20_EHIGH_z1.5_p0.5_s0,8,lambda_hybrid_0.75,0.080117,0.059587,0.102236
phi_V20_EHIGH_z1.5_p0.5_s1,0,pop_global,0.297746,0.270464,0.327791
phi_V20_EHIGH_z1.5_p0.5_s1,0,recency_pop_0.1,0.165252,0.139844,0.192492
phi_V20_EHIGH_z1.5_p0.5_s1,0,recency_pop_0.5,0.168943,0.142756,0.194670
phi_V20_EHIGH_z1.5_p0.5_s1,0,recency_pop_1.0,0.168943,0.141970,0.197400
phi_V20_EHIGH_z1.5_p0.5_s1,0,pop_category,0.272721,0.243739,0.302090
phi_V20_EHIGH_z1.5_p0.5_s1,0,pop_price,0.299972,0.270326,0.329615
phi_V20_EHIGH_z1.5_p0.5_s1,0,lambda_hybrid_0.25,0.297746,0.268038,0.325893
phi_V20_EHIGH_z1.5_p0.5_s1,0,lambda_hybrid_0.5,0.297746,0.268829,0.327498
phi_V20_EHIGH_z1.5_p0.5_s1,0,lambda_hybrid_0.75,0.297746,0.268146,0.326117
phi_V20_EHIGH_z1.5_p0.5_s1,0,active_elic2,0.272721,0.242117,0.302406
phi_V20_EHIGH_z1.5_p0.5_s1,1,pop_global,0.261014,0.234048,0.289837
phi_V20_EHIGH_z1.5_p0.5_s1,1,recency_pop_0.1,0.157384,0.135563,0.180608
phi_V20_EHIGH_z1.5_p0.5_s1,1,recency_pop_0.5,0.179146,0.153676,0.206177
phi_V20_EHIGH_z1.5_p0.5_s1,1,recency_pop_1.0,0.179146,0.153005,0.205301
phi_V20_EHIGH_z1.5_p0.5_s1,1,pop_category,0.246920,0.217142,0.275811
phi_V20_EHIGH_z1.5_p0.5_s1,1,pop_price,0.269536,0.240947,0.300339
phi_V20_EHIGH_z1.5_p0.5_s1,1,content_knn_1,0.146849,0.124988,0.168544
phi_V20_EHIGH_z1.5_p0.5_s1,1,content_knn_3,0.136914,0.117349,0.157925
phi_V20_EHIGH_z1.5_p0.5_s1,1,content_knn_5,0.136520,0.114792,0.158711
phi_V20_EHIGH_z1.5_p0.5_s1,1,last_item_nbhd,0.142222,0.120694,0.164952
phi_V20_EHIGH_z1.5_p0.5_s1,1,pop_scaled_content,0.231128,0.203622,0.259428
phi_V20_EHIGH_z1.5_p0.5_s1,1,co_purchase,0.147044,0.123093,0.168795
phi_V20_EHIGH_z1.5_p0.5_s1,1,lambda_hybrid_0.25,0.246111,0.218168,0.276822
phi_V20_EHIGH_z1.5_p0.5_s1,1,lambda_hybrid_0.5,0.231820,0.201737,0.263285
phi_V20_EHIGH_z1.5_p0.5_s1,1,lambda_hybrid_0.75,0.176284,0.151849,0.200808
phi_V20_EHIGH_z1.5_p0.5_s1,2,pop_global,0.280986,0.250910,0.312682
phi_V20_EHIGH_z1.5_p0.5_s1,2,recency_pop_0.1,0.155943,0.134755,0.179096
phi_V20_EHIGH_z1.5_p0.5_s1,2,recency_pop_0.5,0.160951,0.135613,0.183950
phi_V20_EHIGH_z1.5_p0.5_s1,2,recency_pop_1.0,0.160951,0.136820,0.182860
phi_V20_EHIGH_z1.5_p0.5_s1,2,pop_category,0.251944,0.224003,0.282352
phi_V20_EHIGH_z1.5_p0.5_s1,2,pop_price,0.277002,0.247858,0.305459
phi_V20_EHIGH_z1.5_p0.5_s1,2,content_knn_1,0.147958,0.124957,0.172282
phi_V20_EHIGH_z1.5_p0.5_s1,2,content_knn_3,0.151630,0.129240,0.172879
phi_V20_EHIGH_z1.5_p0.5_s1,2,content_knn_5,0.178221,0.153750,0.201380
phi_V20_EHIGH_z1.5_p0.5_s1,2,last_item_nbhd,0.152832,0.131140,0.175293
phi_V20_EHIGH_z1.5_p0.5_s1,2,pop_scaled_content,0.260929,0.232315,0.289965
phi_V20_EHIGH_z1.5_p0.5_s1,2,co_purchase,0.097321,0.079843,0.116101
phi_V20_EHIGH_z1.5_p0.5_s1,2,lambda_hybrid_0.25,0.277342,0.248679,0.308218
phi_V20_EHIGH_z1.5_p0.5_s1,2,lambda_hybrid_0.5,0.252287,0.222723,0.281002
phi_V20_EHIGH_z1.5_p0.5_s1,2,lambda_hybrid_0.75,0.202235,0.175375,0.228608
phi_V20_EHIGH_z1.5_p0.5_s1,3,pop_global,0.288706,0.258543,0.318038
phi_V20_EHIGH_z1.5_p0.5_s1,3,recency_pop_0.1,0.209671,0.178812,0.237642
phi_V20_EHIGH_z1.5_p0.5_s1,3,recency_pop_0.5,0.217442,0.189614,0.246139
phi_V20_EHIGH_z1.5_p0.5_s1,3,recency_pop_1.0,0.221224,0.195560,0.250225
phi_V20_EHIGH_z1.5_p0.5_s1,3,pop_category,0.238682,0.208825,0.267675
phi_V20_EHIGH_z1.5_p0.5_s1,3,pop_price,0.273883,0.245831,0.304231
phi_V20_EHIGH_z1.5_p0.5_s1,3,content_knn_1,0.185872,0.160222,0.212264
phi_V20_EHIGH_z1.5_p0.5_s1,3,content_knn_3,0.200990,0.177395,0.228076
phi_V20_EHIGH_z1.5_p0.5_s1,3,content_knn_5,0.204508,0.178282,0.231521
phi_V20_EHIGH_z1.5_p0.5_s1,3,last_item_nbhd,0.197789,0.172911,0.224402
phi_V20_EHIGH_z1.5_p0.5_s1,3,pop_scaled_content,0.263710,0.235678,0.294030
phi_V20_EHIGH_z1.5_p0.5_s1,3,co_purchase,0.111398,0.091673,0.132760
phi_V20_EHIGH_z1.5_p0.5_s1,3,lambda_hybrid_0.25,0.278068,0.248415,0.307093
phi_V20_EHIGH_z1.5_p0.5_s1,3,lambda_hybrid_0.5,0.257145,0.229311,0.288615
phi_V20_EHIGH_z1.5_p0.5_s1,3,lambda_hybrid_0.75,0.248108,0.219810,0.276333
phi_V20_EHIGH_z1.5_p0.5_s1,5,pop_global,0.240084,0.211813,0.269901
phi_V20_EHIGH_z1.5_p0.5_s1,5,recency_pop_0.1,0.234872,0.203689,0.265434
phi_V20_EHIGH_z1.5_p0.5_s1,5,recency_pop_0.5,0.231413,0.200440,0.263139
phi_V20_EHIGH_z1.5_p0.5_s1,5,recency_pop_1.0,0.232351,0.202379,0.265057
phi_V20_EHIGH_z1.5_p0.5_s1,5,pop_category,0.217697,0.186144,0.246579
phi_V20_EHIGH_z1.5_p0.5_s1,5,pop_price,0.227894,0.197431,0.256977
phi_V20_EHIGH_z1.5_p0.5_s1,5,content_knn_1,0.184942,0.160571,0.210679
phi_V20_EHIGH_z1.5_p0.5_s1,5,content_knn_3,0.184803,0.159356,0.215010
phi_V20_EHIGH_z1.5_p0.5_s1,5,content_knn_5,0.191361,0.163863,0.219262
phi_V20_EHIGH_z1.5_p0.5_s1,5,last_item_nbhd,0.190179,0.163723,0.215841
phi_V20_EHIGH_z1.5_p0.5_s1,5,pop_scaled_content,0.228382,0.202171,0.257371
phi_V20_EHIGH_z1.5_p0.5_s1,5,co_purchase,0.109702,0.089655,0.131333
phi_V20_EHIGH_z1.5_p0.5_s1,5,lambda_hybrid_0.25,0.236443,0.206330,0.266668
phi_V20_EHIGH_z1.5_p0.5_s1,5,lambda_hybrid_0.5,0.220076,0.191211,0.248274
phi_V20_EHIGH_z1.5_p0.5_s1,5,lambda_hybrid_0.75,0.202899,0.174183,0.229424
phi_V20_EHIGH_z1.5_p0.5_s1,8,pop_global,0.224365,0.190675,0.259180
phi_V20_EHIGH_z1.5_p0.5_s1,8,recency_pop_0.1,0.236348,0.203298,0.274052
phi_V20_EHIGH_z1.5_p0.5_s1,8,recency_pop_0.5,0.229927,0.194365,0.266557
phi_V20_EHIGH_z1.5_p0.5_s1,8,recency_pop_1.0,0.226018,0.190761,0.265968
phi_V20_EHIGH_z1.5_p0.5_s1,8,pop_category,0.168302,0.137315,0.201454
phi_V20_EHIGH_z1.5_p0.5_s1,8,pop_price,0.205014,0.171929,0.236919
phi_V20_EHIGH_z1.5_p0.5_s1,8,content_knn_1,0.164842,0.134658,0.194415
phi_V20_EHIGH_z1.5_p0.5_s1,8,content_knn_3,0.158860,0.129476,0.189480
phi_V20_EHIGH_z1.5_p0.5_s1,8,content_knn_5,0.178101,0.149725,0.211326
phi_V20_EHIGH_z1.5_p0.5_s1,8,last_item_nbhd,0.157318,0.127966,0.184826
phi_V20_EHIGH_z1.5_p0.5_s1,8,pop_scaled_content,0.216421,0.182098,0.250174
phi_V20_EHIGH_z1.5_p0.5_s1,8,co_purchase,0.046586,0.030859,0.063753
phi_V20_EHIGH_z1.5_p0.5_s1,8,lambda_hybrid_0.25,0.229601,0.196243,0.268280
phi_V20_EHIGH_z1.5_p0.5_s1,8,lambda_hybrid_0.5,0.210532,0.176910,0.244079
phi_V20_EHIGH_z1.5_p0.5_s1,8,lambda_hybrid_0.75,0.192209,0.158788,0.227925
phi_V20_EHIGH_z1.5_p0.5_s2,0,pop_global,0.238654,0.215603,0.263068
phi_V20_EHIGH_z1.5_p0.5_s2,0,recency_pop_0.1,0.135574,0.115667,0.156185
phi_V20_EHIGH_z1.5_p0.5_s2,0,recency_pop_0.5,0.136920,0.115308,0.158301
phi_V20_EHIGH_z1.5_p0.5_s2,0,recency_pop_1.0,0.136920,0.115922,0.158153
phi_V20_EHIGH_z1.5_p0.5_s2,0,pop_category,0.235670,0.212112,0.260136
phi_V20_EHIGH_z1.5_p0.5_s2,0,pop_price,0.215537,0.193410,0.239357
phi_V20_EHIGH_z1.5_p0.5_s2,0,lambda_hybrid_0.25,0.238654,0.214797,0.260815
phi_V20_EHIGH_z1.5_p0.5_s2,0,lambda_hybrid_0.5,0.238654,0.214586,0.262030
phi_V20_EHIGH_z1.5_p0.5_s2,0,lambda_hybrid_0.75,0.238654,0.215596,0.261850
phi_V20_EHIGH_z1.5_p0.5_s2,0,active_elic2,0.149950,0.129809,0.171951
phi_V20_EHIGH_z1.5_p0.5_s2,1,pop_global,0.230285,0.204307,0.255868
phi_V20_EHIGH_z1.5_p0.5_s2,1,recency_pop_0.1,0.164211,0.140446,0.188679
phi_V20_EHIGH_z1.5_p0.5_s2,1,recency_pop_0.5,0.175067,0.149430,0.201278
phi_V20_EHIGH_z1.5_p0.5_s2,1,recency_pop_1.0,0.175871,0.152180,0.199236
phi_V20_EHIGH_z1.5_p0.5_s2,1,pop_category,0.246926,0.220849,0.272750
phi_V20_EHIGH_z1.5_p0.5_s2,1,pop_price,0.229055,0.204003,0.255574
phi_V20_EHIGH_z1.5_p0.5_s2,1,content_knn_1,0.137079,0.114813,0.159857
phi_V20_EHIGH_z1.5_p0.5_s2,1,content_knn_3,0.131319,0.111833,0.151954
phi_V20_EHIGH_z1.5_p0.5_s2,1,content_knn_5,0.126102,0.107158,0.147979
phi_V20_EHIGH_z1.5_p0.5_s2,1,last_item_nbhd,0.137584,0.116580,0.161347
phi_V20_EHIGH_z1.5_p0.5_s2,1,pop_scaled_content,0.225407,0.200755,0.250781
phi_V20_EHIGH_z1.5_p0.5_s2,1,co_purchase,0.103779,0.085336,0.120663
phi_V20_EHIGH_z1.5_p0.5_s2,1,lambda_hybrid_0.25,0.243848,0.218869,0.270776
phi_V20_EHIGH_z1.5_p0.5_s2,1,lambda_hybrid_0.5,0.225605,0.201284,0.251628
phi_V20_EHIGH_z1.5_p0.5_s2,1,lambda_hybrid_0.75,0.167178,0.144122,0.192726
phi_V20_EHIGH_z1.5_p0.5_s2,2,pop_global,0.251854,0.221728,0.278658
phi_V20_EHIGH_z1.5_p0.5_s2,2,recency_pop_0.1,0.187467,0.161777,0.212669
phi_V20_EHIGH_z1.5_p0.5_s2,2,recency_pop_0.5,0.202709,0.175593,0.230037
phi_V20_EHIGH_z1.5_p0.5_s2,2,recency_pop_1.0,0.205659,0.178586,0.234146
phi_V20_EHIGH_z1.5_p0.5_s2,2,pop_category,0.268156,0.239258,0.297297
phi_V20_EHIGH_z1.5_p0.5_s2,2,pop_price,0.241435,0.215932,0.270785
phi_V20_EHIGH_z1.5_p0.5_s2,2,content_knn_1,0.105372,0.087433,0.122500
phi_V20_EHIGH_z1.5_p0.5_s2,2,content_knn_3,0.113110,0.093482,0.132373
phi_V20_EHIGH_z1.5_p0.5_s2,2,content_knn_5,0.115900,0.095403,0.136514
phi_V20_EHIGH_z1.5_p0.5_s2,2,last_item_nbhd,0.105880,0.085968,0.126380
phi_V20_EHIGH_z1.5_p0.5_s2,2,pop_scaled_content,0.248478,0.222184,0.276142
phi_V20_EHIGH_z1.5_p0.5_s2,2,co_purchase,0.085267,0.068927,0.103197
phi_V20_EHIGH_z1.5_p0.5_s2,2,lambda_hybrid_0.25,0.265045,0.235954,0.293307
phi_V20_EHIGH_z1.5_p0.5_s2,2,lambda_hybrid_0.5,0.222735,0.195726,0.247743
phi_V20_EHIGH_z1.5_p0.5_s2,2,lambda_hybrid_0.75,0.137793,0.115937,0.160497
phi_V20_EHIGH_z1.5_p0.5_s2,3,pop_global,0.283425,0.254387,0.313975
phi_V20_EHIGH_z1.5_p0.5_s2,3,recency_pop_0.1,0.254746,0.227080,0.283399
phi_V20_EHIGH_z1.5_p0.5_s2,3,recency_pop_0.5,0.266262,0.235993,0.297014
phi_V20_EHIGH_z1.5_p0.5_s2,3,recency_pop_1.0,0.268080,0.237657,0.299121
phi_V20_EHIGH_z1.5_p0.5_s2,3,pop_category,0.285132,0.253799,0.314405
phi_V20_EHIGH_z1.5_p0.5_s2,3,pop_price,0.274055,0.245352,0.302376
phi_V20_EHIGH_z1.5_p0.5_s2,3,content_knn_1,0.106660,0.086253,0.125995
phi_V20_EHIGH_z1.5_p0.5_s2,3,content_knn_3,0.104194,0.085970,0.122416
phi_V20_EHIGH_z1.5_p0.5_s2,3,content_knn_5,0.116879,0.094541,0.137749
phi_V20_EHIGH_z1.5_p0.5_s2,3,last_item_nbhd,0.094551,0.077785,0.112473
phi_V20_EHIGH_z1.5_p0.5_s2,3,pop_scaled_content,0.264113,0.234516,0.293059
phi_V20_EHIGH_z1.5_p0.5_s2,3,co_purchase,0.060561,0.047471,0.075295
phi_V20_EHIGH_z1.5_p0.5_s2,3,lambda_hybrid_0.25,0.281585,0.252585,0.309883
phi_V20_EHIGH_z1.5_p0.5_s2,3,lambda_hybrid_0.5,0.243636,0.214610,0.272466
phi_V20_EHIGH_z1.5_p0.5_s2,3,lambda_hybrid_0.75,0.147994,0.124903,0.170252
phi_V20_EHIGH_z1.5_p0.5_s2,5,pop_global,0.293421,0.262099,0.325182
phi_V20_EHIGH_z1.5_p0.5_s2,5,recency_pop_0.1,0.294828,0.262271,0.328352
phi_V20_EHIGH_z1.5_p0.5_s2,5,recency_pop_0.5,0.298661,0.269319,0.329683
phi_V20_EHIGH_z1.5_p0.5_s2,5,recency_pop_1.0,0.298185,0.265781,0.330560
phi_V20_EHIGH_z1.5_p0.5_s2,5,pop_category,0.292144,0.256470,0.324677
phi_V20_EHIGH_z1.5_p0.5_s2,5,pop_price,0.303989,0.271235,0.337228
phi_V20_EHIGH_z1.5_p0.5_s2,5,content_knn_1,0.088654,0.072017,0.107480
phi_V20_EHIGH_z1.5_p0.5_s2,5,content_knn_3,0.077190,0.060403,0.094925
phi_V20_EHIGH_z1.5_p0.5_s2,5,content_knn_5,0.085802,0.066902,0.104858
phi_V20_EHIGH_z1.5_p0.5_s2,5,last_item_nbhd,0.071629,0.056753,0.088617
phi_V20_EHIGH_z1.5_p0.5_s2,5,pop_scaled_content,0.284182,0.252434,0.315538
phi_V20_EHIGH_z1.5_p0.5_s2,5,co_purchase,0.040328,0.029242,0.051828
phi_V20_EHIGH_z1.5_p0.5_s2,5,lambda_hybrid_0.25,0.290341,0.259429,0.325142
phi_V20_EHIGH_z1.5_p0.5_s2,5,lambda_hybrid_0.5,0.261700,0.226537,0.294125
phi_V20_EHIGH_z1.5_p0.5_s2,5,lambda_hybrid_0.75,0.135434,0.113911,0.157006
phi_V20_EHIGH_z1.5_p0.5_s2,8,pop_global,0.171050,0.139077,0.204801
phi_V20_EHIGH_z1.5_p0.5_s2,8,recency_pop_0.1,0.194299,0.161251,0.230745
phi_V20_EHIGH_z1.5_p0.5_s2,8,recency_pop_0.5,0.195291,0.162583,0.232040
phi_V20_EHIGH_z1.5_p0.5_s2,8,recency_pop_1.0,0.192534,0.158805,0.229134
phi_V20_EHIGH_z1.5_p0.5_s2,8,pop_category,0.178920,0.145932,0.212180
phi_V20_EHIGH_z1.5_p0.5_s2,8,pop_price,0.189378,0.156416,0.224911
phi_V20_EHIGH_z1.5_p0.5_s2,8,content_knn_1,0.078878,0.057615,0.102207
phi_V20_EHIGH_z1.5_p0.5_s2,8,content_knn_3,0.090477,0.068984,0.115176
phi_V20_EHIGH_z1.5_p0.5_s2,8,content_knn_5,0.098119,0.072558,0.124062
phi_V20_EHIGH_z1.5_p0.5_s2,8,last_item_nbhd,0.075225,0.055053,0.094902
phi_V20_EHIGH_z1.5_p0.5_s2,8,pop_scaled_content,0.195814,0.162911,0.233152
phi_V20_EHIGH_z1.5_p0.5_s2,8,co_purchase,0.025336,0.013665,0.038021
phi_V20_EHIGH_z1.5_p0.5_s2,8,lambda_hybrid_0.25,0.188366,0.155009,0.222842
phi_V20_EHIGH_z1.5_p0.5_s2,8,lambda_hybrid_0.5,0.164031,0.131869,0.201134
phi_V20_EHIGH_z1.5_p0.5_s2,8,lambda_hybrid_0.75,0.109617,0.085383,0.134314
phi_V20_EHIGH_z1.5_p0_s0,0,pop_global,0.249627,0.223578,0.278346
phi_V20_EHIGH_z1.5_p0_s0,0,recency_pop_0.1,0.148528,0.128450,0.170238
phi_V20_EHIGH_z1.5_p0_s0,0,recency_pop_0.5,0.149414,0.128278,0.171525
phi_V20_EHIGH_z1.5_p0_s0,0,recency_pop_1.0,0.149414,0.129754,0.170940
phi_V20_EHIGH_z1.5_p0_s0,0,pop_category,0.187143,0.161920,0.215502
phi_V20_EHIGH_z1.5_p0_s0,0,pop_price,0.239867,0.211690,0.268865
phi_V20_EHIGH_z1.5_p0_s0,0,lambda_hybrid_0.25,0.249627,0.224087,0.277296
phi_V20_EHIGH_z1.5_p0_s0,0,lambda_hybrid_0.5,0.249627,0.222911,0.277849
phi_V20_EHIGH_z1.5_p0_s0,0,lambda_hybrid_0.75,0.249627,0.224482,0.276532
phi_V20_EHIGH_z1.5_p0_s0,0,active_elic2,0.187143,0.161561,0.213693
phi_V20_EHIGH_z1.5_p0_s0,1,pop_global,0.320051,0.290778,0.350120
phi_V20_EHIGH_z1.5_p0_s0,1,recency_pop_0.1,0.195521,0.170015,0.221900
phi_V20_EHIGH_z1.5_p0_s0,1,recency_pop_0.5,0.212324,0.186621,0.239789
phi_V20_EHIGH_z1.5_p0_s0,1,recency_pop_1.0,0.213555,0.186628,0.239443
phi_V20_EHIGH_z1.5_p0_s0,1,pop_category,0.254197,0.226010,0.284680
phi_V20_EHIGH_z1.5_p0_s0,1,pop_price,0.295181,0.267185,0.326495
phi_V20_EHIGH_z1.5_p0_s0,1,content_knn_1,0.143576,0.121587,0.165135
phi_V20_EHIGH_z1.5_p0_s0,1,content_knn_3,0.122563,0.102112,0.144012
phi_V20_EHIGH_z1.5_p0_s0,1,content_knn_5,0.138949,0.119468,0.158750
phi_V20_EHIGH_z1.5_p0_s0,1,last_item_nbhd,0.147059,0.127068,0.168676
phi_V20_EHIGH_z1.5_p0_s0,1,pop_scaled_content,0.247344,0.219891,0.277578
phi_V20_EHIGH_z1.5_p0_s0,1,co_purchase,0.114856,0.093902,0.133545
phi_V20_EHIGH_z1.5_p0_s0,1,lambda_hybrid_0.25,0.271990,0.242821,0.300416
phi_V20_EHIGH_z1.5_p0_s0,1,lambda_hybrid_0.5,0.258542,0.229255,0.287499
phi_V20_EHIGH_z1.5_p0_s0,1,lambda_hybrid_0.75,0.207221,0.182408,0.234098
phi_V20_EHIGH_z1.5_p0_s0,2,pop_global,0.346783,0.313615,0.380584
phi_V20_EHIGH_z1.5_p0_s0,2,recency_pop_0.1,0.266002,0.236927,0.298105
phi_V20_EHIGH_z1.5_p0_s0,2,recency_pop_0.5,0.285675,0.255010,0.318679
phi_V20_EHIGH_z1.5_p0_s0,2,recency_pop_1.0,0.288135,0.255729,0.319267
phi_V20_EHIGH_z1.5_p0_s0,2,pop_category,0.322799,0.290982,0.355046
phi_V20_EHIGH_z1.5_p0_s0,2,pop_price,0.334450,0.301618,0.366158
phi_V20_EHIGH_z1.5_p0_s0,2,content_knn_1,0.121714,0.102411,0.142075
phi_V20_EHIGH_z1.5_p0_s0,2,content_knn_3,0.134010,0.111811,0.156390
phi_V20_EHIGH_z1.5_p0_s0,2,content_knn_5,0.140191,0.119315,0.164557
phi_V20_EHIGH_z1.5_p0_s0,2,last_item_nbhd,0.127722,0.107133,0.148876
phi_V20_EHIGH_z1.5_p0_s0,2,pop_scaled_content,0.305784,0.276805,0.336906
phi_V20_EHIGH_z1.5_p0_s0,2,co_purchase,0.079690,0.061942,0.097637
phi_V20_EHIGH_z1.5_p0_s0,2,lambda_hybrid_0.25,0.330451,0.297102,0.363282
phi_V20_EHIGH_z1.5_p0_s0,2,lambda_hybrid_0.5,0.292654,0.260894,0.325558
phi_V20_EHIGH_z1.5_p0_s0,2,lambda_hybrid_0.75,0.180785,0.156778,0.205514
phi_V20_EHIGH_z1.5_p0_s0,3,pop_global,0.365201,0.330948,0.399630
phi_V20_EHIGH_z1.5_p0_s0,3,recency_pop_0.1,0.306782,0.271539,0.338225
phi_V20_EHIGH_z1.5_p0_s0,3,recency_pop_0.5,0.314609,0.281530,0.349962
phi_V20_EHIGH_z1.5_p0_s0,3,recency_pop_1.0,0.315231,0.281425,0.349632
phi_V20_EHIGH_z1.5_p0_s0,3,pop_category,0.348289,0.312959,0.380644
phi_V20_EHIGH_z1.5_p0_s0,3,pop_price,0.337985,0.305261,0.370346
phi_V20_EHIGH_z1.5_p0_s0,3,content_knn_1,0.124206,0.101471,0.147494
phi_V20_EHIGH_z1.5_p0_s0,3,content_knn_3,0.130771,0.112141,0.154268
phi_V20_EHIGH_z1.5_p0_s0,3,content_knn_5,0.134175,0.111471,0.156739
phi_V20_EHIGH_z1.5_p0_s0,3,last_item_nbhd,0.132127,0.110252,0.153650
phi_V20_EHIGH_z1.5_p0_s0,3,pop_scaled_content,0.329250,0.299650,0.361467
phi_V20_EHIGH_z1.5_p0_s0,3,co_purchase,0.060779,0.045807,0.076114
phi_V20_EHIGH_z1.5_p0_s0,3,lambda_hybrid_0.25,0.342181,0.308848,0.378475
phi_V20_EHIGH_z1.5_p0_s0,3,lambda_hybrid_0.5,0.312830,0.278891,0.344277
phi_V20_EHIGH_z1.5_p0_s0,3,lambda_hybrid_0.75,0.196610,0.170173,0.222302
phi_V20_EHIGH_z1.5_p0_s0,5,pop_global,0.288783,0.254584,0.322830
phi_V20_EHIGH_z1.5_p0_s0,5,recency_pop_0.1,0.271096,0.235770,0.303157
phi_V20_EHIGH_z1.5_p0_s0,5,recency_pop_0.5,0.276200,0.242181,0.311789
phi_V20_EHIGH_z1.5_p0_s0,5,recency_pop_1.0,0.276402,0.241891,0.309300
phi_V20_EHIGH_z1.5_p0_s0,5,pop_category,0.272459,0.239182,0.307607
phi_V20_EHIGH_z1.5_p0_s0,5,pop_price,0.254204,0.224366,0.284360
phi_V20_EHIGH_z1.5_p0_s0,5,content_knn_1,0.106935,0.087864,0.129374
phi_V20_EHIGH_z1.5_p0_s0,5,content_knn_3,0.105984,0.085519,0.126777
phi_V20_EHIGH_z1.5_p0_s0,5,content_knn_5,0.123459,0.100612,0.146317
phi_V20_EHIGH_z1.5_p0_s0,5,last_item_nbhd,0.095032,0.077547,0.115368
phi_V20_EHIGH_z1.5_p0_s0,5,pop_scaled_content,0.274587,0.241866,0.307318
phi_V20_EHIGH_z1.5_p0_s0,5,co_purchase,0.023785,0.014489,0.034774
phi_V20_EHIGH_z1.5_p0_s0,5,lambda_hybrid_0.25,0.266472,0.232546,0.303088
phi_V20_EHIGH_z1.5_p0_s0,5,lambda_hybrid_0.5,0.218871,0.189026,0.252155
phi_V20_EHIGH_z1.5_p0_s0,5,lambda_hybrid_0.75,0.147736,0.122257,0.173977
phi_V20_EHIGH_z1.5_p0_s0,8,pop_global,0.174835,0.141089,0.212903
phi_V20_EHIGH_z1.5_p0_s0,8,recency_pop_0.1,0.175846,0.140693,0.209424
phi_V20_EHIGH_z1.5_p0_s0,8,recency_pop_0.5,0.175490,0.139960,0.208296
phi_V20_EHIGH_z1.5_p0_s0,8,recency_pop_1.0,0.175471,0.140892,0.208204
phi_V20_EHIGH_z1.5_p0_s0,8,pop_category,0.163905,0.130957,0.200690
phi_V20_EHIGH_z1.5_p0_s0,8,pop_price,0.131123,0.103747,0.157525
phi_V20_EHIGH_z1.5_p0_s0,8,content_knn_1,0.058031,0.039001,0.077231
phi_V20_EHIGH_z1.5_p0_s0,8,content_knn_3,0.060786,0.042328,0.080641
phi_V20_EHIGH_z1.5_p0_s0,8,content_knn_5,0.067410,0.047962,0.089618
phi_V20_EHIGH_z1.5_p0_s0,8,last_item_nbhd,0.044163,0.029873,0.060542
phi_V20_EHIGH_z1.5_p0_s0,8,pop_scaled_content,0.166878,0.133888,0.200230
phi_V20_EHIGH_z1.5_p0_s0,8,co_purchase,0.004590,0.000000,0.011247
phi_V20_EHIGH_z1.5_p0_s0,8,lambda_hybrid_0.25,0.158274,0.125764,0.192894
phi_V20_EHIGH_z1.5_p0_s0,8,lambda_hybrid_0.5,0.105293,0.079919,0.133218
phi_V20_EHIGH_z1.5_p0_s0,8,lambda_hybrid_0.75,0.071570,0.051385,0.092323
phi_V20_EHIGH_z1.5_p0_s1,0,pop_global,0.304192,0.273667,0.332560
phi_V20_EHIGH_z1.5_p0_s1,0,recency_pop_0.1,0.154880,0.129724,0.181694
phi_V20_EHIGH_z1.5_p0_s1,0,recency_pop_0.5,0.154880,0.129922,0.179208
phi_V20_EHIGH_z1.5_p0_s1,0,recency_pop_1.0,0.159186,0.134493,0.187923
phi_V20_EHIGH_z1.5_p0_s1,0,pop_category,0.257835,0.226695,0.288964
phi_V20_EHIGH_z1.5_p0_s1,0,pop_price,0.306790,0.278765,0.335651
phi_V20_EHIGH_z1.5_p0_s1,0,lambda_hybrid_0.25,0.304192,0.274961,0.335222
phi_V20_EHIGH_z1.5_p0_s1,0,lambda_hybrid_0.5,0.304192,0.275651,0.334355
phi_V20_EHIGH_z1.5_p0_s1,0,lambda_hybrid_0.75,0.304192,0.277141,0.333066
phi_V20_EHIGH_z1.5_p0_s1,0,active_elic2,0.257835,0.227367,0.288532
phi_V20_EHIGH_z1.5_p0_s1,1,pop_global,0.259898,0.233275,0.286578
phi_V20_EHIGH_z1.5_p0_s1,1,recency_pop_0.1,0.144919,0.123365,0.167891
phi_V20_EHIGH_z1.5_p0_s1,1,recency_pop_0.5,0.148152,0.125253,0.171805
phi_V20_EHIGH_z1.5_p0_s1,1,recency_pop_1.0,0.161068,0.136616,0.184974
phi_V20_EHIGH_z1.5_p0_s1,1,pop_category,0.224831,0.195091,0.255655
phi_V20_EHIGH_z1.5_p0_s1,1,pop_price,0.268559,0.241082,0.300415
phi_V20_EHIGH_z1.5_p0_s1,1,content_knn_1,0.153681,0.130874,0.177486
phi_V20_EHIGH_z1.5_p0_s1,1,content_knn_3,0.149509,0.127302,0.172214
phi_V20_EHIGH_z1.5_p0_s1,1,content_knn_5,0.145182,0.123602,0.168368
phi_V20_EHIGH_z1.5_p0_s1,1,last_item_nbhd,0.151177,0.128250,0.174026
phi_V20_EHIGH_z1.5_p0_s1,1,pop_scaled_content,0.215596,0.188391,0.243541
phi_V20_EHIGH_z1.5_p0_s1,1,co_purchase,0.120926,0.102322,0.140777
phi_V20_EHIGH_z1.5_p0_s1,1,lambda_hybrid_0.25,0.235089,0.209838,0.262749
phi_V20_EHIGH_z1.5_p0_s1,1,lambda_hybrid_0.5,0.212487,0.185067,0.240625
phi_V20_EHIGH_z1.5_p0_s1,1,lambda_hybrid_0.75,0.181221,0.156706,0.206294
phi_V20_EHIGH_z1.5_p0_s1,2,pop_global,0.300838,0.270939,0.330819
phi_V20_EHIGH_z1.5_p0_s1,2,recency_pop_0.1,0.156206,0.132606,0.177750
phi_V20_EHIGH_z1.5_p0_s1,2,recency_pop_0.5,0.161694,0.137342,0.188007
phi_V20_EHIGH_z1.5_p0_s1,2,recency_pop_1.0,0.167026,0.141313,0.192585
phi_V20_EHIGH_z1.5_p0_s1,2,pop_category,0.251819,0.222224,0.282112
phi_V20_EHIGH_z1.5_p0_s1,2,pop_price,0.291276,0.262022,0.319259
phi_V20_EHIGH_z1.5_p0_s1,2,content_knn_1,0.165400,0.140964,0.188268
phi_V20_EHIGH_z1.5_p0_s1,2,content_knn_3,0.169788,0.145582,0.195086
phi_V20_EHIGH_z1.5_p0_s1,2,content_knn_5,0.192579,0.168530,0.215588
phi_V20_EHIGH_z1.5_p0_s1,2,last_item_nbhd,0.188935,0.164285,0.215631
phi_V20_EHIGH_z1.5_p0_s1,2,pop_scaled_content,0.267561,0.240223,0.296122
phi_V20_EHIGH_z1.5_p0_s1,2,co_purchase,0.092861,0.074739,0.111073
phi_V20_EHIGH_z1.5_p0_s1,2,lambda_hybrid_0.25,0.289559,0.261176,0.319474
phi_V20_EHIGH_z1.5_p0_s1,2,lambda_hybrid_0.5,0.262716,0.233472,0.291825
phi_V20_EHIGH_z1.5_p0_s1,2,lambda_hybrid_0.75,0.224856,0.197851,0.254153
phi_V20_EHIGH_z1.5_p0_s1,3,pop_global,0.291080,0.261301,0.320839
phi_V20_EHIGH_z1.5_p0_s1,3,recency_pop_0.1,0.208972,0.179793,0.236779
phi_V20_EHIGH_z1.5_p0_s1,3,recency_pop_0.5,0.217195,0.190015,0.247240
phi_V20_EHIGH_z1.5_p0_s1,3,recency_pop_1.0,0.218010,0.189602,0.248910
phi_V20_EHIGH_z1.5_p0_s1,3,pop_category,0.241036,0.212833,0.271330
phi_V20_EHIGH_z1.5_p0_s1,3,pop_price,0.279337,0.251456,0.307545
phi_V20_EHIGH_z1.5_p0_s1,3,content_knn_1,0.196830,0.172387,0.223093
phi_V20_EHIGH_z1.5_p0_s1,3,content_knn_3,0.199745,0.173318,0.226945
phi_V20_EHIGH_z1.5_p0_s1,3,content_knn_5,0.212536,0.185866,0.238987
phi_V20_EHIGH_z1.5_p0_s1,3,last_item_nbhd,0.195024,0.171593,0.223429
phi_V20_EHIGH_z1.5_p0_s1,3,pop_scaled_content,0.269289,0.241771,0.299266
phi_V20_EHIGH_z1.5_p0_s1,3,co_purchase,0.089607,0.072405,0.108952
phi_V20_EHIGH_z1.5_p0_s1,3,lambda_hybrid_0.25,0.279847,0.249672,0.309056
phi_V20_EHIGH_z1.5_p0_s1,3,lambda_hybrid_0.5,0.263949,0.236349,0.292614
phi_V20_EHIGH_z1.5_p0_s1,3,lambda_hybrid_0.75,0.250549,0.220532,0.278896
phi_V20_EHIGH_z1.5_p0_s1,5,pop_global,0.248366,0.218962,0.279159
phi_V20_EHIGH_z1.5_p0_s1,5,recency_pop_0.1,0.240208,0.210146,0.270413
phi_V20_EHIGH_z1.5_p0_s1,5,recency_pop_0.5,0.238837,0.209202,0.268268
phi_V20_EHIGH_z1.5_p0_s1,5,recency_pop_1.0,0.237533,0.206502,0.267091
phi_V20_EHIGH_z1.5_p0_s1,5,pop_category,0.218615,0.188849,0.248513
phi_V20_EHIGH_z1.5_p0_s1,5,pop_price,0.234047,0.204077,0.261830
phi_V20_EHIGH_z1.5_p0_s1,5,content_knn_1,0.205663,0.177945,0.234669
phi_V20_EHIGH_z1.5_p0_s1,5,content_knn_3,0.215072,0.185829,0.245010
phi_V20_EHIGH_z1.5_p0_s1,5,content_knn_5,0.210192,0.184455,0.239529
phi_V20_EHIGH_z1.5_p0_s1,5,last_item_nbhd,0.193351,0.168024,0.222006
phi_V20_EHIGH_z1.5_p0_s1,5,pop_scaled_content,0.246245,0.217979,0.274681
phi_V20_EHIGH_z1.5_p0_s1,5,co_purchase,0.072525,0.056262,0.089428
phi_V20_EHIGH_z1.5_p0_s1,5,lambda_hybrid_0.25,0.248095,0.217103,0.279566
phi_V20_EHIGH_z1.5_p0_s1,5,lambda_hybrid_0.5,0.242222,0.213332,0.270906
phi_V20_EHIGH_z1.5_p0_s1,5,lambda_hybrid_0.75,0.222506,0.193114,0.251513
phi_V20_EHIGH_z1.5_p0_s1,8,pop_global,0.236480,0.200296,0.270266
phi_V20_EHIGH_z1.5_p0_s1,8,recency_pop_0.1,0.236245,0.199474,0.273256
phi_V20_EHIGH_z1.5_p0_s1,8,recency_pop_0.5,0.240192,0.204092,0.277317
phi_V20_EHIGH_z1.5_p0_s1,8,recency_pop_1.0,0.237367,0.197993,0.274365
phi_V20_EHIGH_z1.5_p0_s1,8,pop_category,0.175034,0.143372,0.205962
phi_V20_EHIGH_z1.5_p0_s1,8,pop_price,0.209109,0.174363,0.244069
phi_V20_EHIGH_z1.5_p0_s1,8,content_knn_1,0.180880,0.148268,0.216362
phi_V20_EHIGH_z1.5_p0_s1,8,content_knn_3,0.181626,0.149937,0.215777
phi_V20_EHIGH_z1.5_p0_s1,8,content_knn_5,0.187346,0.154548,0.220747
phi_V20_EHIGH_z1.5_p0_s1,8,last_item_nbhd,0.169309,0.135883,0.200091
phi_V20_EHIGH_z1.5_p0_s1,8,pop_scaled_content,0.231571,0.195888,0.268362
phi_V20_EHIGH_z1.5_p0_s1,8,co_purchase,0.042651,0.026708,0.060971
phi_V20_EHIGH_z1.5_p0_s1,8,lambda_hybrid_0.25,0.234299,0.199099,0.270868
phi_V20_EHIGH_z1.5_p0_s1,8,lambda_hybrid_0.5,0.225255,0.189519,0.260582
phi_V20_EHIGH_z1.5_p0_s1,8,lambda_hybrid_0.75,0.209965,0.176345,0.244971
phi_V20_EHIGH_z1.5_p1_s0,0,pop_global,0.240739,0.213903,0.268517
phi_V20_EHIGH_z1.5_p1_s0,0,recency_pop_0.1,0.145520,0.125754,0.166602
phi_V20_EHIGH_z1.5_p1_s0,0,recency_pop_0.5,0.145251,0.124490,0.166943
phi_V20_EHIGH_z1.5_p1_s0,0,recency_pop_1.0,0.145906,0.127238,0.167176
phi_V20_EHIGH_z1.5_p1_s0,0,pop_category,0.193378,0.166727,0.220525
phi_V20_EHIGH_z1.5_p1_s0,0,pop_price,0.239447,0.214155,0.267432
phi_V20_EHIGH_z1.5_p1_s0,0,lambda_hybrid_0.25,0.240739,0.215461,0.268821
phi_V20_EHIGH_z1.5_p1_s0,0,lambda_hybrid_0.5,0.240739,0.214711,0.266844
phi_V20_EHIGH_z1.5_p1_s0,0,lambda_hybrid_0.75,0.240739,0.214205,0.266999
phi_V20_EHIGH_z1.5_p1_s0,0,active_elic2,0.193378,0.167872,0.219323
phi_V20_EHIGH_z1.5_p1_s0,1,pop_global,0.290523,0.258615,0.318730
phi_V20_EHIGH_z1.5_p1_s0,1,recency_pop_0.1,0.189237,0.165186,0.216642
phi_V20_EHIGH_z1.5_p1_s0,1,recency_pop_0.5,0.200741,0.174215,0.227619
phi_V20_EHIGH_z1.5_p1_s0,1,recency_pop_1.0,0.201613,0.176330,0.225671
phi_V20_EHIGH_z1.5_p1_s0,1,pop_category,0.253357,0.224419,0.283764
phi_V20_EHIGH_z1.5_p1_s0,1,pop_price,0.282961,0.254383,0.313124
phi_V20_EHIGH_z1.5_p1_s0,1,content_knn_1,0.133743,0.113451,0.154591
phi_V20_EHIGH_z1.5_p1_s0,1,content_knn_3,0.121521,0.100095,0.141697
phi_V20_EHIGH_z1.5_p1_s0,1,content_knn_5,0.138619,0.117958,0.161179
phi_V20_EHIGH_z1.5_p1_s0,1,last_item_nbhd,0.135071,0.116015,0.155664
phi_V20_EHIGH_z1.5_p1_s0,1,pop_scaled_content,0.229551,0.203909,0.258448
phi_V20_EHIGH_z1.5_p1_s0,1,co_purchase,0.133517,0.113469,0.153050
phi_V20_EHIGH_z1.5_p1_s0,1,lambda_hybrid_0.25,0.266981,0.237890,0.296538
phi_V20_EHIGH_z1.5_p1_s0,1,lambda_hybrid_0.5,0.254291,0.224374,0.285571
phi_V20_EHIGH_z1.5_p1_s0,1,lambda_hybrid_0.75,0.187644,0.164000,0.212990
phi_V20_EHIGH_z1.5_p1_s0,2,pop_global,0.342750,0.312000,0.375021
phi_V20_EHIGH_z1.5_p1_s0,2,recency_pop_0.1,0.253174,0.224522,0.284999
phi_V20_EHIGH_z1.5_p1_s0,2,recency_pop_0.5,0.277668,0.248767,0.309825
phi_V20_EHIGH_z1.5_p1_s0,2,recency_pop_1.0,0.280744,0.248303,0.311765
phi_V20_EHIGH_z1.5_p1_s0,2,pop_category,0.320554,0.288258,0.352883
phi_V20_EHIGH_z1.5_p1_s0,2,pop_price,0.338547,0.306508,0.369765
phi_V20_EHIGH_z1.5_p1_s0,2,content_knn_1,0.136913,0.118423,0.159346
phi_V20_EHIGH_z1.5_p1_s0,2,content_knn_3,0.126626,0.108624,0.147237
phi_V20_EHIGH_z1.5_p1_s0,2,content_knn_5,0.142418,0.120748,0.165068
phi_V20_EHIGH_z1.5_p1_s0,2,last_item_nbhd,0.121638,0.101943,0.142897
phi_V20_EHIGH_z1.5_p1_s0,2,pop_scaled_content,0.302268,0.271099,0.332645
phi_V20_EHIGH_z1.5_p1_s0,2,co_purchase,0.101450,0.083129,0.122646
phi_V20_EHIGH_z1.5_p1_s0,2,lambda_hybrid_0.25,0.325920,0.291064,0.358184
phi_V20_EHIGH_z1.5_p1_s0,2,lambda_hybrid_0.5,0.291616,0.260797,0.324510
phi_V20_EHIGH_z1.5_p1_s0,2,lambda_hybrid_0.75,0.185767,0.161189,0.211245
phi_V20_EHIGH_z1.5_p1_s0,3,pop_global,0.315136,0.282884,0.346993
phi_V20_EHIGH_z1.5_p1_s0,3,recency_pop_0.1,0.262412,0.230564,0.290012
phi_V20_EHIGH_z1.5_p1_s0,3,recency_pop_0.5,0.273117,0.243560,0.306535
phi_V20_EHIGH_z1.5_p1_s0,3,recency_pop_1.0,0.272494,0.239800,0.304611
phi_V20_EHIGH_z1.5_p1_s0,3,pop_category,0.297510,0.265782,0.327973
phi_V20_EHIGH_z1.5_p1_s0,3,pop_price,0.313406,0.281136,0.346522
phi_V20_EHIGH_z1.5_p1_s0,3,content_knn_1,0.132688,0.112582,0.153772
phi_V20_EHIGH_z1.5_p1_s0,3,content_knn_3,0.132505,0.111728,0.153629
phi_V20_EHIGH_z1.5_p1_s0,3,content_knn_5,0.141317,0.120973,0.164271
phi_V20_EHIGH_z1.5_p1_s0,3,last_item_nbhd,0.129796,0.109363,0.151893
phi_V20_EHIGH_z1.5_p1_s0,3,pop_scaled_content,0.285106,0.257761,0.314262
phi_V20_EHIGH_z1.5_p1_s0,3,co_purchase,0.068336,0.053491,0.084640
phi_V20_EHIGH_z1.5_p1_s0,3,lambda_hybrid_0.25,0.297167,0.268107,0.330279
phi_V20_EHIGH_z1.5_p1_s0,3,lambda_hybrid_0.5,0.265005,0.236542,0.295003
phi_V20_EHIGH_z1.5_p1_s0,3,lambda_hybrid_0.75,0.174071,0.150310,0.196910
phi_V20_EHIGH_z1.5_p1_s0,5,pop_global,0.275193,0.241935,0.307592
phi_V20_EHIGH_z1.5_p1_s0,5,recency_pop_0.1,0.254166,0.223619,0.284939
phi_V20_EHIGH_z1.5_p1_s0,5,recency_pop_0.5,0.258928,0.226170,0.293072
phi_V20_EHIGH_z1.5_p1_s0,5,recency_pop_1.0,0.257267,0.224708,0.289131
phi_V20_EHIGH_z1.5_p1_s0,5,pop_category,0.252121,0.221263,0.287650
phi_V20_EHIGH_z1.5_p1_s0,5,pop_price,0.263556,0.231858,0.297913
phi_V20_EHIGH_z1.5_p1_s0,5,content_knn_1,0.099955,0.080350,0.121173
phi_V20_EHIGH_z1.5_p1_s0,5,content_knn_3,0.096416,0.076438,0.117233
phi_V20_EHIGH_z1.5_p1_s0,5,content_knn_5,0.110328,0.088614,0.131585
phi_V20_EHIGH_z1.5_p1_s0,5,last_item_nbhd,0.100189,0.081541,0.120117
phi_V20_EHIGH_z1.5_p1_s0,5,pop_scaled_content,0.266682,0.235277,0.299909
phi_V20_EHIGH_z1.5_p1_s0,5,co_purchase,0.031382,0.021222,0.042591
phi_V20_EHIGH_z1.5_p1_s0,5,lambda_hybrid_0.25,0.257468,0.224532,0.292541
phi_V20_EHIGH_z1.5_p1_s0,5,lambda_hybrid_0.5,0.222598,0.193703,0.254441
phi_V20_EHIGH_z1.5_p1_s0,5,lambda_hybrid_0.75,0.146574,0.122053,0.170341
phi_V20_EHIGH_z1.5_p1_s0,8,pop_global,0.174382,0.140371,0.208303
phi_V20_EHIGH_z1.5_p1_s0,8,recency_pop_0.1,0.173767,0.138218,0.208303
phi_V20_EHIGH_z1.5_p1_s0,8,recency_pop_0.5,0.175526,0.142142,0.210381
phi_V20_EHIGH_z1.5_p1_s0,8,recency_pop_1.0,0.173331,0.140456,0.209572
phi_V20_EHIGH_z1.5_p1_s0,8,pop_category,0.157923,0.125525,0.193786
phi_V20_EHIGH_z1.5_p1_s0,8,pop_price,0.170069,0.136991,0.205769
phi_V20_EHIGH_z1.5_p1_s0,8,content_knn_1,0.063514,0.043808,0.082140
phi_V20_EHIGH_z1.5_p1_s0,8,content_knn_3,0.051738,0.035107,0.070068
phi_V20_EHIGH_z1.5_p1_s0,8,content_knn_5,0.060566,0.042943,0.080065
phi_V20_EHIGH_z1.5_p1_s0,8,last_item_nbhd,0.049023,0.033013,0.065627
phi_V20_EHIGH_z1.5_p1_s0,8,pop_scaled_content,0.158285,0.127155,0.191093
phi_V20_EHIGH_z1.5_p1_s0,8,co_purchase,0.010848,0.004193,0.019520
phi_V20_EHIGH_z1.5_p1_s0,8,lambda_hybrid_0.25,0.158214,0.127050,0.192102
phi_V20_EHIGH_z1.5_p1_s0,8,lambda_hybrid_0.5,0.115152,0.089248,0.142043
phi_V20_EHIGH_z1.5_p1_s0,8,lambda_hybrid_0.75,0.071940,0.052902,0.093279
phi_V20_EHIGH_z1.5_p1_s1,0,pop_global,0.290130,0.261781,0.319470
phi_V20_EHIGH_z1.5_p1_s1,0,recency_pop_0.1,0.167838,0.143188,0.193725
phi_V20_EHIGH_z1.5_p1_s1,0,recency_pop_0.5,0.171310,0.145918,0.197184
phi_V20_EHIGH_z1.5_p1_s1,0,recency_pop_1.0,0.171310,0.145936,0.198594
phi_V20_EHIGH_z1.5_p1_s1,0,pop_category,0.267306,0.237498,0.298680
phi_V20_EHIGH_z1.5_p1_s1,0,pop_price,0.293560,0.262695,0.324130
phi_V20_EHIGH_z1.5_p1_s1,0,lambda_hybrid_0.25,0.290130,0.258921,0.321429
phi_V20_EHIGH_z1.5_p1_s1,0,lambda_hybrid_0.5,0.290130,0.260384,0.319663
phi_V20_EHIGH_z1.5_p1_s1,0,lambda_hybrid_0.75,0.290130,0.262080,0.318575
phi_V20_EHIGH_z1.5_p1_s1,0,active_elic2,0.267306,0.238252,0.297477
phi_V20_EHIGH_z1.5_p1_s1,1,pop_global,0.256265,0.229049,0.286510
phi_V20_EHIGH_z1.5_p1_s1,1,recency_pop_0.1,0.150321,0.130653,0.172471
phi_V20_EHIGH_z1.5_p1_s1,1,recency_pop_0.5,0.167404,0.141660,0.194282
phi_V20_EHIGH_z1.5_p1_s1,1,recency_pop_1.0,0.168122,0.143096,0.195243
phi_V20_EHIGH_z1.5_p1_s1,1,pop_category,0.233105,0.204930,0.263705
phi_V20_EHIGH_z1.5_p1_s1,1,pop_price,0.254802,0.226773,0.285357
phi_V20_EHIGH_z1.5_p1_s1,1,content_knn_1,0.128746,0.109355,0.149042
phi_V20_EHIGH_z1.5_p1_s1,1,content_knn_3,0.127513,0.108226,0.147105
phi_V20_EHIGH_z1.5_p1_s1,1,content_knn_5,0.134042,0.112733,0.155855
phi_V20_EHIGH_z1.5_p1_s1,1,last_item_nbhd,0.137459,0.116181,0.158507
phi_V20_EHIGH_z1.5_p1_s1,1,pop_scaled_content,0.202314,0.176352,0.226233
phi_V20_EHIGH_z1.5_p1_s1,1,co_purchase,0.133709,0.113549,0.157648
phi_V20_EHIGH_z1.5_p1_s1,1,lambda_hybrid_0.25,0.235164,0.207935,0.266816
phi_V20_EHIGH_z1.5_p1_s1,1,lambda_hybrid_0.5,0.213735,0.185464,0.245599
phi_V20_EHIGH_z1.5_p1_s1,1,lambda_hybrid_0.75,0.162128,0.139752,0.185603
phi_V20_EHIGH_z1.5_p1_s1,2,pop_global,0.264322,0.234467,0.292733
phi_V20_EHIGH_z1.5_p1_s1,2,recency_pop_0.1,0.142454,0.119067,0.165043
phi_V20_EHIGH_z1.5_p1_s1,2,recency_pop_0.5,0.143769,0.120539,0.168868
phi_V20_EHIGH_z1.5_p1_s1,2,recency_pop_1.0,0.147783,0.126956,0.171476
phi_V20_EHIGH_z1.5_p1_s1,2,pop_category,0.215212,0.186544,0.242923
phi_V20_EHIGH_z1.5_p1_s1,2,pop_price,0.252619,0.225566,0.280246
phi_V20_EHIGH_z1.5_p1_s1,2,content_knn_1,0.154509,0.132702,0.179715
phi_V20_EHIGH_z1.5_p1_s1,2,content_knn_3,0.157763,0.135590,0.183361
phi_V20_EHIGH_z1.5_p1_s1,2,content_knn_5,0.174991,0.150895,0.198190
phi_V20_EHIGH_z1.5_p1_s1,2,last_item_nbhd,0.162069,0.137423,0.185623
phi_V20_EHIGH_z1.5_p1_s1,2,pop_scaled_content,0.235123,0.208464,0.264090
phi_V20_EHIGH_z1.5_p1_s1,2,co_purchase,0.112243,0.093906,0.131786
phi_V20_EHIGH_z1.5_p1_s1,2,lambda_hybrid_0.25,0.256865,0.231099,0.285505
phi_V20_EHIGH_z1.5_p1_s1,2,lambda_hybrid_0.5,0.234888,0.205782,0.263431
phi_V20_EHIGH_z1.5_p1_s1,2,lambda_hybrid_0.75,0.199963,0.175703,0.226446
phi_V20_EHIGH_z1.5_p1_s1,3,pop_global,0.292759,0.265830,0.322143
phi_V20_EHIGH_z1.5_p1_s1,3,recency_pop_0.1,0.195790,0.167625,0.223287
phi_V20_EHIGH_z1.5_p1_s1,3,recency_pop_0.5,0.202114,0.175141,0.230076
phi_V20_EHIGH_z1.5_p1_s1,3,recency_pop_1.0,0.207075,0.179146,0.234260
phi_V20_EHIGH_z1.5_p1_s1,3,pop_category,0.234280,0.205920,0.264778
phi_V20_EHIGH_z1.5_p1_s1,3,pop_price,0.280697,0.251118,0.308065
phi_V20_EHIGH_z1.5_p1_s1,3,content_knn_1,0.189832,0.164433,0.213969
phi_V20_EHIGH_z1.5_p1_s1,3,content_knn_3,0.197955,0.171791,0.225599
phi_V20_EHIGH_z1.5_p1_s1,3,content_knn_5,0.207623,0.182135,0.236102
phi_V20_EHIGH_z1.5_p1_s1,3,last_item_nbhd,0.191097,0.166925,0.216876
phi_V20_EHIGH_z1.5_p1_s1,3,pop_scaled_content,0.269213,0.239153,0.299710
phi_V20_EHIGH_z1.5_p1_s1,3,co_purchase,0.117012,0.096753,0.136774
phi_V20_EHIGH_z1.5_p1_s1,3,lambda_hybrid_0.25,0.290502,0.260005,0.319548
phi_V20_EHIGH_z1.5_p1_s1,3,lambda_hybrid_0.5,0.267683,0.240946,0.297642
phi_V20_EHIGH_z1.5_p1_s1,3,lambda_hybrid_0.75,0.245234,0.217846,0.276557
phi_V20_EHIGH_z1.5_p1_s1,5,pop_global,0.208288,0.182904,0.235120
phi_V20_EHIGH_z1.5_p1_s1,5,recency_pop_0.1,0.203858,0.173701,0.231974
phi_V20_EHIGH_z1.5_p1_s1,5,recency_pop_0.5,0.204029,0.175968,0.231951
phi_V20_EHIGH_z1.5_p1_s1,5,recency_pop_1.0,0.206655,0.178466,0.235105
phi_V20_EHIGH_z1.5_p1_s1,5,pop_category,0.184671,0.158425,0.211186
phi_V20_EHIGH_z1.5_p1_s1,5,pop_price,0.208546,0.181178,0.236381
phi_V20_EHIGH_z1.5_p1_s1,5,content_knn_1,0.165232,0.140146,0.190959
phi_V20_EHIGH_z1.5_p1_s1,5,content_knn_3,0.158402,0.134570,0.183860
phi_V20_EHIGH_z1.5_p1_s1,5,content_knn_5,0.161186,0.137636,0.184624
phi_V20_EHIGH_z1.5_p1_s1,5,last_item_nbhd,0.167499,0.142094,0.193847
phi_V20_EHIGH_z1.5_p1_s1,5,pop_scaled_content,0.202273,0.175141,0.230023
phi_V20_EHIGH_z1.5_p1_s1,5,co_purchase,0.096619,0.078391,0.115980
phi_V20_EHIGH_z1.5_p1_s1,5,lambda_hybrid_0.25,0.206963,0.179271,0.235737
phi_V20_EHIGH_z1.5_p1_s1,5,lambda_hybrid_0.5,0.192195,0.164313,0.221068
phi_V20_EHIGH_z1.5_p1_s1,5,lambda_hybrid_0.75,0.187355,0.159662,0.214406
phi_V20_EHIGH_z1.5_p1_s1,8,pop_global,0.222139,0.187539,0.256435
phi_V20_EHIGH_z1.5_p1_s1,8,recency_pop_0.1,0.218379,0.184927,0.254514
phi_V20_EHIGH_z1.5_p1_s1,8,recency_pop_0.5,0.214611,0.180166,0.251240
phi_V20_EHIGH_z1.5_p1_s1,8,recency_pop_1.0,0.214795,0.179271,0.250177
phi_V20_EHIGH_z1.5_p1_s1,8,pop_category,0.164448,0.133999,0.197493
phi_V20_EHIGH_z1.5_p1_s1,8,pop_price,0.200925,0.167838,0.235683
phi_V20_EHIGH_z1.5_p1_s1,8,content_knn_1,0.173549,0.143964,0.205305
phi_V20_EHIGH_z1.5_p1_s1,8,content_knn_3,0.166525,0.136142,0.196592
phi_V20_EHIGH_z1.5_p1_s1,8,content_knn_5,0.170878,0.143333,0.201160
phi_V20_EHIGH_z1.5_p1_s1,8,last_item_nbhd,0.167428,0.137879,0.198138
phi_V20_EHIGH_z1.5_p1_s1,8,pop_scaled_content,0.212431,0.178310,0.244601
phi_V20_EHIGH_z1.5_p1_s1,8,co_purchase,0.041203,0.026860,0.057230
phi_V20_EHIGH_z1.5_p1_s1,8,lambda_hybrid_0.25,0.220094,0.187964,0.254944
phi_V20_EHIGH_z1.5_p1_s1,8,lambda_hybrid_0.5,0.212769,0.179661,0.245265
phi_V20_EHIGH_z1.5_p1_s1,8,lambda_hybrid_0.75,0.195917,0.164671,0.229352
phi_V20_ELOW_z0.5_p0.25_s0,0,pop_global,0.770959,0.742260,0.798132
phi_V20_ELOW_z0.5_p0.25_s0,0,recency_pop_0.1,0.072503,0.057222,0.089432
phi_V20_ELOW_z0.5_p0.25_s0,0,recency_pop_0.5,0.124455,0.104118,0.143878
phi_V20_ELOW_z0.5_p0.25_s0,0,recency_pop_1.0,0.132241,0.110934,0.155610
phi_V20_ELOW_z0.5_p0.25_s0,0,pop_category,0.770959,0.742553,0.798195
phi_V20_ELOW_z0.5_p0.25_s0,0,pop_price,0.762606,0.731816,0.791056
phi_V20_ELOW_z0.5_p0.25_s0,0,lambda_hybrid_0.25,0.770959,0.741889,0.797989
phi_V20_ELOW_z0.5_p0.25_s0,0,lambda_hybrid_0.5,0.770959,0.742350,0.799445
phi_V20_ELOW_z0.5_p0.25_s0,0,lambda_hybrid_0.75,0.770959,0.740239,0.797421
phi_V20_ELOW_z0.5_p0.25_s0,0,active_elic2,0.770959,0.742191,0.798135
phi_V20_ELOW_z0.5_p0.25_s0,1,pop_global,0.379378,0.344564,0.414361
phi_V20_ELOW_z0.5_p0.25_s0,1,recency_pop_0.1,0.101253,0.081232,0.121829
phi_V20_ELOW_z0.5_p0.25_s0,1,recency_pop_0.5,0.284250,0.250930,0.314198
phi_V20_ELOW_z0.5_p0.25_s0,1,recency_pop_1.0,0.297196,0.263913,0.330580
phi_V20_ELOW_z0.5_p0.25_s0,1,pop_category,0.379378,0.344718,0.415601
phi_V20_ELOW_z0.5_p0.25_s0,1,pop_price,0.362630,0.325844,0.398357
phi_V20_ELOW_z0.5_p0.25_s0,1,content_knn_1,0.060247,0.045129,0.076991
phi_V20_ELOW_z0.5_p0.25_s0,1,content_knn_3,0.058796,0.042831,0.075757
phi_V20_ELOW_z0.5_p0.25_s0,1,content_knn_5,0.062104,0.046148,0.080100
phi_V20_ELOW_z0.5_p0.25_s0,1,last_item_nbhd,0.050514,0.036952,0.065417
phi_V20_ELOW_z0.5_p0.25_s0,1,pop_scaled_content,0.170595,0.144940,0.197105
phi_V20_ELOW_z0.5_p0.25_s0,1,co_purchase,0.030751,0.021691,0.041145
phi_V20_ELOW_z0.5_p0.25_s0,1,lambda_hybrid_0.25,0.270899,0.239713,0.307030
phi_V20_ELOW_z0.5_p0.25_s0,1,lambda_hybrid_0.5,0.256106,0.223471,0.288067
phi_V20_ELOW_z0.5_p0.25_s0,1,lambda_hybrid_0.75,0.106647,0.083379,0.129726
phi_V20_ELOW_z0.5_p0.25_s0,2,pop_global,0.218112,0.187453,0.250561
phi_V20_ELOW_z0.5_p0.25_s0,2,recency_pop_0.1,0.119367,0.098696,0.139556
phi_V20_ELOW_z0.5_p0.25_s0,2,recency_pop_0.5,0.172262,0.142962,0.200186
phi_V20_ELOW_z0.5_p0.25_s0,2,recency_pop_1.0,0.172262,0.145956,0.199031
phi_V20_ELOW_z0.5_p0.25_s0,2,pop_category,0.218112,0.188289,0.247334
phi_V20_ELOW_z0.5_p0.25_s0,2,pop_price,0.196662,0.167755,0.225509
phi_V20_ELOW_z0.5_p0.25_s0,2,content_knn_1,0.015995,0.008184,0.025731
phi_V20_ELOW_z0.5_p0.25_s0,2,content_knn_3,0.018677,0.009742,0.028676
phi_V20_ELOW_z0.5_p0.25_s0,2,content_knn_5,0.020729,0.011571,0.030260
phi_V20_ELOW_z0.5_p0.25_s0,2,last_item_nbhd,0.015808,0.007487,0.025117
phi_V20_ELOW_z0.5_p0.25_s0,2,pop_scaled_content,0.128807,0.105823,0.152799
phi_V20_ELOW_z0.5_p0.25_s0,2,co_purchase,0.020000,0.011907,0.029043
phi_V20_ELOW_z0.5_p0.25_s0,2,lambda_hybrid_0.25,0.123481,0.098401,0.148693
phi_V20_ELOW_z0.5_p0.25_s0,2,lambda_hybrid_0.5,0.109107,0.083974,0.134490
phi_V20_ELOW_z0.5_p0.25_s0,2,lambda_hybrid_0.75,0.037521,0.025070,0.052968
phi_V20_ELOW_z0.5_p0.25_s0,3,pop_global,0.125247,0.100989,0.149254
phi_V20_ELOW_z0.5_p0.25_s0,3,recency_pop_0.1,0.076739,0.059054,0.095806
phi_V20_ELOW_z0.5_p0.25_s0,3,recency_pop_0.5,0.084659,0.062980,0.106187
phi_V20_ELOW_z0.5_p0.25_s0,3,recency_pop_1.0,0.084659,0.063809,0.106587
phi_V20_ELOW_z0.5_p0.25_s0,3,pop_category,0.125247,0.102011,0.149844
phi_V20_ELOW_z0.5_p0.25_s0,3,pop_price,0.105229,0.085654,0.127145
phi_V20_ELOW_z0.5_p0.25_s0,3,content_knn_1,0.009995,0.004399,0.017159
phi_V20_ELOW_z0.5_p0.25_s0,3,content_knn_3,0.007150,0.002633,0.011935
phi_V20_ELOW_z0.5_p0.25_s0,3,content_knn_5,0.007970,0.002874,0.013405
phi_V20_ELOW_z0.5_p0.25_s0,3,last_item_nbhd,0.009359,0.004713,0.014874
phi_V20_ELOW_z0.5_p0.25_s0,3,pop_scaled_content,0.067608,0.050403,0.087527
phi_V20_ELOW_z0.5_p0.25_s0,3,co_purchase,0.010511,0.004284,0.016917
phi_V20_ELOW_z0.5_p0.25_s0,3,lambda_hybrid_0.25,0.037466,0.024759,0.050746
phi_V20_ELOW_z0.5_p0.25_s0,3,lambda_hybrid_0.5,0.027299,0.016791,0.039466
phi_V20_ELOW_z0.5_p0.25_s0,3,lambda_hybrid_0.75,0.011279,0.004978,0.018223
phi_V20_ELOW_z0.5_p0.25_s0,5,pop_global,0.069083,0.050992,0.089554
phi_V20_ELOW_z0.5_p0.25_s0,5,recency_pop_0.1,0.055694,0.038936,0.073337
phi_V20_ELOW_z0.5_p0.25_s0,5,recency_pop_0.5,0.057136,0.039849,0.075383
phi_V20_ELOW_z0.5_p0.25_s0,5,recency_pop_1.0,0.057136,0.039659,0.076558
phi_V20_ELOW_z0.5_p0.25_s0,5,pop_category,0.070465,0.052576,0.089793
phi_V20_ELOW_z0.5_p0.25_s0,5,pop_price,0.053440,0.036690,0.069515
phi_V20_ELOW_z0.5_p0.25_s0,5,content_knn_1,0.003199,0.000691,0.006834
phi_V20_ELOW_z0.5_p0.25_s0,5,content_knn_3,0.003858,0.000691,0.008811
phi_V20_ELOW_z0.5_p0.25_s0,5,content_knn_5,0.005428,0.001810,0.009553
phi_V20_ELOW_z0.5_p0.25_s0,5,last_item_nbhd,0.005318,0.001382,0.010964
phi_V20_ELOW_z0.5_p0.25_s0,5,pop_scaled_content,0.049734,0.035124,0.067352
phi_V20_ELOW_z0.5_p0.25_s0,5,co_purchase,0.007416,0.002477,0.013497
phi_V20_ELOW_z0.5_p0.25_s0,5,lambda_hybrid_0.25,0.013254,0.007065,0.019987
phi_V20_ELOW_z0.5_p0.25_s0,5,lambda_hybrid_0.5,0.009456,0.003655,0.016430
phi_V20_ELOW_z0.5_p0.25_s0,5,lambda_hybrid_0.75,0.006778,0.002072,0.012502
phi_V20_ELOW_z0.5_p0.25_s0,8,pop_global,0.040489,0.022572,0.059747
phi_V20_ELOW_z0.5_p0.25_s0,8,recency_pop_0.1,0.032122,0.018581,0.048877
phi_V20_ELOW_z0.5_p0.25_s0,8,recency_pop_0.5,0.037503,0.021990,0.054805
phi_V20_ELOW_z0.5_p0.25_s0,8,recency_pop_1.0,0.037503,0.021874,0.056044
phi_V20_ELOW_z0.5_p0.25_s0,8,pop_category,0.039512,0.022352,0.056436
phi_V20_ELOW_z0.5_p0.25_s0,8,pop_price,0.030563,0.015857,0.046575
phi_V20_ELOW_z0.5_p0.25_s0,8,content_knn_1,0.000977,0.000000,0.002931
phi_V20_ELOW_z0.5_p0.25_s0,8,content_knn_3,0.000977,0.000000,0.002931
phi_V20_ELOW_z0.5_p0.25_s0,8,content_knn_5,0.001954,0.000000,0.004885
phi_V20_ELOW_z0.5_p0.25_s0,8,last_item_nbhd,0.001954,0.000000,0.004885
phi_V20_ELOW_z0.5_p0.25_s0,8,pop_scaled_content,0.032709,0.017730,0.050321
phi_V20_ELOW_z0.5_p0.25_s0,8,co_purchase,0.005897,0.001585,0.011152
phi_V20_ELOW_z0.5_p0.25_s0,8,lambda_hybrid_0.25,0.009013,0.003908,0.015962
phi_V20_ELOW_z0.5_p0.25_s0,8,lambda_hybrid_0.5,0.005861,0.001954,0.010746
phi_V20_ELOW_z0.5_p0.25_s0,8,lambda_hybrid_0.75,0.001954,0.000000,0.004885
phi_V20_ELOW_z0.5_p0.25_s1,0,pop_global,0.749669,0.723361,0.775885
phi_V20_ELOW_z0.5_p0.25_s1,0,recency_pop_0.1,0.130532,0.106094,0.158962
phi_V20_ELOW_z0.5_p0.25_s1,0,recency_pop_0.5,0.151781,0.125225,0.178017
phi_V20_ELOW_z0.5_p0.25_s1,0,recency_pop_1.0,0.152585,0.126421,0.179701
phi_V20_ELOW_z0.5_p0.25_s1,0,pop_category,0.731578,0.703616,0.760097
phi_V20_ELOW_z0.5_p0.25_s1,0,pop_price,0.747090,0.720349,0.774567
phi_V20_ELOW_z0.5_p0.25_s1,0,lambda_hybrid_0.25,0.749669,0.722167,0.776915
phi_V20_ELOW_z0.5_p0.25_s1,0,lambda_hybrid_0.5,0.749669,0.724113,0.777667
phi_V20_ELOW_z0.5_p0.25_s1,0,lambda_hybrid_0.75,0.749669,0.724287,0.775209
phi_V20_ELOW_z0.5_p0.25_s1,0,active_elic2,0.662926,0.627602,0.696419
phi_V20_ELOW_z0.5_p0.25_s1,1,pop_global,0.429391,0.394591,0.467223
phi_V20_ELOW_z0.5_p0.25_s1,1,recency_pop_0.1,0.183246,0.154911,0.212091
phi_V20_ELOW_z0.5_p0.25_s1,1,recency_pop_0.5,0.201910,0.172739,0.231764
phi_V20_ELOW_z0.5_p0.25_s1,1,recency_pop_1.0,0.204133,0.176546,0.233256
phi_V20_ELOW_z0.5_p0.25_s1,1,pop_category,0.427037,0.395362,0.461727
phi_V20_ELOW_z0.5_p0.25_s1,1,pop_price,0.421861,0.384163,0.458881
phi_V20_ELOW_z0.5_p0.25_s1,1,content_knn_1,0.051284,0.038303,0.066651
phi_V20_ELOW_z0.5_p0.25_s1,1,content_knn_3,0.055994,0.041611,0.072643
phi_V20_ELOW_z0.5_p0.25_s1,1,content_knn_5,0.051431,0.038166,0.067390
phi_V20_ELOW_z0.5_p0.25_s1,1,last_item_nbhd,0.051260,0.037291,0.065020
phi_V20_ELOW_z0.5_p0.25_s1,1,pop_scaled_content,0.389593,0.353958,0.428529
phi_V20_ELOW_z0.5_p0.25_s1,1,co_purchase,0.073230,0.059901,0.087276
phi_V20_ELOW_z0.5_p0.25_s1,1,lambda_hybrid_0.25,0.380251,0.344234,0.414690
phi_V20_ELOW_z0.5_p0.25_s1,1,lambda_hybrid_0.5,0.298100,0.263308,0.332850
phi_V20_ELOW_z0.5_p0.25_s1,1,lambda_hybrid_0.75,0.190864,0.164501,0.215467
phi_V20_ELOW_z0.5_p0.25_s1,2,pop_global,0.263253,0.231195,0.295294
phi_V20_ELOW_z0.5_p0.25_s1,2,recency_pop_0.1,0.177609,0.150498,0.206355
phi_V20_ELOW_z0.5_p0.25_s1,2,recency_pop_0.5,0.187143,0.158812,0.216319
phi_V20_ELOW_z0.5_p0.25_s1,2,recency_pop_1.0,0.190938,0.162775,0.218784
phi_V20_ELOW_z0.5_p0.25_s1,2,pop_category,0.261075,0.231295,0.291074
phi_V20_ELOW_z0.5_p0.25_s1,2,pop_price,0.260339,0.230017,0.292098
phi_V20_ELOW_z0.5_p0.25_s1,2,content_knn_1,0.050352,0.036783,0.063454
phi_V20_ELOW_z0.5_p0.25_s1,2,content_knn_3,0.040827,0.030469,0.052079
phi_V20_ELOW_z0.5_p0.25_s1,2,content_knn_5,0.043810,0.031527,0.056529
phi_V20_ELOW_z0.5_p0.25_s1,2,last_item_nbhd,0.038903,0.027156,0.049364
phi_V20_ELOW_z0.5_p0.25_s1,2,pop_scaled_content,0.247748,0.215859,0.279887
phi_V20_ELOW_z0.5_p0.25_s1,2,co_purchase,0.047587,0.035571,0.060172
phi_V20_ELOW_z0.5_p0.25_s1,2,lambda_hybrid_0.25,0.232286,0.201008,0.266548
phi_V20_ELOW_z0.5_p0.25_s1,2,lambda_hybrid_0.5,0.144414,0.119844,0.171649
phi_V20_ELOW_z0.5_p0.25_s1,2,lambda_hybrid_0.75,0.105504,0.082565,0.127398
phi_V20_ELOW_z0.5_p0.25_s1,3,pop_global,0.233013,0.204674,0.265728
phi_V20_ELOW_z0.5_p0.25_s1,3,recency_pop_0.1,0.169868,0.142823,0.196708
phi_V20_ELOW_z0.5_p0.25_s1,3,recency_pop_0.5,0.200317,0.170833,0.229225
phi_V20_ELOW_z0.5_p0.25_s1,3,recency_pop_1.0,0.201304,0.172865,0.230752
phi_V20_ELOW_z0.5_p0.25_s1,3,pop_category,0.227570,0.198224,0.256874
phi_V20_ELOW_z0.5_p0.25_s1,3,pop_price,0.219144,0.188117,0.250353
phi_V20_ELOW_z0.5_p0.25_s1,3,content_knn_1,0.033776,0.023141,0.045707
phi_V20_ELOW_z0.5_p0.25_s1,3,content_knn_3,0.035465,0.025165,0.046641
phi_V20_ELOW_z0.5_p0.25_s1,3,content_knn_5,0.038488,0.027498,0.049806
phi_V20_ELOW_z0.5_p0.25_s1,3,last_item_nbhd,0.026491,0.017388,0.036261
phi_V20_ELOW_z0.5_p0.25_s1,3,pop_scaled_content,0.207617,0.177475,0.237417
phi_V20_ELOW_z0.5_p0.25_s1,3,co_purchase,0.034716,0.024056,0.046614
phi_V20_ELOW_z0.5_p0.25_s1,3,lambda_hybrid_0.25,0.164758,0.139281,0.194760
phi_V20_ELOW_z0.5_p0.25_s1,3,lambda_hybrid_0.5,0.114549,0.092283,0.137121
phi_V20_ELOW_z0.5_p0.25_s1,3,lambda_hybrid_0.75,0.073690,0.055994,0.092362
phi_V20_ELOW_z0.5_p0.25_s1,5,pop_global,0.127844,0.104843,0.153983
phi_V20_ELOW_z0.5_p0.25_s1,5,recency_pop_0.1,0.113529,0.089485,0.139391
phi_V20_ELOW_z0.5_p0.25_s1,5,recency_pop_0.5,0.119119,0.095672,0.145943
phi_V20_ELOW_z0.5_p0.25_s1,5,recency_pop_1.0,0.119884,0.093888,0.144087
phi_V20_ELOW_z0.5_p0.25_s1,5,pop_category,0.123993,0.099845,0.149390
phi_V20_ELOW_z0.5_p0.25_s1,5,pop_price,0.112588,0.089310,0.135159
phi_V20_ELOW_z0.5_p0.25_s1,5,content_knn_1,0.022552,0.013443,0.031777
phi_V20_ELOW_z0.5_p0.25_s1,5,content_knn_3,0.020441,0.012808,0.028815
phi_V20_ELOW_z0.5_p0.25_s1,5,content_knn_5,0.026139,0.017228,0.036018
phi_V20_ELOW_z0.5_p0.25_s1,5,last_item_nbhd,0.021827,0.013270,0.031383
phi_V20_ELOW_z0.5_p0.25_s1,5,pop_scaled_content,0.124517,0.099335,0.149932
phi_V20_ELOW_z0.5_p0.25_s1,5,co_purchase,0.016632,0.009292,0.025753
phi_V20_ELOW_z0.5_p0.25_s1,5,lambda_hybrid_0.25,0.094175,0.071941,0.116444
phi_V20_ELOW_z0.5_p0.25_s1,5,lambda_hybrid_0.5,0.057867,0.041827,0.076098
phi_V20_ELOW_z0.5_p0.25_s1,5,lambda_hybrid_0.75,0.035147,0.023029,0.047620
phi_V20_ELOW_z0.5_p0.25_s1,8,pop_global,0.074453,0.053095,0.099859
phi_V20_ELOW_z0.5_p0.25_s1,8,recency_pop_0.1,0.070552,0.050037,0.094254
phi_V20_ELOW_z0.5_p0.25_s1,8,recency_pop_0.5,0.074236,0.052601,0.098868
phi_V20_ELOW_z0.5_p0.25_s1,8,recency_pop_1.0,0.075305,0.053869,0.099659
phi_V20_ELOW_z0.5_p0.25_s1,8,pop_category,0.073930,0.051896,0.097539
phi_V20_ELOW_z0.5_p0.25_s1,8,pop_price,0.070148,0.048840,0.093178
phi_V20_ELOW_z0.5_p0.25_s1,8,content_knn_1,0.016011,0.007387,0.025271
phi_V20_ELOW_z0.5_p0.25_s1,8,content_knn_3,0.012397,0.005285,0.020737
phi_V20_ELOW_z0.5_p0.25_s1,8,content_knn_5,0.014425,0.006475,0.024037
phi_V20_ELOW_z0.5_p0.25_s1,8,last_item_nbhd,0.015775,0.007388,0.024505
phi_V20_ELOW_z0.5_p0.25_s1,8,pop_scaled_content,0.072578,0.050866,0.095966
phi_V20_ELOW_z0.5_p0.25_s1,8,co_purchase,0.019270,0.009797,0.030792
phi_V20_ELOW_z0.5_p0.25_s1,8,lambda_hybrid_0.25,0.057921,0.037563,0.079719
phi_V20_ELOW_z0.5_p0.25_s1,8,lambda_hybrid_0.5,0.037823,0.024321,0.051555
phi_V20_ELOW_z0.5_p0.25_s1,8,lambda_hybrid_0.75,0.018935,0.010089,0.028810
phi_V20_ELOW_z0.5_p0.5_s0,0,pop_global,0.764657,0.736665,0.792959
phi_V20_ELOW_z0.5_p0.5_s0,0,recency_pop_0.1,0.077644,0.061568,0.095194
phi_V20_ELOW_z0.5_p0.5_s0,0,recency_pop_0.5,0.125249,0.105413,0.146483
phi_V20_ELOW_z0.5_p0.5_s0,0,recency_pop_1.0,0.129954,0.110303,0.152088
phi_V20_ELOW_z0.5_p0.5_s0,0,pop_category,0.764657,0.737307,0.791936
phi_V20_ELOW_z0.5_p0.5_s0,0,pop_price,0.760788,0.732615,0.788949
phi_V20_ELOW_z0.5_p0.5_s0,0,lambda_hybrid_0.25,0.764657,0.737196,0.792282
phi_V20_ELOW_z0.5_p0.5_s0,0,lambda_hybrid_0.5,0.764657,0.734994,0.791805
phi_V20_ELOW_z0.5_p0.5_s0,0,lambda_hybrid_0.75,0.764657,0.733779,0.792381
phi_V20_ELOW_z0.5_p0.5_s0,0,active_elic2,0.764657,0.737350,0.793346
phi_V20_ELOW_z0.5_p0.5_s0,1,pop_global,0.398300,0.360686,0.435454
phi_V20_ELOW_z0.5_p0.5_s0,1,recency_pop_0.1,0.106853,0.086521,0.129227
phi_V20_ELOW_z0.5_p0.5_s0,1,recency_pop_0.5,0.298837,0.264051,0.330130
phi_V20_ELOW_z0.5_p0.5_s0,1,recency_pop_1.0,0.309760,0.276980,0.344880
phi_V20_ELOW_z0.5_p0.5_s0,1,pop_category,0.398300,0.361752,0.433309
phi_V20_ELOW_z0.5_p0.5_s0,1,pop_price,0.385538,0.349324,0.421194
phi_V20_ELOW_z0.5_p0.5_s0,1,content_knn_1,0.048699,0.034108,0.063593
phi_V20_ELOW_z0.5_p0.5_s0,1,content_knn_3,0.047622,0.032046,0.063033
phi_V20_ELOW_z0.5_p0.5_s0,1,content_knn_5,0.051554,0.037057,0.067368
phi_V20_ELOW_z0.5_p0.5_s0,1,last_item_nbhd,0.041141,0.028681,0.054750
phi_V20_ELOW_z0.5_p0.5_s0,1,pop_scaled_content,0.203872,0.176876,0.231337
phi_V20_ELOW_z0.5_p0.5_s0,1,co_purchase,0.037865,0.027221,0.049947
phi_V20_ELOW_z0.5_p0.5_s0,1,lambda_hybrid_0.25,0.271289,0.239189,0.307391
phi_V20_ELOW_z0.5_p0.5_s0,1,lambda_hybrid_0.5,0.256909,0.222675,0.291080
phi_V20_ELOW_z0.5_p0.5_s0,1,lambda_hybrid_0.75,0.099104,0.076843,0.123983
phi_V20_ELOW_z0.5_p0.5_s0,2,pop_global,0.220205,0.189871,0.251958
phi_V20_ELOW_z0.5_p0.5_s0,2,recency_pop_0.1,0.114436,0.094082,0.135236
phi_V20_ELOW_z0.5_p0.5_s0,2,recency_pop_0.5,0.171706,0.143964,0.201713
phi_V20_ELOW_z0.5_p0.5_s0,2,recency_pop_1.0,0.171706,0.144069,0.199594
phi_V20_ELOW_z0.5_p0.5_s0,2,pop_category,0.220205,0.188830,0.252201
phi_V20_ELOW_z0.5_p0.5_s0,2,pop_price,0.207833,0.178458,0.238106
phi_V20_ELOW_z0.5_p0.5_s0,2,content_knn_1,0.027550,0.017332,0.038849
phi_V20_ELOW_z0.5_p0.5_s0,2,content_knn_3,0.023763,0.013388,0.034771
phi_V20_ELOW_z0.5_p0.5_s0,2,content_knn_5,0.029068,0.018601,0.041201
phi_V20_ELOW_z0.5_p0.5_s0,2,last_item_nbhd,0.022593,0.013554,0.033112
phi_V20_ELOW_z0.5_p0.5_s0,2,pop_scaled_content,0.139776,0.115597,0.166015
phi_V20_ELOW_z0.5_p0.5_s0,2,co_purchase,0.018513,0.010961,0.027436
phi_V20_ELOW_z0.5_p0.5_s0,2,lambda_hybrid_0.25,0.125419,0.101051,0.151287
phi_V20_ELOW_z0.5_p0.5_s0,2,lambda_hybrid_0.5,0.113833,0.088909,0.139167
phi_V20_ELOW_z0.5_p0.5_s0,2,lambda_hybrid_0.75,0.046618,0.030711,0.062183
phi_V20_ELOW_z0.5_p0.5_s0,3,pop_global,0.124678,0.098473,0.148355
phi_V20_ELOW_z0.5_p0.5_s0,3,recency_pop_0.1,0.075962,0.056991,0.095970
phi_V20_ELOW_z0.5_p0.5_s0,3,recency_pop_0.5,0.084247,0.062422,0.104907
phi_V20_ELOW_z0.5_p0.5_s0,3,recency_pop_1.0,0.084247,0.063406,0.105605
phi_V20_ELOW_z0.5_p0.5_s0,3,pop_category,0.124678,0.102768,0.148908
phi_V20_ELOW_z0.5_p0.5_s0,3,pop_price,0.115841,0.093481,0.139460
phi_V20_ELOW_z0.5_p0.5_s0,3,content_knn_1,0.014862,0.007150,0.024432
phi_V20_ELOW_z0.5_p0.5_s0,3,content_knn_3,0.014892,0.007391,0.023202
phi_V20_ELOW_z0.5_p0.5_s0,3,content_knn_5,0.016137,0.008663,0.024997
phi_V20_ELOW_z0.5_p0.5_s0,3,last_item_nbhd,0.017392,0.009914,0.026483
phi_V20_ELOW_z0.5_p0.5_s0,3,pop_scaled_content,0.079192,0.061762,0.098853
phi_V20_ELOW_z0.5_p0.5_s0,3,co_purchase,0.009071,0.004437,0.014931
phi_V20_ELOW_z0.5_p0.5_s0,3,lambda_hybrid_0.25,0.045005,0.030407,0.059931
phi_V20_ELOW_z0.5_p0.5_s0,3,lambda_hybrid_0.5,0.036594,0.023793,0.050833
phi_V20_ELOW_z0.5_p0.5_s0,3,lambda_hybrid_0.75,0.019540,0.010505,0.029814
phi_V20_ELOW_z0.5_p0.5_s0,5,pop_global,0.061101,0.044408,0.078304
phi_V20_ELOW_z0.5_p0.5_s0,5,recency_pop_0.1,0.049685,0.034279,0.065878
phi_V20_ELOW_z0.5_p0.5_s0,5,recency_pop_0.5,0.051875,0.036149,0.070303
phi_V20_ELOW_z0.5_p0.5_s0,5,recency_pop_1.0,0.051875,0.035778,0.069076
phi_V20_ELOW_z0.5_p0.5_s0,5,pop_category,0.061792,0.045730,0.079674
phi_V20_ELOW_z0.5_p0.5_s0,5,pop_price,0.056781,0.040021,0.073931
phi_V20_ELOW_z0.5_p0.5_s0,5,content_knn_1,0.008238,0.003734,0.013276
phi_V20_ELOW_z0.5_p0.5_s0,5,content_knn_3,0.005963,0.002229,0.010467
phi_V20_ELOW_z0.5_p0.5_s0,5,content_knn_5,0.009396,0.004576,0.015204
phi_V20_ELOW_z0.5_p0.5_s0,5,last_item_nbhd,0.007579,0.002996,0.012730
phi_V20_ELOW_z0.5_p0.5_s0,5,pop_scaled_content,0.039679,0.026076,0.055025
phi_V20_ELOW_z0.5_p0.5_s0,5,co_purchase,0.005219,0.001382,0.009524
phi_V20_ELOW_z0.5_p0.5_s0,5,lambda_hybrid_0.25,0.013588,0.007386,0.020848
phi_V20_ELOW_z0.5_p0.5_s0,5,lambda_hybrid_0.5,0.010746,0.005067,0.017517
phi_V20_ELOW_z0.5_p0.5_s0,5,lambda_hybrid_0.75,0.009729,0.004912,0.015849
phi_V20_ELOW_z0.5_p0.5_s0,8,pop_global,0.037744,0.022104,0.055345
phi_V20_ELOW_z0.5_p0.5_s0,8,recency_pop_0.1,0.032504,0.017832,0.050411
phi_V20_ELOW_z0.5_p0.5_s0,8,recency_pop_0.5,0.038435,0.022796,0.056435
phi_V20_ELOW_z0.5_p0.5_s0,8,recency_pop_1.0,0.036812,0.020746,0.052547
phi_V20_ELOW_z0.5_p0.5_s0,8,pop_category,0.038721,0.022234,0.057059
phi_V20_ELOW_z0.5_p0.5_s0,8,pop_price,0.035063,0.019250,0.053227
phi_V20_ELOW_z0.5_p0.5_s0,8,content_knn_1,0.007631,0.002240,0.013890
phi_V20_ELOW_z0.5_p0.5_s0,8,content_knn_3,0.007787,0.003041,0.013904
phi_V20_ELOW_z0.5_p0.5_s0,8,content_knn_5,0.011133,0.004018,0.020037
phi_V20_ELOW_z0.5_p0.5_s0,8,last_item_nbhd,0.008764,0.002931,0.015463
phi_V20_ELOW_z0.5_p0.5_s0,8,pop_scaled_content,0.035325,0.021172,0.051250
phi_V20_ELOW_z0.5_p0.5_s0,8,co_purchase,0.004700,0.001088,0.009751
phi_V20_ELOW_z0.5_p0.5_s0,8,lambda_hybrid_0.25,0.012091,0.005897,0.019803
phi_V20_ELOW_z0.5_p0.5_s0,8,lambda_hybrid_0.5,0.010828,0.004995,0.017749
phi_V20_ELOW_z0.5_p0.5_s0,8,lambda_hybrid_0.75,0.010717,0.004632,0.017167
phi_V20_ELOW_z0.5_p0.5_s1,0,pop_global,0.737039,0.710981,0.764241
phi_V20_ELOW_z0.5_p0.5_s1,0,recency_pop_0.1,0.143062,0.116364,0.171431
phi_V20_ELOW_z0.5_p0.5_s1,0,recency_pop_0.5,0.151673,0.125689,0.179898
phi_V20_ELOW_z0.5_p0.5_s1,0,recency_pop_1.0,0.159410,0.133839,0.185218
phi_V20_ELOW_z0.5_p0.5_s1,0,pop_category,0.725701,0.697231,0.752406
phi_V20_ELOW_z0.5_p0.5_s1,0,pop_price,0.726723,0.698492,0.755912
phi_V20_ELOW_z0.5_p0.5_s1,0,lambda_hybrid_0.25,0.737039,0.710975,0.762724
phi_V20_ELOW_z0.5_p0.5_s1,0,lambda_hybrid_0.5,0.737039,0.709629,0.764870
phi_V20_ELOW_z0.5_p0.5_s1,0,lambda_hybrid_0.75,0.737039,0.710514,0.762526
phi_V20_ELOW_z0.5_p0.5_s1,0,active_elic2,0.666498,0.632351,0.700170
phi_V20_ELOW_z0.5_p0.5_s1,1,pop_global,0.402093,0.367571,0.438576
phi_V20_ELOW_z0.5_p0.5_s1,1,recency_pop_0.1,0.166334,0.138686,0.192844
phi_V20_ELOW_z0.5_p0.5_s1,1,recency_pop_0.5,0.182214,0.152649,0.211572
phi_V20_ELOW_z0.5_p0.5_s1,1,recency_pop_1.0,0.182664,0.154846,0.212366
phi_V20_ELOW_z0.5_p0.5_s1,1,pop_category,0.399793,0.367645,0.433437
phi_V20_ELOW_z0.5_p0.5_s1,1,pop_price,0.390986,0.356493,0.425716
phi_V20_ELOW_z0.5_p0.5_s1,1,content_knn_1,0.054176,0.040156,0.068745
phi_V20_ELOW_z0.5_p0.5_s1,1,content_knn_3,0.058946,0.044680,0.075259
phi_V20_ELOW_z0.5_p0.5_s1,1,content_knn_5,0.054278,0.041333,0.069452
phi_V20_ELOW_z0.5_p0.5_s1,1,last_item_nbhd,0.053762,0.041102,0.068186
phi_V20_ELOW_z0.5_p0.5_s1,1,pop_scaled_content,0.356163,0.320863,0.394059
phi_V20_ELOW_z0.5_p0.5_s1,1,co_purchase,0.066133,0.053647,0.080091
phi_V20_ELOW_z0.5_p0.5_s1,1,lambda_hybrid_0.25,0.349625,0.314754,0.384714
phi_V20_ELOW_z0.5_p0.5_s1,1,lambda_hybrid_0.5,0.282636,0.247677,0.315949
phi_V20_ELOW_z0.5_p0.5_s1,1,lambda_hybrid_0.75,0.184437,0.160267,0.208843
phi_V20_ELOW_z0.5_p0.5_s1,2,pop_global,0.253713,0.221889,0.284444
phi_V20_ELOW_z0.5_p0.5_s1,2,recency_pop_0.1,0.155659,0.129675,0.183101
phi_V20_ELOW_z0.5_p0.5_s1,2,recency_pop_0.5,0.164788,0.138682,0.190851
phi_V20_ELOW_z0.5_p0.5_s1,2,recency_pop_1.0,0.167761,0.141379,0.196394
phi_V20_ELOW_z0.5_p0.5_s1,2,pop_category,0.253152,0.221468,0.283723
phi_V20_ELOW_z0.5_p0.5_s1,2,pop_price,0.247052,0.215532,0.281825
phi_V20_ELOW_z0.5_p0.5_s1,2,content_knn_1,0.050273,0.036791,0.063574
phi_V20_ELOW_z0.5_p0.5_s1,2,content_knn_3,0.051234,0.038434,0.064931
phi_V20_ELOW_z0.5_p0.5_s1,2,content_knn_5,0.052548,0.039343,0.065288
phi_V20_ELOW_z0.5_p0.5_s1,2,last_item_nbhd,0.045906,0.033944,0.057862
phi_V20_ELOW_z0.5_p0.5_s1,2,pop_scaled_content,0.234676,0.204566,0.265365
phi_V20_ELOW_z0.5_p0.5_s1,2,co_purchase,0.039936,0.029426,0.051405
phi_V20_ELOW_z0.5_p0.5_s1,2,lambda_hybrid_0.25,0.213157,0.182159,0.244289
phi_V20_ELOW_z0.5_p0.5_s1,2,lambda_hybrid_0.5,0.146928,0.123482,0.173364
phi_V20_ELOW_z0.5_p0.5_s1,2,lambda_hybrid_0.75,0.104989,0.083869,0.128188
phi_V20_ELOW_z0.5_p0.5_s1,3,pop_global,0.213195,0.184977,0.242344
phi_V20_ELOW_z0.5_p0.5_s1,3,recency_pop_0.1,0.160464,0.133362,0.187263
phi_V20_ELOW_z0.5_p0.5_s1,3,recency_pop_0.5,0.189142,0.161040,0.218781
phi_V20_ELOW_z0.5_p0.5_s1,3,recency_pop_1.0,0.191913,0.165136,0.221161
phi_V20_ELOW_z0.5_p0.5_s1,3,pop_category,0.209957,0.181640,0.238812
phi_V20_ELOW_z0.5_p0.5_s1,3,pop_price,0.207532,0.178004,0.238481
phi_V20_ELOW_z0.5_p0.5_s1,3,content_knn_1,0.039142,0.027366,0.051345
phi_V20_ELOW_z0.5_p0.5_s1,3,content_knn_3,0.036586,0.025529,0.049652
phi_V20_ELOW_z0.5_p0.5_s1,3,content_knn_5,0.040321,0.029718,0.052219
phi_V20_ELOW_z0.5_p0.5_s1,3,last_item_nbhd,0.036890,0.026286,0.048038
phi_V20_ELOW_z0.5_p0.5_s1,3,pop_scaled_content,0.192636,0.166597,0.221444
phi_V20_ELOW_z0.5_p0.5_s1,3,co_purchase,0.037858,0.027797,0.050548
phi_V20_ELOW_z0.5_p0.5_s1,3,lambda_hybrid_0.25,0.163490,0.137521,0.193941
phi_V20_ELOW_z0.5_p0.5_s1,3,lambda_hybrid_0.5,0.117424,0.094277,0.140702
phi_V20_ELOW_z0.5_p0.5_s1,3,lambda_hybrid_0.75,0.076587,0.058339,0.095882
phi_V20_ELOW_z0.5_p0.5_s1,5,pop_global,0.125953,0.102815,0.150924
phi_V20_ELOW_z0.5_p0.5_s1,5,recency_pop_0.1,0.115236,0.091880,0.139317
phi_V20_ELOW_z0.5_p0.5_s1,5,recency_pop_0.5,0.121097,0.095375,0.147382
phi_V20_ELOW_z0.5_p0.5_s1,5,recency_pop_1.0,0.121675,0.097164,0.146846
phi_V20_ELOW_z0.5_p0.5_s1,5,pop_category,0.125516,0.101875,0.150813
phi_V20_ELOW_z0.5_p0.5_s1,5,pop_price,0.115062,0.092335,0.139806
phi_V20_ELOW_z0.5_p0.5_s1,5,content_knn_1,0.024988,0.017410,0.034369
phi_V20_ELOW_z0.5_p0.5_s1,5,content_knn_3,0.024442,0.016240,0.033637
phi_V20_ELOW_z0.5_p0.5_s1,5,content_knn_5,0.025154,0.016530,0.034382
phi_V20_ELOW_z0.5_p0.5_s1,5,last_item_nbhd,0.023399,0.015579,0.032128
phi_V20_ELOW_z0.5_p0.5_s1,5,pop_scaled_content,0.119013,0.094813,0.144121
phi_V20_ELOW_z0.5_p0.5_s1,5,co_purchase,0.023011,0.014312,0.032254
phi_V20_ELOW_z0.5_p0.5_s1,5,lambda_hybrid_0.25,0.096571,0.074376,0.119574
phi_V20_ELOW_z0.5_p0.5_s1,5,lambda_hybrid_0.5,0.057657,0.042331,0.073823
phi_V20_ELOW_z0.5_p0.5_s1,5,lambda_hybrid_0.75,0.033797,0.021147,0.047627
phi_V20_ELOW_z0.5_p0.5_s1,8,pop_global,0.084530,0.061496,0.111075
phi_V20_ELOW_z0.5_p0.5_s1,8,recency_pop_0.1,0.078863,0.056324,0.103812
phi_V20_ELOW_z0.5_p0.5_s1,8,recency_pop_0.5,0.084004,0.060248,0.108533
phi_V20_ELOW_z0.5_p0.5_s1,8,recency_pop_1.0,0.083679,0.060544,0.108389
phi_V20_ELOW_z0.5_p0.5_s1,8,pop_category,0.088144,0.064203,0.113536
phi_V20_ELOW_z0.5_p0.5_s1,8,pop_price,0.077494,0.053661,0.102329
phi_V20_ELOW_z0.5_p0.5_s1,8,content_knn_1,0.016208,0.008458,0.025554
phi_V20_ELOW_z0.5_p0.5_s1,8,content_knn_3,0.015463,0.007281,0.024917
phi_V20_ELOW_z0.5_p0.5_s1,8,content_knn_5,0.019541,0.010023,0.032063
phi_V20_ELOW_z0.5_p0.5_s1,8,last_item_nbhd,0.017168,0.008103,0.026036
phi_V20_ELOW_z0.5_p0.5_s1,8,pop_scaled_content,0.086815,0.065274,0.113657
phi_V20_ELOW_z0.5_p0.5_s1,8,co_purchase,0.020102,0.010647,0.031780
phi_V20_ELOW_z0.5_p0.5_s1,8,lambda_hybrid_0.25,0.071155,0.049444,0.094904
phi_V20_ELOW_z0.5_p0.5_s1,8,lambda_hybrid_0.5,0.040910,0.027625,0.056295
phi_V20_ELOW_z0.5_p0.5_s1,8,lambda_hybrid_0.75,0.020521,0.010259,0.032467
phi_V20_ELOW_z0.5_p0.5_s2,0,pop_global,0.760834,0.734112,0.785613
phi_V20_ELOW_z0.5_p0.5_s2,0,recency_pop_0.1,0.065518,0.050427,0.081880
phi_V20_ELOW_z0.5_p0.5_s2,0,recency_pop_0.5,0.187906,0.165449,0.211508
phi_V20_ELOW_z0.5_p0.5_s2,0,recency_pop_1.0,0.194905,0.171524,0.219265
phi_V20_ELOW_z0.5_p0.5_s2,0,pop_category,0.760189,0.733741,0.787368
phi_V20_ELOW_z0.5_p0.5_s2,0,pop_price,0.751048,0.721235,0.778232
phi_V20_ELOW_z0.5_p0.5_s2,0,lambda_hybrid_0.25,0.760834,0.732716,0.787373
phi_V20_ELOW_z0.5_p0.5_s2,0,lambda_hybrid_0.5,0.760834,0.732035,0.786762
phi_V20_ELOW_z0.5_p0.5_s2,0,lambda_hybrid_0.75,0.760834,0.733562,0.787266
phi_V20_ELOW_z0.5_p0.5_s2,0,active_elic2,0.760189,0.731828,0.786139
phi_V20_ELOW_z0.5_p0.5_s2,1,pop_global,0.421759,0.384225,0.456267
phi_V20_ELOW_z0.5_p0.5_s2,1,recency_pop_0.1,0.137835,0.114920,0.161384
phi_V20_ELOW_z0.5_p0.5_s2,1,recency_pop_0.5,0.280075,0.247275,0.315730
phi_V20_ELOW_z0.5_p0.5_s2,1,recency_pop_1.0,0.280655,0.249307,0.314415
phi_V20_ELOW_z0.5_p0.5_s2,1,pop_category,0.418742,0.384639,0.454908
phi_V20_ELOW_z0.5_p0.5_s2,1,pop_price,0.408917,0.375657,0.443760
phi_V20_ELOW_z0.5_p0.5_s2,1,content_knn_1,0.033921,0.023875,0.046467
phi_V20_ELOW_z0.5_p0.5_s2,1,content_knn_3,0.039147,0.026395,0.052066
phi_V20_ELOW_z0.5_p0.5_s2,1,content_knn_5,0.043601,0.029872,0.056621
phi_V20_ELOW_z0.5_p0.5_s2,1,last_item_nbhd,0.039519,0.027906,0.053093
phi_V20_ELOW_z0.5_p0.5_s2,1,pop_scaled_content,0.364630,0.330502,0.399508
phi_V20_ELOW_z0.5_p0.5_s2,1,co_purchase,0.030406,0.021552,0.041402
phi_V20_ELOW_z0.5_p0.5_s2,1,lambda_hybrid_0.25,0.382442,0.345677,0.417150
phi_V20_ELOW_z0.5_p0.5_s2,1,lambda_hybrid_0.5,0.323866,0.290741,0.357491
phi_V20_ELOW_z0.5_p0.5_s2,1,lambda_hybrid_0.75,0.067070,0.052723,0.082380
phi_V20_ELOW_z0.5_p0.5_s2,2,pop_global,0.273698,0.241075,0.305466
phi_V20_ELOW_z0.5_p0.5_s2,2,recency_pop_0.1,0.124509,0.103503,0.147908
phi_V20_ELOW_z0.5_p0.5_s2,2,recency_pop_0.5,0.163568,0.135975,0.193202
phi_V20_ELOW_z0.5_p0.5_s2,2,recency_pop_1.0,0.162991,0.134662,0.190401
phi_V20_ELOW_z0.5_p0.5_s2,2,pop_category,0.269306,0.236370,0.302348
phi_V20_ELOW_z0.5_p0.5_s2,2,pop_price,0.245645,0.216513,0.277928
phi_V20_ELOW_z0.5_p0.5_s2,2,content_knn_1,0.025776,0.016128,0.035290
phi_V20_ELOW_z0.5_p0.5_s2,2,content_knn_3,0.035377,0.025688,0.046859
phi_V20_ELOW_z0.5_p0.5_s2,2,content_knn_5,0.035487,0.023657,0.048805
phi_V20_ELOW_z0.5_p0.5_s2,2,last_item_nbhd,0.048743,0.034139,0.063225
phi_V20_ELOW_z0.5_p0.5_s2,2,pop_scaled_content,0.243702,0.213280,0.276769
phi_V20_ELOW_z0.5_p0.5_s2,2,co_purchase,0.023077,0.014901,0.031983
phi_V20_ELOW_z0.5_p0.5_s2,2,lambda_hybrid_0.25,0.223889,0.190934,0.254176
phi_V20_ELOW_z0.5_p0.5_s2,2,lambda_hybrid_0.5,0.184511,0.156781,0.213234
phi_V20_ELOW_z0.5_p0.5_s2,2,lambda_hybrid_0.75,0.061830,0.047024,0.078290
phi_V20_ELOW_z0.5_p0.5_s2,3,pop_global,0.179819,0.153772,0.206117
phi_V20_ELOW_z0.5_p0.5_s2,3,recency_pop_0.1,0.078640,0.059548,0.098257
phi_V20_ELOW_z0.5_p0.5_s2,3,recency_pop_0.5,0.081279,0.061610,0.101934
phi_V20_ELOW_z0.5_p0.5_s2,3,recency_pop_1.0,0.080065,0.060351,0.100589
phi_V20_ELOW_z0.5_p0.5_s2,3,pop_category,0.172785,0.144105,0.204290
phi_V20_ELOW_z0.5_p0.5_s2,3,pop_price,0.160479,0.132277,0.189594
phi_V20_ELOW_z0.5_p0.5_s2,3,content_knn_1,0.025192,0.016893,0.034880
phi_V20_ELOW_z0.5_p0.5_s2,3,content_knn_3,0.031595,0.020606,0.042525
phi_V20_ELOW_z0.5_p0.5_s2,3,content_knn_5,0.039466,0.027440,0.053373
phi_V20_ELOW_z0.5_p0.5_s2,3,last_item_nbhd,0.029860,0.020683,0.040953
phi_V20_ELOW_z0.5_p0.5_s2,3,pop_scaled_content,0.174894,0.148413,0.201928
phi_V20_ELOW_z0.5_p0.5_s2,3,co_purchase,0.016745,0.009991,0.023821
phi_V20_ELOW_z0.5_p0.5_s2,3,lambda_hybrid_0.25,0.145504,0.119806,0.173504
phi_V20_ELOW_z0.5_p0.5_s2,3,lambda_hybrid_0.5,0.117671,0.094627,0.140459
phi_V20_ELOW_z0.5_p0.5_s2,3,lambda_hybrid_0.75,0.040082,0.028405,0.053104
phi_V20_ELOW_z0.5_p0.5_s2,5,pop_global,0.162476,0.135689,0.190888
phi_V20_ELOW_z0.5_p0.5_s2,5,recency_pop_0.1,0.090041,0.070183,0.110742
phi_V20_ELOW_z0.5_p0.5_s2,5,recency_pop_0.5,0.105070,0.082118,0.129874
phi_V20_ELOW_z0.5_p0.5_s2,5,recency_pop_1.0,0.104946,0.082172,0.128540
phi_V20_ELOW_z0.5_p0.5_s2,5,pop_category,0.160562,0.133211,0.189087
phi_V20_ELOW_z0.5_p0.5_s2,5,pop_price,0.142325,0.116180,0.167842
phi_V20_ELOW_z0.5_p0.5_s2,5,content_knn_1,0.021328,0.013183,0.029975
phi_V20_ELOW_z0.5_p0.5_s2,5,content_knn_3,0.028407,0.017518,0.039729
phi_V20_ELOW_z0.5_p0.5_s2,5,content_knn_5,0.032671,0.021057,0.044825
phi_V20_ELOW_z0.5_p0.5_s2,5,last_item_nbhd,0.025072,0.015961,0.035138
phi_V20_ELOW_z0.5_p0.5_s2,5,pop_scaled_content,0.153309,0.124887,0.180679
phi_V20_ELOW_z0.5_p0.5_s2,5,co_purchase,0.014422,0.007338,0.022572
phi_V20_ELOW_z0.5_p0.5_s2,5,lambda_hybrid_0.25,0.117146,0.092450,0.142912
phi_V20_ELOW_z0.5_p0.5_s2,5,lambda_hybrid_0.5,0.086543,0.067396,0.108635
phi_V20_ELOW_z0.5_p0.5_s2,5,lambda_hybrid_0.75,0.039924,0.028114,0.052887
phi_V20_ELOW_z0.5_p0.5_s2,8,pop_global,0.107240,0.081887,0.133705
phi_V20_ELOW_z0.5_p0.5_s2,8,recency_pop_0.1,0.078673,0.056641,0.101630
phi_V20_ELOW_z0.5_p0.5_s2,8,recency_pop_0.5,0.087872,0.065109,0.112854
phi_V20_ELOW_z0.5_p0.5_s2,8,recency_pop_1.0,0.086860,0.065877,0.109613
phi_V20_ELOW_z0.5_p0.5_s2,8,pop_category,0.110542,0.082615,0.137664
phi_V20_ELOW_z0.5_p0.5_s2,8,pop_price,0.088357,0.065928,0.112108
phi_V20_ELOW_z0.5_p0.5_s2,8,content_knn_1,0.013437,0.005877,0.023272
phi_V20_ELOW_z0.5_p0.5_s2,8,content_knn_3,0.021979,0.011518,0.034621
phi_V20_ELOW_z0.5_p0.5_s2,8,content_knn_5,0.026507,0.014921,0.041315
phi_V20_ELOW_z0.5_p0.5_s2,8,last_item_nbhd,0.012679,0.005587,0.020599
phi_V20_ELOW_z0.5_p0.5_s2,8,pop_scaled_content,0.086320,0.064300,0.111696
phi_V20_ELOW_z0.5_p0.5_s2,8,co_purchase,0.005540,0.000992,0.011660
phi_V20_ELOW_z0.5_p0.5_s2,8,lambda_hybrid_0.25,0.050439,0.032113,0.069678
phi_V20_ELOW_z0.5_p0.5_s2,8,lambda_hybrid_0.5,0.033619,0.020098,0.050405
phi_V20_ELOW_z0.5_p0.5_s2,8,lambda_hybrid_0.75,0.019313,0.010983,0.029081
phi_V20_ELOW_z0.5_p0_s0,0,pop_global,0.785508,0.759139,0.809975
phi_V20_ELOW_z0.5_p0_s0,0,recency_pop_0.1,0.072691,0.056277,0.089200
phi_V20_ELOW_z0.5_p0_s0,0,recency_pop_0.5,0.121620,0.101632,0.141935
phi_V20_ELOW_z0.5_p0_s0,0,recency_pop_1.0,0.161217,0.140443,0.184037
phi_V20_ELOW_z0.5_p0_s0,0,pop_category,0.785508,0.759800,0.812289
phi_V20_ELOW_z0.5_p0_s0,0,pop_price,0.774771,0.746965,0.803142
phi_V20_ELOW_z0.5_p0_s0,0,lambda_hybrid_0.25,0.785508,0.757479,0.813451
phi_V20_ELOW_z0.5_p0_s0,0,lambda_hybrid_0.5,0.785508,0.759348,0.812264
phi_V20_ELOW_z0.5_p0_s0,0,lambda_hybrid_0.75,0.785508,0.757529,0.808970
phi_V20_ELOW_z0.5_p0_s0,0,active_elic2,0.785508,0.758582,0.811496
phi_V20_ELOW_z0.5_p0_s0,1,pop_global,0.402742,0.366695,0.440660
phi_V20_ELOW_z0.5_p0_s0,1,recency_pop_0.1,0.115053,0.093875,0.136289
phi_V20_ELOW_z0.5_p0_s0,1,recency_pop_0.5,0.305477,0.272635,0.337013
phi_V20_ELOW_z0.5_p0_s0,1,recency_pop_1.0,0.317559,0.282305,0.352701
phi_V20_ELOW_z0.5_p0_s0,1,pop_category,0.402742,0.367421,0.439162
phi_V20_ELOW_z0.5_p0_s0,1,pop_price,0.388047,0.350287,0.423067
phi_V20_ELOW_z0.5_p0_s0,1,content_knn_1,0.039284,0.027075,0.053320
phi_V20_ELOW_z0.5_p0_s0,1,content_knn_3,0.040271,0.027822,0.054224
phi_V20_ELOW_z0.5_p0_s0,1,content_knn_5,0.039435,0.027537,0.053329
phi_V20_ELOW_z0.5_p0_s0,1,last_item_nbhd,0.030357,0.019318,0.043387
phi_V20_ELOW_z0.5_p0_s0,1,pop_scaled_content,0.176527,0.148357,0.203479
phi_V20_ELOW_z0.5_p0_s0,1,co_purchase,0.039156,0.027226,0.052285
phi_V20_ELOW_z0.5_p0_s0,1,lambda_hybrid_0.25,0.273219,0.241005,0.309011
phi_V20_ELOW_z0.5_p0_s0,1,lambda_hybrid_0.5,0.256909,0.224481,0.287870
phi_V20_ELOW_z0.5_p0_s0,1,lambda_hybrid_0.75,0.095984,0.074477,0.120650
phi_V20_ELOW_z0.5_p0_s0,2,pop_global,0.205656,0.173303,0.236444
phi_V20_ELOW_z0.5_p0_s0,2,recency_pop_0.1,0.108579,0.087819,0.128400
phi_V20_ELOW_z0.5_p0_s0,2,recency_pop_0.5,0.156980,0.130425,0.184287
phi_V20_ELOW_z0.5_p0_s0,2,recency_pop_1.0,0.157126,0.128673,0.184115
phi_V20_ELOW_z0.5_p0_s0,2,pop_category,0.206300,0.174903,0.235646
phi_V20_ELOW_z0.5_p0_s0,2,pop_price,0.196501,0.169122,0.226557
phi_V20_ELOW_z0.5_p0_s0,2,content_knn_1,0.020832,0.012958,0.030270
phi_V20_ELOW_z0.5_p0_s0,2,content_knn_3,0.016800,0.009305,0.025146
phi_V20_ELOW_z0.5_p0_s0,2,content_knn_5,0.019453,0.010850,0.028535
phi_V20_ELOW_z0.5_p0_s0,2,last_item_nbhd,0.020514,0.012692,0.029606
phi_V20_ELOW_z0.5_p0_s0,2,pop_scaled_content,0.123229,0.101965,0.148638
phi_V20_ELOW_z0.5_p0_s0,2,co_purchase,0.027821,0.017135,0.039882
phi_V20_ELOW_z0.5_p0_s0,2,lambda_hybrid_0.25,0.124668,0.100337,0.152857
phi_V20_ELOW_z0.5_p0_s0,2,lambda_hybrid_0.5,0.109204,0.085055,0.133552
phi_V20_ELOW_z0.5_p0_s0,2,lambda_hybrid_0.75,0.042006,0.029414,0.055836
phi_V20_ELOW_z0.5_p0_s0,3,pop_global,0.110739,0.088073,0.133567
phi_V20_ELOW_z0.5_p0_s0,3,recency_pop_0.1,0.061980,0.044939,0.080460
phi_V20_ELOW_z0.5_p0_s0,3,recency_pop_0.5,0.068430,0.050632,0.087457
phi_V20_ELOW_z0.5_p0_s0,3,recency_pop_1.0,0.068504,0.049207,0.087244
phi_V20_ELOW_z0.5_p0_s0,3,pop_category,0.110013,0.087383,0.133348
phi_V20_ELOW_z0.5_p0_s0,3,pop_price,0.101312,0.081135,0.124748
phi_V20_ELOW_z0.5_p0_s0,3,content_knn_1,0.005896,0.002031,0.011068
phi_V20_ELOW_z0.5_p0_s0,3,content_knn_3,0.007465,0.002609,0.013737
phi_V20_ELOW_z0.5_p0_s0,3,content_knn_5,0.006056,0.001957,0.011079
phi_V20_ELOW_z0.5_p0_s0,3,last_item_nbhd,0.006160,0.001788,0.011741
phi_V20_ELOW_z0.5_p0_s0,3,pop_scaled_content,0.066833,0.050458,0.085911
phi_V20_ELOW_z0.5_p0_s0,3,co_purchase,0.008425,0.003138,0.015060
phi_V20_ELOW_z0.5_p0_s0,3,lambda_hybrid_0.25,0.030199,0.018849,0.042651
phi_V20_ELOW_z0.5_p0_s0,3,lambda_hybrid_0.5,0.020685,0.010873,0.031730
phi_V20_ELOW_z0.5_p0_s0,3,lambda_hybrid_0.75,0.009342,0.003673,0.016095
phi_V20_ELOW_z0.5_p0_s0,5,pop_global,0.069717,0.051532,0.090490
phi_V20_ELOW_z0.5_p0_s0,5,recency_pop_0.1,0.053317,0.036225,0.070716
phi_V20_ELOW_z0.5_p0_s0,5,recency_pop_0.5,0.056785,0.040357,0.074689
phi_V20_ELOW_z0.5_p0_s0,5,recency_pop_1.0,0.056785,0.039129,0.076642
phi_V20_ELOW_z0.5_p0_s0,5,pop_category,0.069026,0.050799,0.087862
phi_V20_ELOW_z0.5_p0_s0,5,pop_price,0.058164,0.040972,0.074338
phi_V20_ELOW_z0.5_p0_s0,5,content_knn_1,0.003837,0.000691,0.008344
phi_V20_ELOW_z0.5_p0_s0,5,content_knn_3,0.005864,0.001896,0.010704
phi_V20_ELOW_z0.5_p0_s0,5,content_knn_5,0.007742,0.002071,0.014950
phi_V20_ELOW_z0.5_p0_s0,5,last_item_nbhd,0.007260,0.002229,0.014325
phi_V20_ELOW_z0.5_p0_s0,5,pop_scaled_content,0.050458,0.035236,0.067890
phi_V20_ELOW_z0.5_p0_s0,5,co_purchase,0.009070,0.002912,0.016825
phi_V20_ELOW_z0.5_p0_s0,5,lambda_hybrid_0.25,0.016468,0.009077,0.025050
phi_V20_ELOW_z0.5_p0_s0,5,lambda_hybrid_0.5,0.012089,0.005475,0.019799
phi_V20_ELOW_z0.5_p0_s0,5,lambda_hybrid_0.75,0.010995,0.004627,0.018334
phi_V20_ELOW_z0.5_p0_s0,8,pop_global,0.049042,0.030406,0.069119
phi_V20_ELOW_z0.5_p0_s0,8,recency_pop_0.1,0.041466,0.025143,0.060701
phi_V20_ELOW_z0.5_p0_s0,8,recency_pop_0.5,0.046075,0.028537,0.065944
phi_V20_ELOW_z0.5_p0_s0,8,recency_pop_1.0,0.044122,0.026515,0.064388
phi_V20_ELOW_z0.5_p0_s0,8,pop_category,0.046001,0.027833,0.064609
phi_V20_ELOW_z0.5_p0_s0,8,pop_price,0.038546,0.022881,0.055390
phi_V20_ELOW_z0.5_p0_s0,8,content_knn_1,0.006083,0.001954,0.011189
phi_V20_ELOW_z0.5_p0_s0,8,content_knn_3,0.004193,0.000977,0.008675
phi_V20_ELOW_z0.5_p0_s0,8,content_knn_5,0.005106,0.000977,0.009456
phi_V20_ELOW_z0.5_p0_s0,8,last_item_nbhd,0.004524,0.000977,0.009306
phi_V20_ELOW_z0.5_p0_s0,8,pop_scaled_content,0.043692,0.026144,0.063244
phi_V20_ELOW_z0.5_p0_s0,8,co_purchase,0.002064,0.000000,0.005219
phi_V20_ELOW_z0.5_p0_s0,8,lambda_hybrid_0.25,0.012736,0.006258,0.020687
phi_V20_ELOW_z0.5_p0_s0,8,lambda_hybrid_0.5,0.006588,0.001954,0.012200
phi_V20_ELOW_z0.5_p0_s0,8,lambda_hybrid_0.75,0.004524,0.000977,0.010025
phi_V20_ELOW_z0.5_p0_s1,0,pop_global,0.756934,0.733035,0.781344
phi_V20_ELOW_z0.5_p0_s1,0,recency_pop_0.1,0.130960,0.105332,0.158176
phi_V20_ELOW_z0.5_p0_s1,0,recency_pop_0.5,0.157849,0.130987,0.183693
phi_V20_ELOW_z0.5_p0_s1,0,recency_pop_1.0,0.157734,0.129244,0.183709
phi_V20_ELOW_z0.5_p0_s1,0,pop_category,0.736338,0.707132,0.764382
phi_V20_ELOW_z0.5_p0_s1,0,pop_price,0.753711,0.729969,0.777823
phi_V20_ELOW_z0.5_p0_s1,0,lambda_hybrid_0.25,0.756934,0.731206,0.781745
phi_V20_ELOW_z0.5_p0_s1,0,lambda_hybrid_0.5,0.756934,0.732350,0.782129
phi_V20_ELOW_z0.5_p0_s1,0,lambda_hybrid_0.75,0.756934,0.731804,0.782083
phi_V20_ELOW_z0.5_p0_s1,0,active_elic2,0.661150,0.624737,0.695239
phi_V20_ELOW_z0.5_p0_s1,1,pop_global,0.428450,0.395423,0.462001
phi_V20_ELOW_z0.5_p0_s1,1,recency_pop_0.1,0.168754,0.142538,0.196679
phi_V20_ELOW_z0.5_p0_s1,1,recency_pop_0.5,0.179770,0.152862,0.209723
phi_V20_ELOW_z0.5_p0_s1,1,recency_pop_1.0,0.179770,0.152596,0.209960
phi_V20_ELOW_z0.5_p0_s1,1,pop_category,0.426552,0.394419,0.463528
phi_V20_ELOW_z0.5_p0_s1,1,pop_price,0.412671,0.375002,0.449432
phi_V20_ELOW_z0.5_p0_s1,1,content_knn_1,0.030354,0.020907,0.040218
phi_V20_ELOW_z0.5_p0_s1,1,content_knn_3,0.035541,0.024169,0.048860
phi_V20_ELOW_z0.5_p0_s1,1,content_knn_5,0.034093,0.023065,0.046362
phi_V20_ELOW_z0.5_p0_s1,1,last_item_nbhd,0.031150,0.020661,0.042340
phi_V20_ELOW_z0.5_p0_s1,1,pop_scaled_content,0.378866,0.343212,0.416085
phi_V20_ELOW_z0.5_p0_s1,1,co_purchase,0.076834,0.063267,0.091548
phi_V20_ELOW_z0.5_p0_s1,1,lambda_hybrid_0.25,0.365473,0.330504,0.398946
phi_V20_ELOW_z0.5_p0_s1,1,lambda_hybrid_0.5,0.290843,0.255929,0.326115
phi_V20_ELOW_z0.5_p0_s1,1,lambda_hybrid_0.75,0.189016,0.164152,0.215369
phi_V20_ELOW_z0.5_p0_s1,2,pop_global,0.263776,0.232586,0.295074
phi_V20_ELOW_z0.5_p0_s1,2,recency_pop_0.1,0.181118,0.154053,0.208282
phi_V20_ELOW_z0.5_p0_s1,2,recency_pop_0.5,0.195165,0.165941,0.224901
phi_V20_ELOW_z0.5_p0_s1,2,recency_pop_1.0,0.195165,0.166639,0.225197
phi_V20_ELOW_z0.5_p0_s1,2,pop_category,0.260063,0.230065,0.289331
phi_V20_ELOW_z0.5_p0_s1,2,pop_price,0.255339,0.224422,0.288471
phi_V20_ELOW_z0.5_p0_s1,2,content_knn_1,0.041721,0.031157,0.053659
phi_V20_ELOW_z0.5_p0_s1,2,content_knn_3,0.036726,0.026909,0.047864
phi_V20_ELOW_z0.5_p0_s1,2,content_knn_5,0.037497,0.027181,0.049740
phi_V20_ELOW_z0.5_p0_s1,2,last_item_nbhd,0.033176,0.023943,0.043654
phi_V20_ELOW_z0.5_p0_s1,2,pop_scaled_content,0.244673,0.213744,0.278451
phi_V20_ELOW_z0.5_p0_s1,2,co_purchase,0.042388,0.031814,0.053221
phi_V20_ELOW_z0.5_p0_s1,2,lambda_hybrid_0.25,0.216540,0.185262,0.249151
phi_V20_ELOW_z0.5_p0_s1,2,lambda_hybrid_0.5,0.126998,0.104113,0.150009
phi_V20_ELOW_z0.5_p0_s1,2,lambda_hybrid_0.75,0.092194,0.071472,0.113362
phi_V20_ELOW_z0.5_p0_s1,3,pop_global,0.216140,0.187574,0.247561
phi_V20_ELOW_z0.5_p0_s1,3,recency_pop_0.1,0.160902,0.136258,0.186691
phi_V20_ELOW_z0.5_p0_s1,3,recency_pop_0.5,0.188525,0.159033,0.216960
phi_V20_ELOW_z0.5_p0_s1,3,recency_pop_1.0,0.189796,0.160127,0.218300
phi_V20_ELOW_z0.5_p0_s1,3,pop_category,0.209986,0.181086,0.237186
phi_V20_ELOW_z0.5_p0_s1,3,pop_price,0.212881,0.181595,0.244619
phi_V20_ELOW_z0.5_p0_s1,3,content_knn_1,0.029054,0.020626,0.038804
phi_V20_ELOW_z0.5_p0_s1,3,content_knn_3,0.031218,0.022034,0.041294
phi_V20_ELOW_z0.5_p0_s1,3,content_knn_5,0.038388,0.027230,0.050434
phi_V20_ELOW_z0.5_p0_s1,3,last_item_nbhd,0.024417,0.016503,0.033487
phi_V20_ELOW_z0.5_p0_s1,3,pop_scaled_content,0.201200,0.170854,0.231203
phi_V20_ELOW_z0.5_p0_s1,3,co_purchase,0.038897,0.027705,0.051476
phi_V20_ELOW_z0.5_p0_s1,3,lambda_hybrid_0.25,0.159699,0.132196,0.187583
phi_V20_ELOW_z0.5_p0_s1,3,lambda_hybrid_0.5,0.110683,0.088055,0.134682
phi_V20_ELOW_z0.5_p0_s1,3,lambda_hybrid_0.75,0.065520,0.048820,0.083363
phi_V20_ELOW_z0.5_p0_s1,5,pop_global,0.130337,0.106585,0.157610
phi_V20_ELOW_z0.5_p0_s1,5,recency_pop_0.1,0.115870,0.092235,0.141046
phi_V20_ELOW_z0.5_p0_s1,5,recency_pop_0.5,0.121456,0.097672,0.145707
phi_V20_ELOW_z0.5_p0_s1,5,recency_pop_1.0,0.121177,0.094385,0.146635
phi_V20_ELOW_z0.5_p0_s1,5,pop_category,0.123782,0.101255,0.148807
phi_V20_ELOW_z0.5_p0_s1,5,pop_price,0.120587,0.095298,0.146793
phi_V20_ELOW_z0.5_p0_s1,5,content_knn_1,0.017106,0.009127,0.026285
phi_V20_ELOW_z0.5_p0_s1,5,content_knn_3,0.018809,0.011178,0.027671
phi_V20_ELOW_z0.5_p0_s1,5,content_knn_5,0.020649,0.013062,0.030123
phi_V20_ELOW_z0.5_p0_s1,5,last_item_nbhd,0.018136,0.010692,0.026665
phi_V20_ELOW_z0.5_p0_s1,5,pop_scaled_content,0.118794,0.092441,0.143161
phi_V20_ELOW_z0.5_p0_s1,5,co_purchase,0.020503,0.013092,0.028321
phi_V20_ELOW_z0.5_p0_s1,5,lambda_hybrid_0.25,0.092823,0.070030,0.116365
phi_V20_ELOW_z0.5_p0_s1,5,lambda_hybrid_0.5,0.058502,0.042476,0.075515
phi_V20_ELOW_z0.5_p0_s1,5,lambda_hybrid_0.75,0.029533,0.017785,0.041875
phi_V20_ELOW_z0.5_p0_s1,8,pop_global,0.082435,0.060995,0.105983
phi_V20_ELOW_z0.5_p0_s1,8,recency_pop_0.1,0.079153,0.057303,0.104385
phi_V20_ELOW_z0.5_p0_s1,8,recency_pop_0.5,0.081475,0.060046,0.106927
phi_V20_ELOW_z0.5_p0_s1,8,recency_pop_1.0,0.081270,0.058954,0.103961
phi_V20_ELOW_z0.5_p0_s1,8,pop_category,0.081993,0.058036,0.108144
phi_V20_ELOW_z0.5_p0_s1,8,pop_price,0.071158,0.047785,0.095605
phi_V20_ELOW_z0.5_p0_s1,8,content_knn_1,0.022396,0.011960,0.034694
phi_V20_ELOW_z0.5_p0_s1,8,content_knn_3,0.022666,0.012352,0.034126
phi_V20_ELOW_z0.5_p0_s1,8,content_knn_5,0.023844,0.012841,0.035835
phi_V20_ELOW_z0.5_p0_s1,8,last_item_nbhd,0.024424,0.013032,0.036545
phi_V20_ELOW_z0.5_p0_s1,8,pop_scaled_content,0.082458,0.058861,0.105629
phi_V20_ELOW_z0.5_p0_s1,8,co_purchase,0.015047,0.006800,0.024026
phi_V20_ELOW_z0.5_p0_s1,8,lambda_hybrid_0.25,0.068515,0.046244,0.091872
phi_V20_ELOW_z0.5_p0_s1,8,lambda_hybrid_0.5,0.045804,0.031018,0.061355
phi_V20_ELOW_z0.5_p0_s1,8,lambda_hybrid_0.75,0.027901,0.016011,0.042700
phi_V20_ELOW_z0.5_p1_s0,0,pop_global,0.764657,0.736665,0.792959
phi_V20_ELOW_z0.5_p1_s0,0,recency_pop_0.1,0.077644,0.061568,0.095194
phi_V20_ELOW_z0.5_p1_s0,0,recency_pop_0.5,0.125249,0.105413,0.146483
phi_V20_ELOW_z0.5_p1_s0,0,recency_pop_1.0,0.129954,0.110303,0.152088
phi_V20_ELOW_z0.5_p1_s0,0,pop_category,0.764657,0.737307,0.791936
phi_V20_ELOW_z0.5_p1_s0,0,pop_price,0.760788,0.732615,0.788949
phi_V20_ELOW_z0.5_p1_s0,0,lambda_hybrid_0.25,0.764657,0.737196,0.792282
phi_V20_ELOW_z0.5_p1_s0,0,lambda_hybrid_0.5,0.764657,0.734994,0.791805
phi_V20_ELOW_z0.5_p1_s0,0,lambda_hybrid_0.75,0.764657,0.733779,0.792381
phi_V20_ELOW_z0.5_p1_s0,0,active_elic2,0.764657,0.737350,0.793346
phi_V20_ELOW_z0.5_p1_s0,1,pop_global,0.398300,0.360686,0.435454
phi_V20_ELOW_z0.5_p1_s0,1,recency_pop_0.1,0.106853,0.086521,0.129227
phi_V20_ELOW_z0.5_p1_s0,1,recency_pop_0.5,0.298837,0.264051,0.330130
phi_V20_ELOW_z0.5_p1_s0,1,recency_pop_1.0,0.309760,0.276980,0.344880
phi_V20_ELOW_z0.5_p1_s0,1,pop_category,0.398300,0.361752,0.433309
phi_V20_ELOW_z0.5_p1_s0,1,pop_price,0.385538,0.349324,0.421194
phi_V20_ELOW_z0.5_p1_s0,1,content_knn_1,0.048699,0.034108,0.063593
phi_V20_ELOW_z0.5_p1_s0,1,content_knn_3,0.047622,0.032046,0.063033
phi_V20_ELOW_z0.5_p1_s0,1,content_knn_5,0.051554,0.037057,0.067368
phi_V20_ELOW_z0.5_p1_s0,1,last_item_nbhd,0.041141,0.028681,0.054750
phi_V20_ELOW_z0.5_p1_s0,1,pop_scaled_content,0.203872,0.176876,0.231337
phi_V20_ELOW_z0.5_p1_s0,1,co_purchase,0.037865,0.027221,0.049947
phi_V20_ELOW_z0.5_p1_s0,1,lambda_hybrid_0.25,0.271289,0.239189,0.307391
phi_V20_ELOW_z0.5_p1_s0,1,lambda_hybrid_0.5,0.256909,0.222675,0.291080
phi_V20_ELOW_z0.5_p1_s0,1,lambda_hybrid_0.75,0.099104,0.076843,0.123983
phi_V20_ELOW_z0.5_p1_s0,2,pop_global,0.220205,0.189871,0.251958
phi_V20_ELOW_z0.5_p1_s0,2,recency_pop_0.1,0.114436,0.094082,0.135236
phi_V20_ELOW_z0.5_p1_s0,2,recency_pop_0.5,0.171706,0.143964,0.201713
phi_V20_ELOW_z0.5_p1_s0,2,recency_pop_1.0,0.171706,0.144069,0.199594
phi_V20_ELOW_z0.5_p1_s0,2,pop_category,0.220205,0.188830,0.252201
phi_V20_ELOW_z0.5_p1_s0,2,pop_price,0.207833,0.178458,0.238106
phi_V20_ELOW_z0.5_p1_s0,2,content_knn_1,0.027550,0.017332,0.038849
phi_V20_ELOW_z0.5_p1_s0,2,content_knn_3,0.023763,0.013388,0.034771
phi_V20_ELOW_z0.5_p1_s0,2,content_knn_5,0.029068,0.018601,0.041201
phi_V20_ELOW_z0.5_p1_s0,2,last_item_nbhd,0.022593,0.013554,0.033112
phi_V20_ELOW_z0.5_p1_s0,2,pop_scaled_content,0.139776,0.115597,0.166015
phi_V20_ELOW_z0.5_p1_s0,2,co_purchase,0.018513,0.010961,0.027436
phi_V20_ELOW_z0.5_p1_s0,2,lambda_hybrid_0.25,0.125419,0.101051,0.151287
phi_V20_ELOW_z0.5_p1_s0,2,lambda_hybrid_0.5,0.113833,0.088909,0.139167
phi_V20_ELOW_z0.5_p1_s0,2,lambda_hybrid_0.75,0.046618,0.030711,0.062183
phi_V20_ELOW_z0.5_p1_s0,3,pop_global,0.124678,0.098473,0.148355
phi_V20_ELOW_z0.5_p1_s0,3,recency_pop_0.1,0.075962,0.056991,0.095970
phi_V20_ELOW_z0.5_p1_s0,3,recency_pop_0.5,0.084247,0.062422,0.104907
phi_V20_ELOW_z0.5_p1_s0,3,recency_pop_1.0,0.084247,0.063406,0.105605
phi_V20_ELOW_z0.5_p1_s0,3,pop_category,0.124678,0.102768,0.148908
phi_V20_ELOW_z0.5_p1_s0,3,pop_price,0.115841,0.093481,0.139460
phi_V20_ELOW_z0.5_p1_s0,3,content_knn_1,0.014862,0.007150,0.024432
phi_V20_ELOW_z0.5_p1_s0,3,content_knn_3,0.014892,0.007391,0.023202
phi_V20_ELOW_z0.5_p1_s0,3,content_knn_5,0.016137,0.008663,0.024997
phi_V20_ELOW_z0.5_p1_s0,3,last_item_nbhd,0.017392,0.009914,0.026483
phi_V20_ELOW_z0.5_p1_s0,3,pop_scaled_content,0.079192,0.061762,0.098853
phi_V20_ELOW_z0.5_p1_s0,3,co_purchase,0.009071,0.004437,0.014931
phi_V20_ELOW_z0.5_p1_s0,3,lambda_hybrid_0.25,0.045005,0.030407,0.059931
phi_V20_ELOW_z0.5_p1_s0,3,lambda_hybrid_0.5,0.036594,0.023793,0.050833
phi_V20_ELOW_z0.5_p1_s0,3,lambda_hybrid_0.75,0.019540,0.010505,0.029814
phi_V20_ELOW_z0.5_p1_s0,5,pop_global,0.061101,0.044408,0.078304
phi_V20_ELOW_z0.5_p1_s0,5,recency_pop_0.1,0.049685,0.034279,0.065878
phi_V20_ELOW_z0.5_p1_s0,5,recency_pop_0.5,0.051875,0.036149,0.070303
phi_V20_ELOW_z0.5_p1_s0,5,recency_pop_1.0,0.051875,0.035778,0.069076
phi_V20_ELOW_z0.5_p1_s0,5,pop_category,0.061792,0.045730,0.079674
phi_V20_ELOW_z0.5_p1_s0,5,pop_price,0.056781,0.040021,0.073931
phi_V20_ELOW_z0.5_p1_s0,5,content_knn_1,0.008238,0.003734,0.013276
phi_V20_ELOW_z0.5_p1_s0,5,content_knn_3,0.005963,0.002229,0.010467
phi_V20_ELOW_z0.5_p1_s0,5,content_knn_5,0.009396,0.004576,0.015204
phi_V20_ELOW_z0.5_p1_s0,5,last_item_nbhd,0.007579,0.002996,0.012730
phi_V20_ELOW_z0.5_p1_s0,5,pop_scaled_content,0.039679,0.026076,0.055025
phi_V20_ELOW_z0.5_p1_s0,5,co_purchase,0.005219,0.001382,0.009524
phi_V20_ELOW_z0.5_p1_s0,5,lambda_hybrid_0.25,0.013588,0.007386,0.020848
phi_V20_ELOW_z0.5_p1_s0,5,lambda_hybrid_0.5,0.010746,0.005067,0.017517
phi_V20_ELOW_z0.5_p1_s0,5,lambda_hybrid_0.75,0.009729,0.004912,0.015849
phi_V20_ELOW_z0.5_p1_s0,8,pop_global,0.037744,0.022104,0.055345
phi_V20_ELOW_z0.5_p1_s0,8,recency_pop_0.1,0.032504,0.017832,0.050411
phi_V20_ELOW_z0.5_p1_s0,8,recency_pop_0.5,0.038435,0.022796,0.056435
phi_V20_ELOW_z0.5_p1_s0,8,recency_pop_1.0,0.036812,0.020746,0.052547
phi_V20_ELOW_z0.5_p1_s0,8,pop_category,0.038721,0.022234,0.057059
phi_V20_ELOW_z0.5_p1_s0,8,pop_price,0.035063,0.019250,0.053227
phi_V20_ELOW_z0.5_p1_s0,8,content_knn_1,0.007631,0.002240,0.013890
phi_V20_ELOW_z0.5_p1_s0,8,content_knn_3,0.007787,0.003041,0.013904
phi_V20_ELOW_z0.5_p1_s0,8,content_knn_5,0.011133,0.004018,0.020037
phi_V20_ELOW_z0.5_p1_s0,8,last_item_nbhd,0.008764,0.002931,0.015463
phi_V20_ELOW_z0.5_p1_s0,8,pop_scaled_content,0.035325,0.021172,0.051250
phi_V20_ELOW_z0.5_p1_s0,8,co_purchase,0.004700,0.001088,0.009751
phi_V20_ELOW_z0.5_p1_s0,8,lambda_hybrid_0.25,0.012091,0.005897,0.019803
phi_V20_ELOW_z0.5_p1_s0,8,lambda_hybrid_0.5,0.010828,0.004995,0.017749
phi_V20_ELOW_z0.5_p1_s0,8,lambda_hybrid_0.75,0.010717,0.004632,0.017167
phi_V20_ELOW_z0.5_p1_s1,0,pop_global,0.743291,0.717159,0.769205
phi_V20_ELOW_z0.5_p1_s1,0,recency_pop_0.1,0.142116,0.115336,0.169575
phi_V20_ELOW_z0.5_p1_s1,0,recency_pop_0.5,0.149626,0.123875,0.177820
phi_V20_ELOW_z0.5_p1_s1,0,recency_pop_1.0,0.156751,0.131291,0.183271
phi_V20_ELOW_z0.5_p1_s1,0,pop_category,0.726064,0.697289,0.754299
phi_V20_ELOW_z0.5_p1_s1,0,pop_price,0.736199,0.708879,0.765848
phi_V20_ELOW_z0.5_p1_s1,0,lambda_hybrid_0.25,0.743291,0.717540,0.769109
phi_V20_ELOW_z0.5_p1_s1,0,lambda_hybrid_0.5,0.743291,0.716921,0.769485
phi_V20_ELOW_z0.5_p1_s1,0,lambda_hybrid_0.75,0.743291,0.717180,0.769477
phi_V20_ELOW_z0.5_p1_s1,0,active_elic2,0.673217,0.639373,0.706263
phi_V20_ELOW_z0.5_p1_s1,1,pop_global,0.415012,0.382651,0.451706
phi_V20_ELOW_z0.5_p1_s1,1,recency_pop_0.1,0.169367,0.141124,0.196799
phi_V20_ELOW_z0.5_p1_s1,1,recency_pop_0.5,0.185978,0.157790,0.215330
phi_V20_ELOW_z0.5_p1_s1,1,recency_pop_1.0,0.185333,0.159228,0.215466
phi_V20_ELOW_z0.5_p1_s1,1,pop_category,0.411466,0.380090,0.444323
phi_V20_ELOW_z0.5_p1_s1,1,pop_price,0.405621,0.369622,0.441567
phi_V20_ELOW_z0.5_p1_s1,1,content_knn_1,0.047215,0.035358,0.059981
phi_V20_ELOW_z0.5_p1_s1,1,content_knn_3,0.054091,0.040330,0.068985
phi_V20_ELOW_z0.5_p1_s1,1,content_knn_5,0.050508,0.037801,0.065190
phi_V20_ELOW_z0.5_p1_s1,1,last_item_nbhd,0.045097,0.033993,0.056387
phi_V20_ELOW_z0.5_p1_s1,1,pop_scaled_content,0.360947,0.327029,0.398159
phi_V20_ELOW_z0.5_p1_s1,1,co_purchase,0.070752,0.055934,0.086568
phi_V20_ELOW_z0.5_p1_s1,1,lambda_hybrid_0.25,0.361492,0.325368,0.395752
phi_V20_ELOW_z0.5_p1_s1,1,lambda_hybrid_0.5,0.286515,0.251251,0.320483
phi_V20_ELOW_z0.5_p1_s1,1,lambda_hybrid_0.75,0.186687,0.161316,0.210761
phi_V20_ELOW_z0.5_p1_s1,2,pop_global,0.265723,0.234401,0.298072
phi_V20_ELOW_z0.5_p1_s1,2,recency_pop_0.1,0.170192,0.141650,0.198775
phi_V20_ELOW_z0.5_p1_s1,2,recency_pop_0.5,0.179114,0.150966,0.208196
phi_V20_ELOW_z0.5_p1_s1,2,recency_pop_1.0,0.181055,0.152061,0.209623
phi_V20_ELOW_z0.5_p1_s1,2,pop_category,0.262996,0.232504,0.293314
phi_V20_ELOW_z0.5_p1_s1,2,pop_price,0.261897,0.229878,0.296436
phi_V20_ELOW_z0.5_p1_s1,2,content_knn_1,0.043722,0.031339,0.055976
phi_V20_ELOW_z0.5_p1_s1,2,content_knn_3,0.041016,0.029409,0.053428
phi_V20_ELOW_z0.5_p1_s1,2,content_knn_5,0.044670,0.032691,0.056282
phi_V20_ELOW_z0.5_p1_s1,2,last_item_nbhd,0.042525,0.030470,0.054013
phi_V20_ELOW_z0.5_p1_s1,2,pop_scaled_content,0.253843,0.221545,0.286437
phi_V20_ELOW_z0.5_p1_s1,2,co_purchase,0.045837,0.033195,0.059923
phi_V20_ELOW_z0.5_p1_s1,2,lambda_hybrid_0.25,0.233131,0.201973,0.266065
phi_V20_ELOW_z0.5_p1_s1,2,lambda_hybrid_0.5,0.144877,0.120447,0.169802
phi_V20_ELOW_z0.5_p1_s1,2,lambda_hybrid_0.75,0.103686,0.082758,0.127305
phi_V20_ELOW_z0.5_p1_s1,3,pop_global,0.215287,0.188604,0.244985
phi_V20_ELOW_z0.5_p1_s1,3,recency_pop_0.1,0.163451,0.137856,0.190284
phi_V20_ELOW_z0.5_p1_s1,3,recency_pop_0.5,0.183459,0.154631,0.211902
phi_V20_ELOW_z0.5_p1_s1,3,recency_pop_1.0,0.184573,0.158044,0.212021
phi_V20_ELOW_z0.5_p1_s1,3,pop_category,0.207586,0.178595,0.238057
phi_V20_ELOW_z0.5_p1_s1,3,pop_price,0.203791,0.172846,0.234053
phi_V20_ELOW_z0.5_p1_s1,3,content_knn_1,0.030725,0.020804,0.041074
phi_V20_ELOW_z0.5_p1_s1,3,content_knn_3,0.034815,0.023916,0.046649
phi_V20_ELOW_z0.5_p1_s1,3,content_knn_5,0.039969,0.028791,0.051921
phi_V20_ELOW_z0.5_p1_s1,3,last_item_nbhd,0.032713,0.022005,0.043792
phi_V20_ELOW_z0.5_p1_s1,3,pop_scaled_content,0.192109,0.164060,0.221283
phi_V20_ELOW_z0.5_p1_s1,3,co_purchase,0.032847,0.023564,0.044229
phi_V20_ELOW_z0.5_p1_s1,3,lambda_hybrid_0.25,0.157088,0.129153,0.185809
phi_V20_ELOW_z0.5_p1_s1,3,lambda_hybrid_0.5,0.109994,0.087958,0.133658
phi_V20_ELOW_z0.5_p1_s1,3,lambda_hybrid_0.75,0.072166,0.054258,0.090128
phi_V20_ELOW_z0.5_p1_s1,5,pop_global,0.117954,0.095358,0.144992
phi_V20_ELOW_z0.5_p1_s1,5,recency_pop_0.1,0.106091,0.084132,0.129864
phi_V20_ELOW_z0.5_p1_s1,5,recency_pop_0.5,0.113350,0.089276,0.137391
phi_V20_ELOW_z0.5_p1_s1,5,recency_pop_1.0,0.114006,0.090171,0.137768
phi_V20_ELOW_z0.5_p1_s1,5,pop_category,0.116951,0.092663,0.139920
phi_V20_ELOW_z0.5_p1_s1,5,pop_price,0.106392,0.083045,0.131528
phi_V20_ELOW_z0.5_p1_s1,5,content_knn_1,0.026513,0.017321,0.036996
phi_V20_ELOW_z0.5_p1_s1,5,content_knn_3,0.026287,0.017812,0.036348
phi_V20_ELOW_z0.5_p1_s1,5,content_knn_5,0.029205,0.019883,0.040214
phi_V20_ELOW_z0.5_p1_s1,5,last_item_nbhd,0.029137,0.019069,0.040009
phi_V20_ELOW_z0.5_p1_s1,5,pop_scaled_content,0.112933,0.089564,0.136868
phi_V20_ELOW_z0.5_p1_s1,5,co_purchase,0.026133,0.017550,0.036758
phi_V20_ELOW_z0.5_p1_s1,5,lambda_hybrid_0.25,0.103652,0.080621,0.127971
phi_V20_ELOW_z0.5_p1_s1,5,lambda_hybrid_0.5,0.060923,0.046419,0.077302
phi_V20_ELOW_z0.5_p1_s1,5,lambda_hybrid_0.75,0.040170,0.027376,0.054723
phi_V20_ELOW_z0.5_p1_s1,8,pop_global,0.096883,0.071743,0.124503
phi_V20_ELOW_z0.5_p1_s1,8,recency_pop_0.1,0.087682,0.063039,0.111891
phi_V20_ELOW_z0.5_p1_s1,8,recency_pop_0.5,0.089883,0.065605,0.116791
phi_V20_ELOW_z0.5_p1_s1,8,recency_pop_1.0,0.090951,0.065657,0.116437
phi_V20_ELOW_z0.5_p1_s1,8,pop_category,0.093421,0.067472,0.117882
phi_V20_ELOW_z0.5_p1_s1,8,pop_price,0.084022,0.059940,0.108623
phi_V20_ELOW_z0.5_p1_s1,8,content_knn_1,0.018871,0.010639,0.029341
phi_V20_ELOW_z0.5_p1_s1,8,content_knn_3,0.019397,0.010202,0.030059
phi_V20_ELOW_z0.5_p1_s1,8,content_knn_5,0.021273,0.011961,0.033533
phi_V20_ELOW_z0.5_p1_s1,8,last_item_nbhd,0.018546,0.009761,0.028916
phi_V20_ELOW_z0.5_p1_s1,8,pop_scaled_content,0.095081,0.068300,0.122223
phi_V20_ELOW_z0.5_p1_s1,8,co_purchase,0.008213,0.003097,0.014753
phi_V20_ELOW_z0.5_p1_s1,8,lambda_hybrid_0.25,0.079884,0.056251,0.106113
phi_V20_ELOW_z0.5_p1_s1,8,lambda_hybrid_0.5,0.047310,0.030212,0.063728
phi_V20_ELOW_z0.5_p1_s1,8,lambda_hybrid_0.75,0.019216,0.009560,0.030255
phi_V20_ELOW_z1.5_p0.25_s0,0,pop_global,0.309360,0.279524,0.340675
phi_V20_ELOW_z1.5_p0.25_s0,0,recency_pop_0.1,0.122192,0.100925,0.141787
phi_V20_ELOW_z1.5_p0.25_s0,0,recency_pop_0.5,0.123771,0.103147,0.144754
phi_V20_ELOW_z1.5_p0.25_s0,0,recency_pop_1.0,0.123990,0.103626,0.145001
phi_V20_ELOW_z1.5_p0.25_s0,0,pop_category,0.317271,0.286561,0.347964
phi_V20_ELOW_z1.5_p0.25_s0,0,pop_price,0.307022,0.275009,0.338533
phi_V20_ELOW_z1.5_p0.25_s0,0,lambda_hybrid_0.25,0.309360,0.279483,0.340206
phi_V20_ELOW_z1.5_p0.25_s0,0,lambda_hybrid_0.5,0.309360,0.279429,0.337815
phi_V20_ELOW_z1.5_p0.25_s0,0,lambda_hybrid_0.75,0.309360,0.278165,0.341226
phi_V20_ELOW_z1.5_p0.25_s0,0,active_elic2,0.317271,0.286919,0.351252
phi_V20_ELOW_z1.5_p0.25_s0,1,pop_global,0.295999,0.268207,0.324893
phi_V20_ELOW_z1.5_p0.25_s0,1,recency_pop_0.1,0.146742,0.122988,0.168733
phi_V20_ELOW_z1.5_p0.25_s0,1,recency_pop_0.5,0.152769,0.129509,0.174419
phi_V20_ELOW_z1.5_p0.25_s0,1,recency_pop_1.0,0.152812,0.129739,0.176698
phi_V20_ELOW_z1.5_p0.25_s0,1,pop_category,0.291419,0.262301,0.321795
phi_V20_ELOW_z1.5_p0.25_s0,1,pop_price,0.294637,0.264232,0.322367
phi_V20_ELOW_z1.5_p0.25_s0,1,content_knn_1,0.146473,0.121993,0.169741
phi_V20_ELOW_z1.5_p0.25_s0,1,content_knn_3,0.120071,0.102229,0.139563
phi_V20_ELOW_z1.5_p0.25_s0,1,content_knn_5,0.127167,0.108081,0.148465
phi_V20_ELOW_z1.5_p0.25_s0,1,last_item_nbhd,0.139636,0.116268,0.162793
phi_V20_ELOW_z1.5_p0.25_s0,1,pop_scaled_content,0.220185,0.193172,0.247395
phi_V20_ELOW_z1.5_p0.25_s0,1,co_purchase,0.115642,0.095735,0.135977
phi_V20_ELOW_z1.5_p0.25_s0,1,lambda_hybrid_0.25,0.273586,0.245037,0.302047
phi_V20_ELOW_z1.5_p0.25_s0,1,lambda_hybrid_0.5,0.251460,0.221367,0.281776
phi_V20_ELOW_z1.5_p0.25_s0,1,lambda_hybrid_0.75,0.180272,0.153939,0.208489
phi_V20_ELOW_z1.5_p0.25_s0,2,pop_global,0.347094,0.316264,0.378705
phi_V20_ELOW_z1.5_p0.25_s0,2,recency_pop_0.1,0.189818,0.162105,0.215808
phi_V20_ELOW_z1.5_p0.25_s0,2,recency_pop_0.5,0.213233,0.188969,0.239982
phi_V20_ELOW_z1.5_p0.25_s0,2,recency_pop_1.0,0.217984,0.190534,0.246512
phi_V20_ELOW_z1.5_p0.25_s0,2,pop_category,0.332551,0.300272,0.363846
phi_V20_ELOW_z1.5_p0.25_s0,2,pop_price,0.346458,0.314899,0.378411
phi_V20_ELOW_z1.5_p0.25_s0,2,content_knn_1,0.113036,0.094430,0.133233
phi_V20_ELOW_z1.5_p0.25_s0,2,content_knn_3,0.107366,0.087352,0.127287
phi_V20_ELOW_z1.5_p0.25_s0,2,content_knn_5,0.123438,0.104840,0.144845
phi_V20_ELOW_z1.5_p0.25_s0,2,last_item_nbhd,0.119545,0.099966,0.141143
phi_V20_ELOW_z1.5_p0.25_s0,2,pop_scaled_content,0.263532,0.234670,0.296174
phi_V20_ELOW_z1.5_p0.25_s0,2,co_purchase,0.089955,0.072607,0.108783
phi_V20_ELOW_z1.5_p0.25_s0,2,lambda_hybrid_0.25,0.314461,0.280623,0.348233
phi_V20_ELOW_z1.5_p0.25_s0,2,lambda_hybrid_0.5,0.276907,0.244177,0.309146
phi_V20_ELOW_z1.5_p0.25_s0,2,lambda_hybrid_0.75,0.155059,0.133240,0.179164
phi_V20_ELOW_z1.5_p0.25_s0,3,pop_global,0.316098,0.285059,0.346617
phi_V20_ELOW_z1.5_p0.25_s0,3,recency_pop_0.1,0.196712,0.171448,0.224035
phi_V20_ELOW_z1.5_p0.25_s0,3,recency_pop_0.5,0.232473,0.204284,0.262137
phi_V20_ELOW_z1.5_p0.25_s0,3,recency_pop_1.0,0.238249,0.208875,0.267432
phi_V20_ELOW_z1.5_p0.25_s0,3,pop_category,0.289525,0.260211,0.321702
phi_V20_ELOW_z1.5_p0.25_s0,3,pop_price,0.311494,0.279323,0.344511
phi_V20_ELOW_z1.5_p0.25_s0,3,content_knn_1,0.109222,0.089403,0.129808
phi_V20_ELOW_z1.5_p0.25_s0,3,content_knn_3,0.093480,0.076094,0.112034
phi_V20_ELOW_z1.5_p0.25_s0,3,content_knn_5,0.104722,0.085068,0.123653
phi_V20_ELOW_z1.5_p0.25_s0,3,last_item_nbhd,0.107785,0.088572,0.127176
phi_V20_ELOW_z1.5_p0.25_s0,3,pop_scaled_content,0.274483,0.245724,0.305645
phi_V20_ELOW_z1.5_p0.25_s0,3,co_purchase,0.071650,0.055850,0.089541
phi_V20_ELOW_z1.5_p0.25_s0,3,lambda_hybrid_0.25,0.292873,0.259909,0.323790
phi_V20_ELOW_z1.5_p0.25_s0,3,lambda_hybrid_0.5,0.256508,0.224114,0.288959
phi_V20_ELOW_z1.5_p0.25_s0,3,lambda_hybrid_0.75,0.143713,0.121000,0.164697
phi_V20_ELOW_z1.5_p0.25_s0,5,pop_global,0.228494,0.199600,0.258238
phi_V20_ELOW_z1.5_p0.25_s0,5,recency_pop_0.1,0.202979,0.175299,0.232695
phi_V20_ELOW_z1.5_p0.25_s0,5,recency_pop_0.5,0.207552,0.178105,0.240494
phi_V20_ELOW_z1.5_p0.25_s0,5,recency_pop_1.0,0.207085,0.176713,0.238278
phi_V20_ELOW_z1.5_p0.25_s0,5,pop_category,0.226046,0.195269,0.254868
phi_V20_ELOW_z1.5_p0.25_s0,5,pop_price,0.225570,0.196917,0.252637
phi_V20_ELOW_z1.5_p0.25_s0,5,content_knn_1,0.100222,0.080381,0.120505
phi_V20_ELOW_z1.5_p0.25_s0,5,content_knn_3,0.093252,0.074194,0.111223
phi_V20_ELOW_z1.5_p0.25_s0,5,content_knn_5,0.095892,0.077669,0.114943
phi_V20_ELOW_z1.5_p0.25_s0,5,last_item_nbhd,0.090710,0.071699,0.110031
phi_V20_ELOW_z1.5_p0.25_s0,5,pop_scaled_content,0.217697,0.187231,0.248188
phi_V20_ELOW_z1.5_p0.25_s0,5,co_purchase,0.057778,0.043798,0.073090
phi_V20_ELOW_z1.5_p0.25_s0,5,lambda_hybrid_0.25,0.200472,0.172672,0.229916
phi_V20_ELOW_z1.5_p0.25_s0,5,lambda_hybrid_0.5,0.175005,0.147026,0.200927
phi_V20_ELOW_z1.5_p0.25_s0,5,lambda_hybrid_0.75,0.115800,0.096267,0.137600
phi_V20_ELOW_z1.5_p0.25_s0,8,pop_global,0.156968,0.127912,0.187233
phi_V20_ELOW_z1.5_p0.25_s0,8,recency_pop_0.1,0.150833,0.122678,0.180853
phi_V20_ELOW_z1.5_p0.25_s0,8,recency_pop_0.5,0.153114,0.125056,0.182862
phi_V20_ELOW_z1.5_p0.25_s0,8,recency_pop_1.0,0.150626,0.122683,0.183117
phi_V20_ELOW_z1.5_p0.25_s0,8,pop_category,0.139815,0.115013,0.169283
phi_V20_ELOW_z1.5_p0.25_s0,8,pop_price,0.154026,0.125448,0.182782
phi_V20_ELOW_z1.5_p0.25_s0,8,content_knn_1,0.055271,0.038709,0.073763
phi_V20_ELOW_z1.5_p0.25_s0,8,content_knn_3,0.053193,0.037341,0.070348
phi_V20_ELOW_z1.5_p0.25_s0,8,content_knn_5,0.058455,0.042129,0.074941
phi_V20_ELOW_z1.5_p0.25_s0,8,last_item_nbhd,0.050456,0.035070,0.066972
phi_V20_ELOW_z1.5_p0.25_s0,8,pop_scaled_content,0.148112,0.118672,0.178291
phi_V20_ELOW_z1.5_p0.25_s0,8,co_purchase,0.029826,0.017209,0.044138
phi_V20_ELOW_z1.5_p0.25_s0,8,lambda_hybrid_0.25,0.131117,0.103387,0.161052
phi_V20_ELOW_z1.5_p0.25_s0,8,lambda_hybrid_0.5,0.087173,0.066107,0.111520
phi_V20_ELOW_z1.5_p0.25_s0,8,lambda_hybrid_0.75,0.059364,0.042547,0.078186
phi_V20_ELOW_z1.5_p0.25_s1,0,pop_global,0.280661,0.251870,0.309674
phi_V20_ELOW_z1.5_p0.25_s1,0,recency_pop_0.1,0.128853,0.107578,0.151013
phi_V20_ELOW_z1.5_p0.25_s1,0,recency_pop_0.5,0.138695,0.116251,0.163312
phi_V20_ELOW_z1.5_p0.25_s1,0,recency_pop_1.0,0.138695,0.114537,0.161684
phi_V20_ELOW_z1.5_p0.25_s1,0,pop_category,0.294838,0.262542,0.326100
phi_V20_ELOW_z1.5_p0.25_s1,0,pop_price,0.304469,0.275760,0.329699
phi_V20_ELOW_z1.5_p0.25_s1,0,lambda_hybrid_0.25,0.280661,0.250179,0.310149
phi_V20_ELOW_z1.5_p0.25_s1,0,lambda_hybrid_0.5,0.280661,0.251370,0.308368
phi_V20_ELOW_z1.5_p0.25_s1,0,lambda_hybrid_0.75,0.280661,0.253930,0.312293
phi_V20_ELOW_z1.5_p0.25_s1,0,active_elic2,0.261507,0.231398,0.293555
phi_V20_ELOW_z1.5_p0.25_s1,1,pop_global,0.288445,0.260315,0.318552
phi_V20_ELOW_z1.5_p0.25_s1,1,recency_pop_0.1,0.112512,0.093019,0.132793
phi_V20_ELOW_z1.5_p0.25_s1,1,recency_pop_0.5,0.144334,0.119946,0.167822
phi_V20_ELOW_z1.5_p0.25_s1,1,recency_pop_1.0,0.145072,0.120977,0.168886
phi_V20_ELOW_z1.5_p0.25_s1,1,pop_category,0.303278,0.273084,0.333744
phi_V20_ELOW_z1.5_p0.25_s1,1,pop_price,0.296744,0.267304,0.325413
phi_V20_ELOW_z1.5_p0.25_s1,1,content_knn_1,0.122301,0.102677,0.142501
phi_V20_ELOW_z1.5_p0.25_s1,1,content_knn_3,0.120788,0.099953,0.141498
phi_V20_ELOW_z1.5_p0.25_s1,1,content_knn_5,0.134890,0.114267,0.156561
phi_V20_ELOW_z1.5_p0.25_s1,1,last_item_nbhd,0.126573,0.108005,0.146636
phi_V20_ELOW_z1.5_p0.25_s1,1,pop_scaled_content,0.231503,0.203530,0.258358
phi_V20_ELOW_z1.5_p0.25_s1,1,co_purchase,0.150806,0.129855,0.171905
phi_V20_ELOW_z1.5_p0.25_s1,1,lambda_hybrid_0.25,0.278932,0.248629,0.308045
phi_V20_ELOW_z1.5_p0.25_s1,1,lambda_hybrid_0.5,0.272905,0.244027,0.304901
phi_V20_ELOW_z1.5_p0.25_s1,1,lambda_hybrid_0.75,0.167756,0.146609,0.191273
phi_V20_ELOW_z1.5_p0.25_s1,2,pop_global,0.271914,0.243641,0.300816
phi_V20_ELOW_z1.5_p0.25_s1,2,recency_pop_0.1,0.155057,0.132510,0.180755
phi_V20_ELOW_z1.5_p0.25_s1,2,recency_pop_0.5,0.184170,0.157771,0.211444
phi_V20_ELOW_z1.5_p0.25_s1,2,recency_pop_1.0,0.183690,0.157345,0.210310
phi_V20_ELOW_z1.5_p0.25_s1,2,pop_category,0.268700,0.240701,0.295311
phi_V20_ELOW_z1.5_p0.25_s1,2,pop_price,0.261656,0.235136,0.291307
phi_V20_ELOW_z1.5_p0.25_s1,2,content_knn_1,0.119977,0.099562,0.141459
phi_V20_ELOW_z1.5_p0.25_s1,2,content_knn_3,0.116575,0.096514,0.137539
phi_V20_ELOW_z1.5_p0.25_s1,2,content_knn_5,0.117881,0.099817,0.137928
phi_V20_ELOW_z1.5_p0.25_s1,2,last_item_nbhd,0.132595,0.111694,0.154857
phi_V20_ELOW_z1.5_p0.25_s1,2,pop_scaled_content,0.231295,0.204876,0.258670
phi_V20_ELOW_z1.5_p0.25_s1,2,co_purchase,0.118327,0.098093,0.139570
phi_V20_ELOW_z1.5_p0.25_s1,2,lambda_hybrid_0.25,0.266561,0.237106,0.296678
phi_V20_ELOW_z1.5_p0.25_s1,2,lambda_hybrid_0.5,0.244304,0.214085,0.276417
phi_V20_ELOW_z1.5_p0.25_s1,2,lambda_hybrid_0.75,0.172822,0.144519,0.199224
phi_V20_ELOW_z1.5_p0.25_s1,3,pop_global,0.253973,0.223298,0.285980
phi_V20_ELOW_z1.5_p0.25_s1,3,recency_pop_0.1,0.188277,0.163603,0.215510
phi_V20_ELOW_z1.5_p0.25_s1,3,recency_pop_0.5,0.195540,0.166694,0.224700
phi_V20_ELOW_z1.5_p0.25_s1,3,recency_pop_1.0,0.193425,0.164469,0.220586
phi_V20_ELOW_z1.5_p0.25_s1,3,pop_category,0.249084,0.219030,0.276570
phi_V20_ELOW_z1.5_p0.25_s1,3,pop_price,0.258049,0.228462,0.287184
phi_V20_ELOW_z1.5_p0.25_s1,3,content_knn_1,0.109320,0.090512,0.129170
phi_V20_ELOW_z1.5_p0.25_s1,3,content_knn_3,0.107966,0.091041,0.126073
phi_V20_ELOW_z1.5_p0.25_s1,3,content_knn_5,0.110743,0.091507,0.131167
phi_V20_ELOW_z1.5_p0.25_s1,3,last_item_nbhd,0.106858,0.088265,0.127140
phi_V20_ELOW_z1.5_p0.25_s1,3,pop_scaled_content,0.218406,0.192664,0.246905
phi_V20_ELOW_z1.5_p0.25_s1,3,co_purchase,0.095934,0.077739,0.114390
phi_V20_ELOW_z1.5_p0.25_s1,3,lambda_hybrid_0.25,0.242019,0.214416,0.270569
phi_V20_ELOW_z1.5_p0.25_s1,3,lambda_hybrid_0.5,0.217970,0.190068,0.244835
phi_V20_ELOW_z1.5_p0.25_s1,3,lambda_hybrid_0.75,0.153234,0.131853,0.180121
phi_V20_ELOW_z1.5_p0.25_s1,5,pop_global,0.204469,0.175705,0.233333
phi_V20_ELOW_z1.5_p0.25_s1,5,recency_pop_0.1,0.185766,0.158241,0.215203
phi_V20_ELOW_z1.5_p0.25_s1,5,recency_pop_0.5,0.182180,0.154293,0.209046
phi_V20_ELOW_z1.5_p0.25_s1,5,recency_pop_1.0,0.182434,0.155965,0.209269
phi_V20_ELOW_z1.5_p0.25_s1,5,pop_category,0.187399,0.162134,0.214304
phi_V20_ELOW_z1.5_p0.25_s1,5,pop_price,0.199477,0.171972,0.230521
phi_V20_ELOW_z1.5_p0.25_s1,5,content_knn_1,0.069119,0.053010,0.084778
phi_V20_ELOW_z1.5_p0.25_s1,5,content_knn_3,0.069041,0.053592,0.085323
phi_V20_ELOW_z1.5_p0.25_s1,5,content_knn_5,0.078034,0.062299,0.094335
phi_V20_ELOW_z1.5_p0.25_s1,5,last_item_nbhd,0.078872,0.061204,0.095956
phi_V20_ELOW_z1.5_p0.25_s1,5,pop_scaled_content,0.165330,0.141479,0.192303
phi_V20_ELOW_z1.5_p0.25_s1,5,co_purchase,0.069623,0.054787,0.085547
phi_V20_ELOW_z1.5_p0.25_s1,5,lambda_hybrid_0.25,0.183531,0.155043,0.211786
phi_V20_ELOW_z1.5_p0.25_s1,5,lambda_hybrid_0.5,0.152161,0.127240,0.175673
phi_V20_ELOW_z1.5_p0.25_s1,5,lambda_hybrid_0.75,0.095059,0.076763,0.114231
phi_V20_ELOW_z1.5_p0.25_s1,8,pop_global,0.176157,0.146762,0.208560
phi_V20_ELOW_z1.5_p0.25_s1,8,recency_pop_0.1,0.173550,0.140832,0.208578
phi_V20_ELOW_z1.5_p0.25_s1,8,recency_pop_0.5,0.170719,0.141293,0.200264
phi_V20_ELOW_z1.5_p0.25_s1,8,recency_pop_1.0,0.169912,0.140139,0.202218
phi_V20_ELOW_z1.5_p0.25_s1,8,pop_category,0.172920,0.144160,0.200898
phi_V20_ELOW_z1.5_p0.25_s1,8,pop_price,0.167788,0.137188,0.197568
phi_V20_ELOW_z1.5_p0.25_s1,8,content_knn_1,0.077214,0.056412,0.097367
phi_V20_ELOW_z1.5_p0.25_s1,8,content_knn_3,0.073849,0.055434,0.091948
phi_V20_ELOW_z1.5_p0.25_s1,8,content_knn_5,0.073361,0.055090,0.092646
phi_V20_ELOW_z1.5_p0.25_s1,8,last_item_nbhd,0.085083,0.063178,0.108637
phi_V20_ELOW_z1.5_p0.25_s1,8,pop_scaled_content,0.144103,0.115951,0.174274
phi_V20_ELOW_z1.5_p0.25_s1,8,co_purchase,0.043401,0.028517,0.059555
phi_V20_ELOW_z1.5_p0.25_s1,8,lambda_hybrid_0.25,0.142251,0.109535,0.172499
phi_V20_ELOW_z1.5_p0.25_s1,8,lambda_hybrid_0.5,0.126999,0.099158,0.153872
phi_V20_ELOW_z1.5_p0.25_s1,8,lambda_hybrid_0.75,0.106436,0.081642,0.132883
phi_V20_ELOW_z1.5_p0.5_s0,0,pop_global,0.302454,0.272511,0.334516
phi_V20_ELOW_z1.5_p0.5_s0,0,recency_pop_0.1,0.125118,0.103322,0.146493
phi_V20_ELOW_z1.5_p0.5_s0,0,recency_pop_0.5,0.131681,0.110084,0.153987
phi_V20_ELOW_z1.5_p0.5_s0,0,recency_pop_1.0,0.131029,0.110789,0.153594
phi_V20_ELOW_z1.5_p0.5_s0,0,pop_category,0.306466,0.276998,0.337612
phi_V20_ELOW_z1.5_p0.5_s0,0,pop_price,0.300701,0.269668,0.330616
phi_V20_ELOW_z1.5_p0.5_s0,0,lambda_hybrid_0.25,0.302454,0.270945,0.333371
phi_V20_ELOW_z1.5_p0.5_s0,0,lambda_hybrid_0.5,0.302454,0.275449,0.332383
phi_V20_ELOW_z1.5_p0.5_s0,0,lambda_hybrid_0.75,0.302454,0.272737,0.333107
phi_V20_ELOW_z1.5_p0.5_s0,0,active_elic2,0.306466,0.277104,0.337699
phi_V20_ELOW_z1.5_p0.5_s0,1,pop_global,0.281683,0.255436,0.311457
phi_V20_ELOW_z1.5_p0.5_s0,1,recency_pop_0.1,0.149409,0.125881,0.170746
phi_V20_ELOW_z1.5_p0.5_s0,1,recency_pop_0.5,0.155395,0.133305,0.177900
phi_V20_ELOW_z1.5_p0.5_s0,1,recency_pop_1.0,0.155448,0.133019,0.178500
phi_V20_ELOW_z1.5_p0.5_s0,1,pop_category,0.283280,0.253663,0.315081
phi_V20_ELOW_z1.5_p0.5_s0,1,pop_price,0.279609,0.250262,0.307194
phi_V20_ELOW_z1.5_p0.5_s0,1,content_knn_1,0.141912,0.120126,0.165687
phi_V20_ELOW_z1.5_p0.5_s0,1,content_knn_3,0.125559,0.105566,0.146018
phi_V20_ELOW_z1.5_p0.5_s0,1,content_knn_5,0.136467,0.115091,0.158891
phi_V20_ELOW_z1.5_p0.5_s0,1,last_item_nbhd,0.140141,0.118518,0.163816
phi_V20_ELOW_z1.5_p0.5_s0,1,pop_scaled_content,0.226021,0.199706,0.254454
phi_V20_ELOW_z1.5_p0.5_s0,1,co_purchase,0.127358,0.106080,0.150026
phi_V20_ELOW_z1.5_p0.5_s0,1,lambda_hybrid_0.25,0.264678,0.238511,0.295662
phi_V20_ELOW_z1.5_p0.5_s0,1,lambda_hybrid_0.5,0.227509,0.197892,0.255691
phi_V20_ELOW_z1.5_p0.5_s0,1,lambda_hybrid_0.75,0.174482,0.150324,0.199148
phi_V20_ELOW_z1.5_p0.5_s0,2,pop_global,0.316844,0.284928,0.347171
phi_V20_ELOW_z1.5_p0.5_s0,2,recency_pop_0.1,0.180669,0.156419,0.204988
phi_V20_ELOW_z1.5_p0.5_s0,2,recency_pop_0.5,0.198253,0.173958,0.222875
phi_V20_ELOW_z1.5_p0.5_s0,2,recency_pop_1.0,0.201096,0.175555,0.227844
phi_V20_ELOW_z1.5_p0.5_s0,2,pop_category,0.303357,0.269251,0.334229
phi_V20_ELOW_z1.5_p0.5_s0,2,pop_price,0.312148,0.281788,0.344285
phi_V20_ELOW_z1.5_p0.5_s0,2,content_knn_1,0.117405,0.097369,0.137032
phi_V20_ELOW_z1.5_p0.5_s0,2,content_knn_3,0.112018,0.093201,0.133180
phi_V20_ELOW_z1.5_p0.5_s0,2,content_knn_5,0.117953,0.098296,0.138181
phi_V20_ELOW_z1.5_p0.5_s0,2,last_item_nbhd,0.113740,0.094065,0.134286
phi_V20_ELOW_z1.5_p0.5_s0,2,pop_scaled_content,0.243885,0.216416,0.273287
phi_V20_ELOW_z1.5_p0.5_s0,2,co_purchase,0.084440,0.067694,0.101340
phi_V20_ELOW_z1.5_p0.5_s0,2,lambda_hybrid_0.25,0.293782,0.262156,0.327274
phi_V20_ELOW_z1.5_p0.5_s0,2,lambda_hybrid_0.5,0.247021,0.217325,0.276210
phi_V20_ELOW_z1.5_p0.5_s0,2,lambda_hybrid_0.75,0.151792,0.130771,0.176056
phi_V20_ELOW_z1.5_p0.5_s0,3,pop_global,0.296264,0.265305,0.324935
phi_V20_ELOW_z1.5_p0.5_s0,3,recency_pop_0.1,0.180565,0.155372,0.207504
phi_V20_ELOW_z1.5_p0.5_s0,3,recency_pop_0.5,0.211778,0.183974,0.242974
phi_V20_ELOW_z1.5_p0.5_s0,3,recency_pop_1.0,0.216752,0.189247,0.246484
phi_V20_ELOW_z1.5_p0.5_s0,3,pop_category,0.270271,0.242271,0.301141
phi_V20_ELOW_z1.5_p0.5_s0,3,pop_price,0.292471,0.262223,0.323885
phi_V20_ELOW_z1.5_p0.5_s0,3,content_knn_1,0.099764,0.081466,0.119204
phi_V20_ELOW_z1.5_p0.5_s0,3,content_knn_3,0.097267,0.081023,0.114825
phi_V20_ELOW_z1.5_p0.5_s0,3,content_knn_5,0.104631,0.085319,0.121644
phi_V20_ELOW_z1.5_p0.5_s0,3,last_item_nbhd,0.097851,0.079082,0.117424
phi_V20_ELOW_z1.5_p0.5_s0,3,pop_scaled_content,0.251381,0.223031,0.280903
phi_V20_ELOW_z1.5_p0.5_s0,3,co_purchase,0.078503,0.061791,0.096460
phi_V20_ELOW_z1.5_p0.5_s0,3,lambda_hybrid_0.25,0.269099,0.236374,0.300235
phi_V20_ELOW_z1.5_p0.5_s0,3,lambda_hybrid_0.5,0.225238,0.196790,0.255401
phi_V20_ELOW_z1.5_p0.5_s0,3,lambda_hybrid_0.75,0.128846,0.107369,0.150706
phi_V20_ELOW_z1.5_p0.5_s0,5,pop_global,0.237852,0.207848,0.267446
phi_V20_ELOW_z1.5_p0.5_s0,5,recency_pop_0.1,0.217830,0.186756,0.246254
phi_V20_ELOW_z1.5_p0.5_s0,5,recency_pop_0.5,0.222375,0.194131,0.252114
phi_V20_ELOW_z1.5_p0.5_s0,5,recency_pop_1.0,0.222375,0.192456,0.253748
phi_V20_ELOW_z1.5_p0.5_s0,5,pop_category,0.238292,0.206239,0.269103
phi_V20_ELOW_z1.5_p0.5_s0,5,pop_price,0.241610,0.211897,0.271094
phi_V20_ELOW_z1.5_p0.5_s0,5,content_knn_1,0.090013,0.070319,0.108803
phi_V20_ELOW_z1.5_p0.5_s0,5,content_knn_3,0.094629,0.075697,0.115438
phi_V20_ELOW_z1.5_p0.5_s0,5,content_knn_5,0.090927,0.072576,0.108901
phi_V20_ELOW_z1.5_p0.5_s0,5,last_item_nbhd,0.087025,0.069287,0.106866
phi_V20_ELOW_z1.5_p0.5_s0,5,pop_scaled_content,0.215920,0.186414,0.249201
phi_V20_ELOW_z1.5_p0.5_s0,5,co_purchase,0.054422,0.040101,0.070070
phi_V20_ELOW_z1.5_p0.5_s0,5,lambda_hybrid_0.25,0.218386,0.188560,0.246001
phi_V20_ELOW_z1.5_p0.5_s0,5,lambda_hybrid_0.5,0.177566,0.151520,0.206919
phi_V20_ELOW_z1.5_p0.5_s0,5,lambda_hybrid_0.75,0.108045,0.088453,0.128580
phi_V20_ELOW_z1.5_p0.5_s0,8,pop_global,0.141054,0.110540,0.169631
phi_V20_ELOW_z1.5_p0.5_s0,8,recency_pop_0.1,0.136349,0.108987,0.169525
phi_V20_ELOW_z1.5_p0.5_s0,8,recency_pop_0.5,0.142572,0.115618,0.171897
phi_V20_ELOW_z1.5_p0.5_s0,8,recency_pop_1.0,0.145724,0.117541,0.177765
phi_V20_ELOW_z1.5_p0.5_s0,8,pop_category,0.131300,0.101768,0.159943
phi_V20_ELOW_z1.5_p0.5_s0,8,pop_price,0.148309,0.118393,0.179407
phi_V20_ELOW_z1.5_p0.5_s0,8,content_knn_1,0.067922,0.049653,0.088793
phi_V20_ELOW_z1.5_p0.5_s0,8,content_knn_3,0.059817,0.042144,0.080333
phi_V20_ELOW_z1.5_p0.5_s0,8,content_knn_5,0.068535,0.050755,0.086273
phi_V20_ELOW_z1.5_p0.5_s0,8,last_item_nbhd,0.057587,0.039743,0.076617
phi_V20_ELOW_z1.5_p0.5_s0,8,pop_scaled_content,0.130042,0.103026,0.160635
phi_V20_ELOW_z1.5_p0.5_s0,8,co_purchase,0.031120,0.019284,0.045889
phi_V20_ELOW_z1.5_p0.5_s0,8,lambda_hybrid_0.25,0.127536,0.099792,0.155364
phi_V20_ELOW_z1.5_p0.5_s0,8,lambda_hybrid_0.5,0.094091,0.071486,0.120009
phi_V20_ELOW_z1.5_p0.5_s0,8,lambda_hybrid_0.75,0.067042,0.047620,0.086783
phi_V20_ELOW_z1.5_p0.5_s1,0,pop_global,0.288542,0.260193,0.317951
phi_V20_ELOW_z1.5_p0.5_s1,0,recency_pop_0.1,0.129848,0.108400,0.153334
phi_V20_ELOW_z1.5_p0.5_s1,0,recency_pop_0.5,0.135999,0.112701,0.160936
phi_V20_ELOW_z1.5_p0.5_s1,0,recency_pop_1.0,0.132309,0.110735,0.153571
phi_V20_ELOW_z1.5_p0.5_s1,0,pop_category,0.303884,0.272413,0.334107
phi_V20_ELOW_z1.5_p0.5_s1,0,pop_price,0.313992,0.287236,0.342176
phi_V20_ELOW_z1.5_p0.5_s1,0,lambda_hybrid_0.25,0.288542,0.258759,0.319569
phi_V20_ELOW_z1.5_p0.5_s1,0,lambda_hybrid_0.5,0.288542,0.259650,0.317972
phi_V20_ELOW_z1.5_p0.5_s1,0,lambda_hybrid_0.75,0.288542,0.260431,0.320434
phi_V20_ELOW_z1.5_p0.5_s1,0,active_elic2,0.247052,0.217444,0.279263
phi_V20_ELOW_z1.5_p0.5_s1,1,pop_global,0.274433,0.244886,0.302716
phi_V20_ELOW_z1.5_p0.5_s1,1,recency_pop_0.1,0.113536,0.093602,0.134070
phi_V20_ELOW_z1.5_p0.5_s1,1,recency_pop_0.5,0.134277,0.112183,0.155165
phi_V20_ELOW_z1.5_p0.5_s1,1,recency_pop_1.0,0.127544,0.107312,0.149269
phi_V20_ELOW_z1.5_p0.5_s1,1,pop_category,0.283811,0.255330,0.311656
phi_V20_ELOW_z1.5_p0.5_s1,1,pop_price,0.276677,0.250053,0.304745
phi_V20_ELOW_z1.5_p0.5_s1,1,content_knn_1,0.128472,0.108905,0.149636
phi_V20_ELOW_z1.5_p0.5_s1,1,content_knn_3,0.122521,0.102713,0.142669
phi_V20_ELOW_z1.5_p0.5_s1,1,content_knn_5,0.130227,0.110234,0.149256
phi_V20_ELOW_z1.5_p0.5_s1,1,last_item_nbhd,0.128552,0.107100,0.149310
phi_V20_ELOW_z1.5_p0.5_s1,1,pop_scaled_content,0.234166,0.206551,0.262530
phi_V20_ELOW_z1.5_p0.5_s1,1,co_purchase,0.165857,0.143316,0.189234
phi_V20_ELOW_z1.5_p0.5_s1,1,lambda_hybrid_0.25,0.267901,0.237523,0.299762
phi_V20_ELOW_z1.5_p0.5_s1,1,lambda_hybrid_0.5,0.269161,0.239813,0.301311
phi_V20_ELOW_z1.5_p0.5_s1,1,lambda_hybrid_0.75,0.180680,0.157099,0.204330
phi_V20_ELOW_z1.5_p0.5_s1,2,pop_global,0.246902,0.221069,0.274247
phi_V20_ELOW_z1.5_p0.5_s1,2,recency_pop_0.1,0.137491,0.118168,0.161354
phi_V20_ELOW_z1.5_p0.5_s1,2,recency_pop_0.5,0.153503,0.128165,0.176143
phi_V20_ELOW_z1.5_p0.5_s1,2,recency_pop_1.0,0.152203,0.129021,0.176488
phi_V20_ELOW_z1.5_p0.5_s1,2,pop_category,0.249712,0.223410,0.277100
phi_V20_ELOW_z1.5_p0.5_s1,2,pop_price,0.236213,0.209300,0.263641
phi_V20_ELOW_z1.5_p0.5_s1,2,content_knn_1,0.129896,0.110112,0.151726
phi_V20_ELOW_z1.5_p0.5_s1,2,content_knn_3,0.127386,0.106706,0.150509
phi_V20_ELOW_z1.5_p0.5_s1,2,content_knn_5,0.126438,0.107560,0.145790
phi_V20_ELOW_z1.5_p0.5_s1,2,last_item_nbhd,0.135325,0.115594,0.157312
phi_V20_ELOW_z1.5_p0.5_s1,2,pop_scaled_content,0.235736,0.211599,0.262675
phi_V20_ELOW_z1.5_p0.5_s1,2,co_purchase,0.111200,0.091702,0.129785
phi_V20_ELOW_z1.5_p0.5_s1,2,lambda_hybrid_0.25,0.249310,0.223228,0.279421
phi_V20_ELOW_z1.5_p0.5_s1,2,lambda_hybrid_0.5,0.241980,0.214670,0.270650
phi_V20_ELOW_z1.5_p0.5_s1,2,lambda_hybrid_0.75,0.168865,0.143824,0.194455
phi_V20_ELOW_z1.5_p0.5_s1,3,pop_global,0.241491,0.212788,0.270290
phi_V20_ELOW_z1.5_p0.5_s1,3,recency_pop_0.1,0.183842,0.157441,0.210244
phi_V20_ELOW_z1.5_p0.5_s1,3,recency_pop_0.5,0.192275,0.164507,0.220546
phi_V20_ELOW_z1.5_p0.5_s1,3,recency_pop_1.0,0.188137,0.162212,0.215354
phi_V20_ELOW_z1.5_p0.5_s1,3,pop_category,0.223408,0.194396,0.251052
phi_V20_ELOW_z1.5_p0.5_s1,3,pop_price,0.234714,0.206478,0.263723
phi_V20_ELOW_z1.5_p0.5_s1,3,content_knn_1,0.097280,0.079355,0.115386
phi_V20_ELOW_z1.5_p0.5_s1,3,content_knn_3,0.102507,0.084623,0.121666
phi_V20_ELOW_z1.5_p0.5_s1,3,content_knn_5,0.098839,0.081795,0.119059
phi_V20_ELOW_z1.5_p0.5_s1,3,last_item_nbhd,0.104184,0.086720,0.123691
phi_V20_ELOW_z1.5_p0.5_s1,3,pop_scaled_content,0.203829,0.179423,0.231249
phi_V20_ELOW_z1.5_p0.5_s1,3,co_purchase,0.076872,0.061169,0.094731
phi_V20_ELOW_z1.5_p0.5_s1,3,lambda_hybrid_0.25,0.224779,0.195882,0.254073
phi_V20_ELOW_z1.5_p0.5_s1,3,lambda_hybrid_0.5,0.209010,0.181179,0.236536
phi_V20_ELOW_z1.5_p0.5_s1,3,lambda_hybrid_0.75,0.143853,0.120831,0.166571
phi_V20_ELOW_z1.5_p0.5_s1,5,pop_global,0.224227,0.196370,0.252627
phi_V20_ELOW_z1.5_p0.5_s1,5,recency_pop_0.1,0.189443,0.164534,0.218412
phi_V20_ELOW_z1.5_p0.5_s1,5,recency_pop_0.5,0.194099,0.166867,0.222779
phi_V20_ELOW_z1.5_p0.5_s1,5,recency_pop_1.0,0.191254,0.162946,0.219340
phi_V20_ELOW_z1.5_p0.5_s1,5,pop_category,0.209635,0.183563,0.238505
phi_V20_ELOW_z1.5_p0.5_s1,5,pop_price,0.202258,0.172982,0.230558
phi_V20_ELOW_z1.5_p0.5_s1,5,content_knn_1,0.076971,0.060506,0.095248
phi_V20_ELOW_z1.5_p0.5_s1,5,content_knn_3,0.085644,0.069994,0.103452
phi_V20_ELOW_z1.5_p0.5_s1,5,content_knn_5,0.083477,0.067224,0.100965
phi_V20_ELOW_z1.5_p0.5_s1,5,last_item_nbhd,0.089520,0.071112,0.108981
phi_V20_ELOW_z1.5_p0.5_s1,5,pop_scaled_content,0.188863,0.163517,0.217327
phi_V20_ELOW_z1.5_p0.5_s1,5,co_purchase,0.046791,0.033226,0.059761
phi_V20_ELOW_z1.5_p0.5_s1,5,lambda_hybrid_0.25,0.204170,0.174998,0.231193
phi_V20_ELOW_z1.5_p0.5_s1,5,lambda_hybrid_0.5,0.176793,0.150255,0.202629
phi_V20_ELOW_z1.5_p0.5_s1,5,lambda_hybrid_0.75,0.113487,0.093179,0.135599
phi_V20_ELOW_z1.5_p0.5_s1,8,pop_global,0.182995,0.153808,0.217533
phi_V20_ELOW_z1.5_p0.5_s1,8,recency_pop_0.1,0.181144,0.149504,0.215368
phi_V20_ELOW_z1.5_p0.5_s1,8,recency_pop_0.5,0.178350,0.148933,0.209291
phi_V20_ELOW_z1.5_p0.5_s1,8,recency_pop_1.0,0.178206,0.146740,0.208968
phi_V20_ELOW_z1.5_p0.5_s1,8,pop_category,0.179499,0.149156,0.209931
phi_V20_ELOW_z1.5_p0.5_s1,8,pop_price,0.175489,0.144829,0.209761
phi_V20_ELOW_z1.5_p0.5_s1,8,content_knn_1,0.067687,0.049436,0.086074
phi_V20_ELOW_z1.5_p0.5_s1,8,content_knn_3,0.072250,0.053465,0.093262
phi_V20_ELOW_z1.5_p0.5_s1,8,content_knn_5,0.069419,0.051773,0.088406
phi_V20_ELOW_z1.5_p0.5_s1,8,last_item_nbhd,0.074383,0.053353,0.095098
phi_V20_ELOW_z1.5_p0.5_s1,8,pop_scaled_content,0.145996,0.115959,0.177620
phi_V20_ELOW_z1.5_p0.5_s1,8,co_purchase,0.030097,0.017738,0.043394
phi_V20_ELOW_z1.5_p0.5_s1,8,lambda_hybrid_0.25,0.148359,0.120670,0.178618
phi_V20_ELOW_z1.5_p0.5_s1,8,lambda_hybrid_0.5,0.133367,0.103684,0.165228
phi_V20_ELOW_z1.5_p0.5_s1,8,lambda_hybrid_0.75,0.103958,0.078212,0.131303
phi_V20_ELOW_z1.5_p0.5_s2,0,pop_global,0.264218,0.235021,0.294249
phi_V20_ELOW_z1.5_p0.5_s2,0,recency_pop_0.1,0.117202,0.099808,0.135752
phi_V20_ELOW_z1.5_p0.5_s2,0,recency_pop_0.5,0.116587,0.097658,0.136552
phi_V20_ELOW_z1.5_p0.5_s2,0,recency_pop_1.0,0.116587,0.096921,0.137703
phi_V20_ELOW_z1.5_p0.5_s2,0,pop_category,0.264218,0.236794,0.293363
phi_V20_ELOW_z1.5_p0.5_s2,0,pop_price,0.264218,0.236347,0.294847
phi_V20_ELOW_z1.5_p0.5_s2,0,lambda_hybrid_0.25,0.264218,0.232760,0.294398
phi_V20_ELOW_z1.5_p0.5_s2,0,lambda_hybrid_0.5,0.264218,0.236728,0.294311
phi_V20_ELOW_z1.5_p0.5_s2,0,lambda_hybrid_0.75,0.264218,0.236159,0.293792
phi_V20_ELOW_z1.5_p0.5_s2,0,active_elic2,0.264218,0.234780,0.293062
phi_V20_ELOW_z1.5_p0.5_s2,1,pop_global,0.265673,0.236323,0.295253
phi_V20_ELOW_z1.5_p0.5_s2,1,recency_pop_0.1,0.132124,0.112284,0.154972
phi_V20_ELOW_z1.5_p0.5_s2,1,recency_pop_0.5,0.142056,0.121326,0.164769
phi_V20_ELOW_z1.5_p0.5_s2,1,recency_pop_1.0,0.143748,0.121599,0.165516
phi_V20_ELOW_z1.5_p0.5_s2,1,pop_category,0.267607,0.238863,0.294855
phi_V20_ELOW_z1.5_p0.5_s2,1,pop_price,0.265673,0.235135,0.293689
phi_V20_ELOW_z1.5_p0.5_s2,1,content_knn_1,0.135672,0.114509,0.159735
phi_V20_ELOW_z1.5_p0.5_s2,1,content_knn_3,0.126368,0.105651,0.147733
phi_V20_ELOW_z1.5_p0.5_s2,1,content_knn_5,0.131645,0.110069,0.152037
phi_V20_ELOW_z1.5_p0.5_s2,1,last_item_nbhd,0.139789,0.118213,0.163864
phi_V20_ELOW_z1.5_p0.5_s2,1,pop_scaled_content,0.238296,0.211980,0.265527
phi_V20_ELOW_z1.5_p0.5_s2,1,co_purchase,0.122975,0.102755,0.143797
phi_V20_ELOW_z1.5_p0.5_s2,1,lambda_hybrid_0.25,0.274353,0.245301,0.305497
phi_V20_ELOW_z1.5_p0.5_s2,1,lambda_hybrid_0.5,0.252473,0.225297,0.281434
phi_V20_ELOW_z1.5_p0.5_s2,1,lambda_hybrid_0.75,0.180138,0.156082,0.203787
phi_V20_ELOW_z1.5_p0.5_s2,2,pop_global,0.255467,0.228466,0.284107
phi_V20_ELOW_z1.5_p0.5_s2,2,recency_pop_0.1,0.175831,0.151448,0.201336
phi_V20_ELOW_z1.5_p0.5_s2,2,recency_pop_0.5,0.190019,0.165541,0.213739
phi_V20_ELOW_z1.5_p0.5_s2,2,recency_pop_1.0,0.190254,0.163372,0.216758
phi_V20_ELOW_z1.5_p0.5_s2,2,pop_category,0.260991,0.234132,0.290224
phi_V20_ELOW_z1.5_p0.5_s2,2,pop_price,0.256757,0.228463,0.284367
phi_V20_ELOW_z1.5_p0.5_s2,2,content_knn_1,0.113569,0.094370,0.132113
phi_V20_ELOW_z1.5_p0.5_s2,2,content_knn_3,0.120417,0.101034,0.139742
phi_V20_ELOW_z1.5_p0.5_s2,2,content_knn_5,0.124815,0.104011,0.146226
phi_V20_ELOW_z1.5_p0.5_s2,2,last_item_nbhd,0.132442,0.111779,0.154643
phi_V20_ELOW_z1.5_p0.5_s2,2,pop_scaled_content,0.228401,0.200890,0.255838
phi_V20_ELOW_z1.5_p0.5_s2,2,co_purchase,0.100210,0.081618,0.117650
phi_V20_ELOW_z1.5_p0.5_s2,2,lambda_hybrid_0.25,0.259226,0.233321,0.288453
phi_V20_ELOW_z1.5_p0.5_s2,2,lambda_hybrid_0.5,0.239449,0.212658,0.268012
phi_V20_ELOW_z1.5_p0.5_s2,2,lambda_hybrid_0.75,0.173814,0.150853,0.198874
phi_V20_ELOW_z1.5_p0.5_s2,3,pop_global,0.272352,0.243005,0.302779
phi_V20_ELOW_z1.5_p0.5_s2,3,recency_pop_0.1,0.206091,0.178976,0.231547
phi_V20_ELOW_z1.5_p0.5_s2,3,recency_pop_0.5,0.213991,0.187382,0.242589
phi_V20_ELOW_z1.5_p0.5_s2,3,recency_pop_1.0,0.215914,0.189283,0.241866
phi_V20_ELOW_z1.5_p0.5_s2,3,pop_category,0.275325,0.249558,0.303252
phi_V20_ELOW_z1.5_p0.5_s2,3,pop_price,0.266281,0.236935,0.294800
phi_V20_ELOW_z1.5_p0.5_s2,3,content_knn_1,0.111506,0.091532,0.133055
phi_V20_ELOW_z1.5_p0.5_s2,3,content_knn_3,0.119423,0.099505,0.140271
phi_V20_ELOW_z1.5_p0.5_s2,3,content_knn_5,0.127017,0.106800,0.148898
phi_V20_ELOW_z1.5_p0.5_s2,3,last_item_nbhd,0.125958,0.105764,0.147975
phi_V20_ELOW_z1.5_p0.5_s2,3,pop_scaled_content,0.240441,0.213632,0.270063
phi_V20_ELOW_z1.5_p0.5_s2,3,co_purchase,0.077365,0.060960,0.094803
phi_V20_ELOW_z1.5_p0.5_s2,3,lambda_hybrid_0.25,0.276417,0.247055,0.306121
phi_V20_ELOW_z1.5_p0.5_s2,3,lambda_hybrid_0.5,0.242205,0.214441,0.269680
phi_V20_ELOW_z1.5_p0.5_s2,3,lambda_hybrid_0.75,0.162900,0.139861,0.185282
phi_V20_ELOW_z1.5_p0.5_s2,5,pop_global,0.287203,0.256467,0.317698
phi_V20_ELOW_z1.5_p0.5_s2,5,recency_pop_0.1,0.260510,0.230559,0.294417
phi_V20_ELOW_z1.5_p0.5_s2,5,recency_pop_0.5,0.257539,0.226926,0.288945
phi_V20_ELOW_z1.5_p0.5_s2,5,recency_pop_1.0,0.256820,0.228291,0.288301
phi_V20_ELOW_z1.5_p0.5_s2,5,pop_category,0.287712,0.256230,0.318496
phi_V20_ELOW_z1.5_p0.5_s2,5,pop_price,0.280806,0.251788,0.311974
phi_V20_ELOW_z1.5_p0.5_s2,5,content_knn_1,0.115473,0.093431,0.136540
phi_V20_ELOW_z1.5_p0.5_s2,5,content_knn_3,0.125165,0.102580,0.149732
phi_V20_ELOW_z1.5_p0.5_s2,5,content_knn_5,0.129778,0.106361,0.153410
phi_V20_ELOW_z1.5_p0.5_s2,5,last_item_nbhd,0.129920,0.107948,0.155240
phi_V20_ELOW_z1.5_p0.5_s2,5,pop_scaled_content,0.242775,0.213589,0.267974
phi_V20_ELOW_z1.5_p0.5_s2,5,co_purchase,0.045312,0.032908,0.058609
phi_V20_ELOW_z1.5_p0.5_s2,5,lambda_hybrid_0.25,0.280181,0.247479,0.307942
phi_V20_ELOW_z1.5_p0.5_s2,5,lambda_hybrid_0.5,0.231467,0.204138,0.260990
phi_V20_ELOW_z1.5_p0.5_s2,5,lambda_hybrid_0.75,0.174985,0.150946,0.201199
phi_V20_ELOW_z1.5_p0.5_s2,8,pop_global,0.242420,0.206186,0.272970
phi_V20_ELOW_z1.5_p0.5_s2,8,recency_pop_0.1,0.261820,0.224378,0.299106
phi_V20_ELOW_z1.5_p0.5_s2,8,recency_pop_0.5,0.245281,0.208921,0.284687
phi_V20_ELOW_z1.5_p0.5_s2,8,recency_pop_1.0,0.236803,0.201148,0.273910
phi_V20_ELOW_z1.5_p0.5_s2,8,pop_category,0.246620,0.211527,0.282705
phi_V20_ELOW_z1.5_p0.5_s2,8,pop_price,0.231537,0.197426,0.269621
phi_V20_ELOW_z1.5_p0.5_s2,8,content_knn_1,0.107613,0.083200,0.134115
phi_V20_ELOW_z1.5_p0.5_s2,8,content_knn_3,0.107310,0.081582,0.133168
phi_V20_ELOW_z1.5_p0.5_s2,8,content_knn_5,0.107779,0.082661,0.134964
phi_V20_ELOW_z1.5_p0.5_s2,8,last_item_nbhd,0.104835,0.083332,0.131117
phi_V20_ELOW_z1.5_p0.5_s2,8,pop_scaled_content,0.193093,0.164347,0.224899
phi_V20_ELOW_z1.5_p0.5_s2,8,co_purchase,0.018565,0.009544,0.029993
phi_V20_ELOW_z1.5_p0.5_s2,8,lambda_hybrid_0.25,0.242600,0.209648,0.277399
phi_V20_ELOW_z1.5_p0.5_s2,8,lambda_hybrid_0.5,0.176167,0.145537,0.206212
phi_V20_ELOW_z1.5_p0.5_s2,8,lambda_hybrid_0.75,0.128758,0.102019,0.158015
phi_V20_ELOW_z1.5_p0_s0,0,pop_global,0.307975,0.279621,0.340326
phi_V20_ELOW_z1.5_p0_s0,0,recency_pop_0.1,0.119495,0.098909,0.139212
phi_V20_ELOW_z1.5_p0_s0,0,recency_pop_0.5,0.119897,0.100431,0.141334
phi_V20_ELOW_z1.5_p0_s0,0,recency_pop_1.0,0.119897,0.099219,0.142002
phi_V20_ELOW_z1.5_p0_s0,0,pop_category,0.321229,0.290758,0.352464
phi_V20_ELOW_z1.5_p0_s0,0,pop_price,0.305127,0.272421,0.337004
phi_V20_ELOW_z1.5_p0_s0,0,lambda_hybrid_0.25,0.307975,0.276215,0.336668
phi_V20_ELOW_z1.5_p0_s0,0,lambda_hybrid_0.5,0.307975,0.276604,0.336636
phi_V20_ELOW_z1.5_p0_s0,0,lambda_hybrid_0.75,0.307975,0.276110,0.337665
phi_V20_ELOW_z1.5_p0_s0,0,active_elic2,0.321229,0.291215,0.351383
phi_V20_ELOW_z1.5_p0_s0,1,pop_global,0.310715,0.280836,0.341342
phi_V20_ELOW_z1.5_p0_s0,1,recency_pop_0.1,0.140144,0.117022,0.163850
phi_V20_ELOW_z1.5_p0_s0,1,recency_pop_0.5,0.149632,0.128170,0.173183
phi_V20_ELOW_z1.5_p0_s0,1,recency_pop_1.0,0.149601,0.127560,0.173132
phi_V20_ELOW_z1.5_p0_s0,1,pop_category,0.305174,0.276924,0.337102
phi_V20_ELOW_z1.5_p0_s0,1,pop_price,0.309048,0.280755,0.339073
phi_V20_ELOW_z1.5_p0_s0,1,content_knn_1,0.127577,0.105370,0.149349
phi_V20_ELOW_z1.5_p0_s0,1,content_knn_3,0.104006,0.084741,0.124875
phi_V20_ELOW_z1.5_p0_s0,1,content_knn_5,0.118642,0.100392,0.139437
phi_V20_ELOW_z1.5_p0_s0,1,last_item_nbhd,0.138404,0.117936,0.161806
phi_V20_ELOW_z1.5_p0_s0,1,pop_scaled_content,0.242380,0.214809,0.269889
phi_V20_ELOW_z1.5_p0_s0,1,co_purchase,0.112463,0.093399,0.130451
phi_V20_ELOW_z1.5_p0_s0,1,lambda_hybrid_0.25,0.283665,0.256205,0.313314
phi_V20_ELOW_z1.5_p0_s0,1,lambda_hybrid_0.5,0.244752,0.216774,0.274536
phi_V20_ELOW_z1.5_p0_s0,1,lambda_hybrid_0.75,0.182215,0.157455,0.209182
phi_V20_ELOW_z1.5_p0_s0,2,pop_global,0.344667,0.314234,0.378063
phi_V20_ELOW_z1.5_p0_s0,2,recency_pop_0.1,0.185363,0.160092,0.210433
phi_V20_ELOW_z1.5_p0_s0,2,recency_pop_0.5,0.217650,0.191942,0.246013
phi_V20_ELOW_z1.5_p0_s0,2,recency_pop_1.0,0.221811,0.194153,0.249903
phi_V20_ELOW_z1.5_p0_s0,2,pop_category,0.334964,0.300565,0.367764
phi_V20_ELOW_z1.5_p0_s0,2,pop_price,0.342736,0.310654,0.373570
phi_V20_ELOW_z1.5_p0_s0,2,content_knn_1,0.118126,0.099655,0.138061
phi_V20_ELOW_z1.5_p0_s0,2,content_knn_3,0.108190,0.088010,0.129170
phi_V20_ELOW_z1.5_p0_s0,2,content_knn_5,0.123205,0.103479,0.143733
phi_V20_ELOW_z1.5_p0_s0,2,last_item_nbhd,0.127442,0.106530,0.151750
phi_V20_ELOW_z1.5_p0_s0,2,pop_scaled_content,0.280606,0.252265,0.311722
phi_V20_ELOW_z1.5_p0_s0,2,co_purchase,0.087976,0.071596,0.106935
phi_V20_ELOW_z1.5_p0_s0,2,lambda_hybrid_0.25,0.320521,0.289603,0.354190
phi_V20_ELOW_z1.5_p0_s0,2,lambda_hybrid_0.5,0.282395,0.250487,0.314862
phi_V20_ELOW_z1.5_p0_s0,2,lambda_hybrid_0.75,0.158904,0.134162,0.184132
phi_V20_ELOW_z1.5_p0_s0,3,pop_global,0.307603,0.276844,0.341302
phi_V20_ELOW_z1.5_p0_s0,3,recency_pop_0.1,0.173266,0.149342,0.199727
phi_V20_ELOW_z1.5_p0_s0,3,recency_pop_0.5,0.211466,0.182149,0.240275
phi_V20_ELOW_z1.5_p0_s0,3,recency_pop_1.0,0.216840,0.188200,0.245622
phi_V20_ELOW_z1.5_p0_s0,3,pop_category,0.269153,0.241031,0.301128
phi_V20_ELOW_z1.5_p0_s0,3,pop_price,0.305468,0.272737,0.340125
phi_V20_ELOW_z1.5_p0_s0,3,content_knn_1,0.119523,0.097607,0.142328
phi_V20_ELOW_z1.5_p0_s0,3,content_knn_3,0.104771,0.085844,0.123225
phi_V20_ELOW_z1.5_p0_s0,3,content_knn_5,0.114765,0.095180,0.136013
phi_V20_ELOW_z1.5_p0_s0,3,last_item_nbhd,0.109684,0.090014,0.128590
phi_V20_ELOW_z1.5_p0_s0,3,pop_scaled_content,0.255493,0.225774,0.289025
phi_V20_ELOW_z1.5_p0_s0,3,co_purchase,0.092179,0.074985,0.112126
phi_V20_ELOW_z1.5_p0_s0,3,lambda_hybrid_0.25,0.282510,0.251620,0.315312
phi_V20_ELOW_z1.5_p0_s0,3,lambda_hybrid_0.5,0.244253,0.212943,0.272425
phi_V20_ELOW_z1.5_p0_s0,3,lambda_hybrid_0.75,0.144796,0.122401,0.165814
phi_V20_ELOW_z1.5_p0_s0,5,pop_global,0.241374,0.211466,0.272293
phi_V20_ELOW_z1.5_p0_s0,5,recency_pop_0.1,0.212880,0.184566,0.243573
phi_V20_ELOW_z1.5_p0_s0,5,recency_pop_0.5,0.222297,0.194077,0.253465
phi_V20_ELOW_z1.5_p0_s0,5,recency_pop_1.0,0.220547,0.190187,0.252857
phi_V20_ELOW_z1.5_p0_s0,5,pop_category,0.228200,0.198968,0.259292
phi_V20_ELOW_z1.5_p0_s0,5,pop_price,0.239882,0.209334,0.269443
phi_V20_ELOW_z1.5_p0_s0,5,content_knn_1,0.078084,0.062232,0.095364
phi_V20_ELOW_z1.5_p0_s0,5,content_knn_3,0.082399,0.063864,0.099888
phi_V20_ELOW_z1.5_p0_s0,5,content_knn_5,0.085885,0.067940,0.103836
phi_V20_ELOW_z1.5_p0_s0,5,last_item_nbhd,0.073070,0.056676,0.089108
phi_V20_ELOW_z1.5_p0_s0,5,pop_scaled_content,0.210116,0.180213,0.240037
phi_V20_ELOW_z1.5_p0_s0,5,co_purchase,0.043658,0.030999,0.058190
phi_V20_ELOW_z1.5_p0_s0,5,lambda_hybrid_0.25,0.211530,0.182125,0.241745
phi_V20_ELOW_z1.5_p0_s0,5,lambda_hybrid_0.5,0.167007,0.141125,0.196191
phi_V20_ELOW_z1.5_p0_s0,5,lambda_hybrid_0.75,0.100479,0.081938,0.120156
phi_V20_ELOW_z1.5_p0_s0,8,pop_global,0.166854,0.134792,0.195901
phi_V20_ELOW_z1.5_p0_s0,8,recency_pop_0.1,0.153806,0.124632,0.186995
phi_V20_ELOW_z1.5_p0_s0,8,recency_pop_0.5,0.160870,0.130228,0.193771
phi_V20_ELOW_z1.5_p0_s0,8,recency_pop_1.0,0.157133,0.127909,0.188183
phi_V20_ELOW_z1.5_p0_s0,8,pop_category,0.145118,0.117409,0.175894
phi_V20_ELOW_z1.5_p0_s0,8,pop_price,0.165364,0.135192,0.196436
phi_V20_ELOW_z1.5_p0_s0,8,content_knn_1,0.058012,0.040126,0.077689
phi_V20_ELOW_z1.5_p0_s0,8,content_knn_3,0.056966,0.039535,0.074934
phi_V20_ELOW_z1.5_p0_s0,8,content_knn_5,0.064382,0.048586,0.082688
phi_V20_ELOW_z1.5_p0_s0,8,last_item_nbhd,0.051995,0.037018,0.068596
phi_V20_ELOW_z1.5_p0_s0,8,pop_scaled_content,0.155798,0.124395,0.186511
phi_V20_ELOW_z1.5_p0_s0,8,co_purchase,0.027146,0.014666,0.041371
phi_V20_ELOW_z1.5_p0_s0,8,lambda_hybrid_0.25,0.135994,0.107116,0.167186
phi_V20_ELOW_z1.5_p0_s0,8,lambda_hybrid_0.5,0.090625,0.068200,0.113659
phi_V20_ELOW_z1.5_p0_s0,8,lambda_hybrid_0.75,0.066205,0.048357,0.084464
phi_V20_ELOW_z1.5_p0_s1,0,pop_global,0.277041,0.248994,0.309228
phi_V20_ELOW_z1.5_p0_s1,0,recency_pop_0.1,0.131242,0.109403,0.153414
phi_V20_ELOW_z1.5_p0_s1,0,recency_pop_0.5,0.139926,0.116395,0.165290
phi_V20_ELOW_z1.5_p0_s1,0,recency_pop_1.0,0.139926,0.116344,0.162984
phi_V20_ELOW_z1.5_p0_s1,0,pop_category,0.278477,0.244530,0.311413
phi_V20_ELOW_z1.5_p0_s1,0,pop_price,0.309584,0.279301,0.337395
phi_V20_ELOW_z1.5_p0_s1,0,lambda_hybrid_0.25,0.277041,0.247532,0.305450
phi_V20_ELOW_z1.5_p0_s1,0,lambda_hybrid_0.5,0.277041,0.247118,0.307396
phi_V20_ELOW_z1.5_p0_s1,0,lambda_hybrid_0.75,0.277041,0.249969,0.306040
phi_V20_ELOW_z1.5_p0_s1,0,active_elic2,0.258059,0.229883,0.290133
phi_V20_ELOW_z1.5_p0_s1,1,pop_global,0.272247,0.242367,0.303261
phi_V20_ELOW_z1.5_p0_s1,1,recency_pop_0.1,0.118012,0.098904,0.139288
phi_V20_ELOW_z1.5_p0_s1,1,recency_pop_0.5,0.149105,0.123644,0.174052
phi_V20_ELOW_z1.5_p0_s1,1,recency_pop_1.0,0.150541,0.127548,0.175043
phi_V20_ELOW_z1.5_p0_s1,1,pop_category,0.288602,0.260157,0.318839
phi_V20_ELOW_z1.5_p0_s1,1,pop_price,0.298664,0.270134,0.327157
phi_V20_ELOW_z1.5_p0_s1,1,content_knn_1,0.120837,0.100568,0.140119
phi_V20_ELOW_z1.5_p0_s1,1,content_knn_3,0.119956,0.099149,0.138885
phi_V20_ELOW_z1.5_p0_s1,1,content_knn_5,0.122139,0.102006,0.141578
phi_V20_ELOW_z1.5_p0_s1,1,last_item_nbhd,0.122207,0.104134,0.142791
phi_V20_ELOW_z1.5_p0_s1,1,pop_scaled_content,0.237975,0.209407,0.265211
phi_V20_ELOW_z1.5_p0_s1,1,co_purchase,0.161735,0.139847,0.185603
phi_V20_ELOW_z1.5_p0_s1,1,lambda_hybrid_0.25,0.283387,0.252098,0.313069
phi_V20_ELOW_z1.5_p0_s1,1,lambda_hybrid_0.5,0.276182,0.248041,0.306560
phi_V20_ELOW_z1.5_p0_s1,1,lambda_hybrid_0.75,0.169810,0.148553,0.194686
phi_V20_ELOW_z1.5_p0_s1,2,pop_global,0.264799,0.236544,0.296921
phi_V20_ELOW_z1.5_p0_s1,2,recency_pop_0.1,0.153077,0.131771,0.177576
phi_V20_ELOW_z1.5_p0_s1,2,recency_pop_0.5,0.189764,0.163553,0.217898
phi_V20_ELOW_z1.5_p0_s1,2,recency_pop_1.0,0.191433,0.164055,0.219112
phi_V20_ELOW_z1.5_p0_s1,2,pop_category,0.269156,0.242248,0.298801
phi_V20_ELOW_z1.5_p0_s1,2,pop_price,0.270395,0.242570,0.299150
phi_V20_ELOW_z1.5_p0_s1,2,content_knn_1,0.110948,0.092268,0.130802
phi_V20_ELOW_z1.5_p0_s1,2,content_knn_3,0.111719,0.092674,0.132176
phi_V20_ELOW_z1.5_p0_s1,2,content_knn_5,0.123390,0.103158,0.143051
phi_V20_ELOW_z1.5_p0_s1,2,last_item_nbhd,0.124852,0.106220,0.144710
phi_V20_ELOW_z1.5_p0_s1,2,pop_scaled_content,0.231076,0.203701,0.260986
phi_V20_ELOW_z1.5_p0_s1,2,co_purchase,0.135469,0.114311,0.155704
phi_V20_ELOW_z1.5_p0_s1,2,lambda_hybrid_0.25,0.262599,0.233397,0.293261
phi_V20_ELOW_z1.5_p0_s1,2,lambda_hybrid_0.5,0.247641,0.218007,0.278294
phi_V20_ELOW_z1.5_p0_s1,2,lambda_hybrid_0.75,0.165460,0.141706,0.189504
phi_V20_ELOW_z1.5_p0_s1,3,pop_global,0.256513,0.228732,0.285635
phi_V20_ELOW_z1.5_p0_s1,3,recency_pop_0.1,0.176072,0.149392,0.202282
phi_V20_ELOW_z1.5_p0_s1,3,recency_pop_0.5,0.195430,0.169404,0.222729
phi_V20_ELOW_z1.5_p0_s1,3,recency_pop_1.0,0.196270,0.166567,0.223824
phi_V20_ELOW_z1.5_p0_s1,3,pop_category,0.251649,0.219665,0.280763
phi_V20_ELOW_z1.5_p0_s1,3,pop_price,0.264738,0.235956,0.292201
phi_V20_ELOW_z1.5_p0_s1,3,content_knn_1,0.098595,0.081453,0.117315
phi_V20_ELOW_z1.5_p0_s1,3,content_knn_3,0.093459,0.077078,0.110181
phi_V20_ELOW_z1.5_p0_s1,3,content_knn_5,0.107856,0.090410,0.126845
phi_V20_ELOW_z1.5_p0_s1,3,last_item_nbhd,0.106810,0.089068,0.126155
phi_V20_ELOW_z1.5_p0_s1,3,pop_scaled_content,0.229329,0.203246,0.257851
phi_V20_ELOW_z1.5_p0_s1,3,co_purchase,0.095359,0.077766,0.113203
phi_V20_ELOW_z1.5_p0_s1,3,lambda_hybrid_0.25,0.241768,0.214267,0.271452
phi_V20_ELOW_z1.5_p0_s1,3,lambda_hybrid_0.5,0.227651,0.197903,0.255338
phi_V20_ELOW_z1.5_p0_s1,3,lambda_hybrid_0.75,0.149684,0.126464,0.173393
phi_V20_ELOW_z1.5_p0_s1,5,pop_global,0.213898,0.186224,0.243198
phi_V20_ELOW_z1.5_p0_s1,5,recency_pop_0.1,0.178352,0.152123,0.207499
phi_V20_ELOW_z1.5_p0_s1,5,recency_pop_0.5,0.181646,0.155734,0.209472
phi_V20_ELOW_z1.5_p0_s1,5,recency_pop_1.0,0.183098,0.154859,0.210190
phi_V20_ELOW_z1.5_p0_s1,5,pop_category,0.183567,0.157207,0.210080
phi_V20_ELOW_z1.5_p0_s1,5,pop_price,0.206582,0.176564,0.235057
phi_V20_ELOW_z1.5_p0_s1,5,content_knn_1,0.073372,0.056954,0.091300
phi_V20_ELOW_z1.5_p0_s1,5,content_knn_3,0.079082,0.062733,0.096200
phi_V20_ELOW_z1.5_p0_s1,5,content_knn_5,0.084978,0.067498,0.102183
phi_V20_ELOW_z1.5_p0_s1,5,last_item_nbhd,0.085909,0.067684,0.103512
phi_V20_ELOW_z1.5_p0_s1,5,pop_scaled_content,0.175925,0.150270,0.201573
phi_V20_ELOW_z1.5_p0_s1,5,co_purchase,0.087871,0.070510,0.105977
phi_V20_ELOW_z1.5_p0_s1,5,lambda_hybrid_0.25,0.186518,0.158185,0.214122
phi_V20_ELOW_z1.5_p0_s1,5,lambda_hybrid_0.5,0.161555,0.135680,0.185876
phi_V20_ELOW_z1.5_p0_s1,5,lambda_hybrid_0.75,0.109318,0.091140,0.129939
phi_V20_ELOW_z1.5_p0_s1,8,pop_global,0.172035,0.142864,0.203789
phi_V20_ELOW_z1.5_p0_s1,8,recency_pop_0.1,0.177702,0.146570,0.209347
phi_V20_ELOW_z1.5_p0_s1,8,recency_pop_0.5,0.173905,0.144253,0.206754
phi_V20_ELOW_z1.5_p0_s1,8,recency_pop_1.0,0.173905,0.142995,0.203834
phi_V20_ELOW_z1.5_p0_s1,8,pop_category,0.178291,0.146779,0.208393
phi_V20_ELOW_z1.5_p0_s1,8,pop_price,0.157295,0.126929,0.187043
phi_V20_ELOW_z1.5_p0_s1,8,content_knn_1,0.065266,0.045461,0.085941
phi_V20_ELOW_z1.5_p0_s1,8,content_knn_3,0.064191,0.047404,0.082944
phi_V20_ELOW_z1.5_p0_s1,8,content_knn_5,0.067569,0.050876,0.084960
phi_V20_ELOW_z1.5_p0_s1,8,last_item_nbhd,0.068482,0.048325,0.091081
phi_V20_ELOW_z1.5_p0_s1,8,pop_scaled_content,0.132859,0.104802,0.163191
phi_V20_ELOW_z1.5_p0_s1,8,co_purchase,0.034090,0.019609,0.049279
phi_V20_ELOW_z1.5_p0_s1,8,lambda_hybrid_0.25,0.131377,0.103655,0.161473
phi_V20_ELOW_z1.5_p0_s1,8,lambda_hybrid_0.5,0.120968,0.092766,0.148704
phi_V20_ELOW_z1.5_p0_s1,8,lambda_hybrid_0.75,0.090190,0.068824,0.115690
phi_V20_ELOW_z1.5_p1_s0,0,pop_global,0.304687,0.274060,0.337124
phi_V20_ELOW_z1.5_p1_s0,0,recency_pop_0.1,0.124208,0.103365,0.144209
phi_V20_ELOW_z1.5_p1_s0,0,recency_pop_0.5,0.128707,0.107729,0.150177
phi_V20_ELOW_z1.5_p1_s0,0,recency_pop_1.0,0.131015,0.109913,0.152996
phi_V20_ELOW_z1.5_p1_s0,0,pop_category,0.306764,0.277874,0.336510
phi_V20_ELOW_z1.5_p1_s0,0,pop_price,0.302715,0.271110,0.333056
phi_V20_ELOW_z1.5_p1_s0,0,lambda_hybrid_0.25,0.304687,0.273525,0.335356
phi_V20_ELOW_z1.5_p1_s0,0,lambda_hybrid_0.5,0.304687,0.277294,0.334991
phi_V20_ELOW_z1.5_p1_s0,0,lambda_hybrid_0.75,0.304687,0.275139,0.335872
phi_V20_ELOW_z1.5_p1_s0,0,active_elic2,0.306764,0.277357,0.338790
phi_V20_ELOW_z1.5_p1_s0,1,pop_global,0.282705,0.253948,0.311908
phi_V20_ELOW_z1.5_p1_s0,1,recency_pop_0.1,0.147806,0.124132,0.170085
phi_V20_ELOW_z1.5_p1_s0,1,recency_pop_0.5,0.152512,0.129567,0.175406
phi_V20_ELOW_z1.5_p1_s0,1,recency_pop_1.0,0.154700,0.131653,0.178503
phi_V20_ELOW_z1.5_p1_s0,1,pop_category,0.278716,0.250044,0.310348
phi_V20_ELOW_z1.5_p1_s0,1,pop_price,0.281586,0.251548,0.309673
phi_V20_ELOW_z1.5_p1_s0,1,content_knn_1,0.155017,0.132669,0.178430
phi_V20_ELOW_z1.5_p1_s0,1,content_knn_3,0.130787,0.110371,0.151294
phi_V20_ELOW_z1.5_p1_s0,1,content_knn_5,0.142683,0.122341,0.163959
phi_V20_ELOW_z1.5_p1_s0,1,last_item_nbhd,0.151946,0.130231,0.175452
phi_V20_ELOW_z1.5_p1_s0,1,pop_scaled_content,0.234933,0.207551,0.261616
phi_V20_ELOW_z1.5_p1_s0,1,co_purchase,0.126723,0.105549,0.147970
phi_V20_ELOW_z1.5_p1_s0,1,lambda_hybrid_0.25,0.270379,0.243495,0.299040
phi_V20_ELOW_z1.5_p1_s0,1,lambda_hybrid_0.5,0.238557,0.209316,0.269805
phi_V20_ELOW_z1.5_p1_s0,1,lambda_hybrid_0.75,0.187465,0.160680,0.213532
phi_V20_ELOW_z1.5_p1_s0,2,pop_global,0.324101,0.293583,0.355957
phi_V20_ELOW_z1.5_p1_s0,2,recency_pop_0.1,0.180773,0.154652,0.206122
phi_V20_ELOW_z1.5_p1_s0,2,recency_pop_0.5,0.196319,0.171789,0.221690
phi_V20_ELOW_z1.5_p1_s0,2,recency_pop_1.0,0.199751,0.174750,0.226474
phi_V20_ELOW_z1.5_p1_s0,2,pop_category,0.306993,0.273819,0.336400
phi_V20_ELOW_z1.5_p1_s0,2,pop_price,0.324708,0.293760,0.356989
phi_V20_ELOW_z1.5_p1_s0,2,content_knn_1,0.120769,0.101171,0.141478
phi_V20_ELOW_z1.5_p1_s0,2,content_knn_3,0.118720,0.099753,0.140219
phi_V20_ELOW_z1.5_p1_s0,2,content_knn_5,0.126668,0.106673,0.148082
phi_V20_ELOW_z1.5_p1_s0,2,last_item_nbhd,0.119848,0.098502,0.141088
phi_V20_ELOW_z1.5_p1_s0,2,pop_scaled_content,0.254216,0.224114,0.285301
phi_V20_ELOW_z1.5_p1_s0,2,co_purchase,0.089489,0.073038,0.108420
phi_V20_ELOW_z1.5_p1_s0,2,lambda_hybrid_0.25,0.295568,0.264653,0.329824
phi_V20_ELOW_z1.5_p1_s0,2,lambda_hybrid_0.5,0.269174,0.237813,0.297864
phi_V20_ELOW_z1.5_p1_s0,2,lambda_hybrid_0.75,0.156717,0.134840,0.181762
phi_V20_ELOW_z1.5_p1_s0,3,pop_global,0.300654,0.270754,0.330146
phi_V20_ELOW_z1.5_p1_s0,3,recency_pop_0.1,0.188343,0.162922,0.214926
phi_V20_ELOW_z1.5_p1_s0,3,recency_pop_0.5,0.220890,0.192537,0.252069
phi_V20_ELOW_z1.5_p1_s0,3,recency_pop_1.0,0.222816,0.194308,0.252064
phi_V20_ELOW_z1.5_p1_s0,3,pop_category,0.286909,0.259020,0.317897
phi_V20_ELOW_z1.5_p1_s0,3,pop_price,0.301574,0.270368,0.334412
phi_V20_ELOW_z1.5_p1_s0,3,content_knn_1,0.092350,0.074584,0.109460
phi_V20_ELOW_z1.5_p1_s0,3,content_knn_3,0.096791,0.079475,0.116211
phi_V20_ELOW_z1.5_p1_s0,3,content_knn_5,0.101372,0.083537,0.118988
phi_V20_ELOW_z1.5_p1_s0,3,last_item_nbhd,0.098908,0.080162,0.118919
phi_V20_ELOW_z1.5_p1_s0,3,pop_scaled_content,0.253189,0.224365,0.283806
phi_V20_ELOW_z1.5_p1_s0,3,co_purchase,0.064243,0.049146,0.080823
phi_V20_ELOW_z1.5_p1_s0,3,lambda_hybrid_0.25,0.274436,0.242730,0.305206
phi_V20_ELOW_z1.5_p1_s0,3,lambda_hybrid_0.5,0.230936,0.200607,0.260616
phi_V20_ELOW_z1.5_p1_s0,3,lambda_hybrid_0.75,0.125612,0.103985,0.146094
phi_V20_ELOW_z1.5_p1_s0,5,pop_global,0.237052,0.206539,0.267196
phi_V20_ELOW_z1.5_p1_s0,5,recency_pop_0.1,0.214226,0.184777,0.245064
phi_V20_ELOW_z1.5_p1_s0,5,recency_pop_0.5,0.223597,0.195416,0.254582
phi_V20_ELOW_z1.5_p1_s0,5,recency_pop_1.0,0.223519,0.192641,0.253803
phi_V20_ELOW_z1.5_p1_s0,5,pop_category,0.233027,0.202890,0.263086
phi_V20_ELOW_z1.5_p1_s0,5,pop_price,0.242776,0.214426,0.272007
phi_V20_ELOW_z1.5_p1_s0,5,content_knn_1,0.082487,0.065573,0.100134
phi_V20_ELOW_z1.5_p1_s0,5,content_knn_3,0.091362,0.072550,0.110434
phi_V20_ELOW_z1.5_p1_s0,5,content_knn_5,0.086985,0.068578,0.104808
phi_V20_ELOW_z1.5_p1_s0,5,last_item_nbhd,0.081675,0.064234,0.101553
phi_V20_ELOW_z1.5_p1_s0,5,pop_scaled_content,0.223657,0.192261,0.254632
phi_V20_ELOW_z1.5_p1_s0,5,co_purchase,0.033387,0.023134,0.045983
phi_V20_ELOW_z1.5_p1_s0,5,lambda_hybrid_0.25,0.213883,0.183890,0.243533
phi_V20_ELOW_z1.5_p1_s0,5,lambda_hybrid_0.5,0.170842,0.143626,0.197400
phi_V20_ELOW_z1.5_p1_s0,5,lambda_hybrid_0.75,0.099322,0.081353,0.119540
phi_V20_ELOW_z1.5_p1_s0,8,pop_global,0.151701,0.119966,0.181030
phi_V20_ELOW_z1.5_p1_s0,8,recency_pop_0.1,0.146436,0.119359,0.176725
phi_V20_ELOW_z1.5_p1_s0,8,recency_pop_0.5,0.149532,0.121154,0.180027
phi_V20_ELOW_z1.5_p1_s0,8,recency_pop_1.0,0.151882,0.119881,0.185438
phi_V20_ELOW_z1.5_p1_s0,8,pop_category,0.137878,0.109642,0.169159
phi_V20_ELOW_z1.5_p1_s0,8,pop_price,0.153155,0.125570,0.184117
phi_V20_ELOW_z1.5_p1_s0,8,content_knn_1,0.064237,0.045303,0.083244
phi_V20_ELOW_z1.5_p1_s0,8,content_knn_3,0.054867,0.039048,0.071539
phi_V20_ELOW_z1.5_p1_s0,8,content_knn_5,0.060923,0.044659,0.079538
phi_V20_ELOW_z1.5_p1_s0,8,last_item_nbhd,0.057191,0.040778,0.076909
phi_V20_ELOW_z1.5_p1_s0,8,pop_scaled_content,0.149593,0.120017,0.182613
phi_V20_ELOW_z1.5_p1_s0,8,co_purchase,0.039498,0.024757,0.055442
phi_V20_ELOW_z1.5_p1_s0,8,lambda_hybrid_0.25,0.143666,0.114370,0.174280
phi_V20_ELOW_z1.5_p1_s0,8,lambda_hybrid_0.5,0.100480,0.077952,0.124445
phi_V20_ELOW_z1.5_p1_s0,8,lambda_hybrid_0.75,0.065001,0.047143,0.084410
phi_V20_ELOW_z1.5_p1_s1,0,pop_global,0.294630,0.266225,0.323357
phi_V20_ELOW_z1.5_p1_s1,0,recency_pop_0.1,0.129399,0.107892,0.151974
phi_V20_ELOW_z1.5_p1_s1,0,recency_pop_0.5,0.127554,0.105484,0.150812
phi_V20_ELOW_z1.5_p1_s1,0,recency_pop_1.0,0.139241,0.115693,0.162900
phi_V20_ELOW_z1.5_p1_s1,0,pop_category,0.309301,0.278642,0.339596
phi_V20_ELOW_z1.5_p1_s1,0,pop_price,0.319277,0.292360,0.349421
phi_V20_ELOW_z1.5_p1_s1,0,lambda_hybrid_0.25,0.294630,0.265933,0.325713
phi_V20_ELOW_z1.5_p1_s1,0,lambda_hybrid_0.5,0.294630,0.266921,0.322257
phi_V20_ELOW_z1.5_p1_s1,0,lambda_hybrid_0.75,0.294630,0.268906,0.325780
phi_V20_ELOW_z1.5_p1_s1,0,active_elic2,0.247799,0.216904,0.282204
phi_V20_ELOW_z1.5_p1_s1,1,pop_global,0.254487,0.226352,0.282827
phi_V20_ELOW_z1.5_p1_s1,1,recency_pop_0.1,0.106154,0.086029,0.125401
phi_V20_ELOW_z1.5_p1_s1,1,recency_pop_0.5,0.120547,0.099472,0.139798
phi_V20_ELOW_z1.5_p1_s1,1,recency_pop_1.0,0.141568,0.117679,0.166327
phi_V20_ELOW_z1.5_p1_s1,1,pop_category,0.254037,0.227052,0.280927
phi_V20_ELOW_z1.5_p1_s1,1,pop_price,0.252954,0.226480,0.279543
phi_V20_ELOW_z1.5_p1_s1,1,content_knn_1,0.131340,0.111365,0.152902
phi_V20_ELOW_z1.5_p1_s1,1,content_knn_3,0.124968,0.105345,0.144668
phi_V20_ELOW_z1.5_p1_s1,1,content_knn_5,0.135251,0.115412,0.155083
phi_V20_ELOW_z1.5_p1_s1,1,last_item_nbhd,0.135349,0.114744,0.157146
phi_V20_ELOW_z1.5_p1_s1,1,pop_scaled_content,0.210560,0.182010,0.236590
phi_V20_ELOW_z1.5_p1_s1,1,co_purchase,0.150979,0.128897,0.172758
phi_V20_ELOW_z1.5_p1_s1,1,lambda_hybrid_0.25,0.240032,0.211540,0.268234
phi_V20_ELOW_z1.5_p1_s1,1,lambda_hybrid_0.5,0.236668,0.208909,0.268196
phi_V20_ELOW_z1.5_p1_s1,1,lambda_hybrid_0.75,0.178603,0.154982,0.203930
phi_V20_ELOW_z1.5_p1_s1,2,pop_global,0.230281,0.204457,0.256902
phi_V20_ELOW_z1.5_p1_s1,2,recency_pop_0.1,0.126092,0.105758,0.148132
phi_V20_ELOW_z1.5_p1_s1,2,recency_pop_0.5,0.137846,0.115512,0.159147
phi_V20_ELOW_z1.5_p1_s1,2,recency_pop_1.0,0.151774,0.128223,0.176092
phi_V20_ELOW_z1.5_p1_s1,2,pop_category,0.235488,0.207331,0.262998
phi_V20_ELOW_z1.5_p1_s1,2,pop_price,0.218157,0.191688,0.247837
phi_V20_ELOW_z1.5_p1_s1,2,content_knn_1,0.128553,0.109575,0.148883
phi_V20_ELOW_z1.5_p1_s1,2,content_knn_3,0.129062,0.109574,0.149926
phi_V20_ELOW_z1.5_p1_s1,2,content_knn_5,0.129346,0.109937,0.150680
phi_V20_ELOW_z1.5_p1_s1,2,last_item_nbhd,0.131897,0.111587,0.152420
phi_V20_ELOW_z1.5_p1_s1,2,pop_scaled_content,0.223236,0.198964,0.251269
phi_V20_ELOW_z1.5_p1_s1,2,co_purchase,0.119364,0.098613,0.140721
phi_V20_ELOW_z1.5_p1_s1,2,lambda_hybrid_0.25,0.231671,0.204038,0.260964
phi_V20_ELOW_z1.5_p1_s1,2,lambda_hybrid_0.5,0.224403,0.198903,0.253040
phi_V20_ELOW_z1.5_p1_s1,2,lambda_hybrid_0.75,0.169332,0.142959,0.193927
phi_V20_ELOW_z1.5_p1_s1,3,pop_global,0.236172,0.207231,0.265521
phi_V20_ELOW_z1.5_p1_s1,3,recency_pop_0.1,0.185949,0.159761,0.212931
phi_V20_ELOW_z1.5_p1_s1,3,recency_pop_0.5,0.187324,0.161291,0.211335
phi_V20_ELOW_z1.5_p1_s1,3,recency_pop_1.0,0.190482,0.163934,0.218396
phi_V20_ELOW_z1.5_p1_s1,3,pop_category,0.210715,0.185185,0.236276
phi_V20_ELOW_z1.5_p1_s1,3,pop_price,0.234674,0.206893,0.262329
phi_V20_ELOW_z1.5_p1_s1,3,content_knn_1,0.089043,0.071105,0.108494
phi_V20_ELOW_z1.5_p1_s1,3,content_knn_3,0.084615,0.067950,0.102467
phi_V20_ELOW_z1.5_p1_s1,3,content_knn_5,0.084180,0.067669,0.102870
phi_V20_ELOW_z1.5_p1_s1,3,last_item_nbhd,0.092227,0.074637,0.109511
phi_V20_ELOW_z1.5_p1_s1,3,pop_scaled_content,0.182663,0.158844,0.207503
phi_V20_ELOW_z1.5_p1_s1,3,co_purchase,0.100488,0.082260,0.120349
phi_V20_ELOW_z1.5_p1_s1,3,lambda_hybrid_0.25,0.219772,0.191837,0.249598
phi_V20_ELOW_z1.5_p1_s1,3,lambda_hybrid_0.5,0.197914,0.170052,0.225043
phi_V20_ELOW_z1.5_p1_s1,3,lambda_hybrid_0.75,0.130030,0.108209,0.152499
phi_V20_ELOW_z1.5_p1_s1,5,pop_global,0.187982,0.160877,0.217421
phi_V20_ELOW_z1.5_p1_s1,5,recency_pop_0.1,0.171988,0.146131,0.199887
phi_V20_ELOW_z1.5_p1_s1,5,recency_pop_0.5,0.168312,0.143427,0.195379
phi_V20_ELOW_z1.5_p1_s1,5,recency_pop_1.0,0.167430,0.141077,0.194689
phi_V20_ELOW_z1.5_p1_s1,5,pop_category,0.173142,0.147138,0.199678
phi_V20_ELOW_z1.5_p1_s1,5,pop_price,0.177115,0.150806,0.204488
phi_V20_ELOW_z1.5_p1_s1,5,content_knn_1,0.083723,0.066853,0.102339
phi_V20_ELOW_z1.5_p1_s1,5,content_knn_3,0.083670,0.065734,0.102235
phi_V20_ELOW_z1.5_p1_s1,5,content_knn_5,0.084583,0.066716,0.102698
phi_V20_ELOW_z1.5_p1_s1,5,last_item_nbhd,0.091452,0.073290,0.109997
phi_V20_ELOW_z1.5_p1_s1,5,pop_scaled_content,0.156432,0.132553,0.180472
phi_V20_ELOW_z1.5_p1_s1,5,co_purchase,0.072300,0.054696,0.090128
phi_V20_ELOW_z1.5_p1_s1,5,lambda_hybrid_0.25,0.174906,0.147698,0.200436
phi_V20_ELOW_z1.5_p1_s1,5,lambda_hybrid_0.5,0.149553,0.125859,0.172719
phi_V20_ELOW_z1.5_p1_s1,5,lambda_hybrid_0.75,0.116723,0.096649,0.140230
phi_V20_ELOW_z1.5_p1_s1,8,pop_global,0.164472,0.133454,0.196070
phi_V20_ELOW_z1.5_p1_s1,8,recency_pop_0.1,0.173778,0.141968,0.208310
phi_V20_ELOW_z1.5_p1_s1,8,recency_pop_0.5,0.172467,0.142413,0.204142
phi_V20_ELOW_z1.5_p1_s1,8,recency_pop_1.0,0.161999,0.133760,0.192460
phi_V20_ELOW_z1.5_p1_s1,8,pop_category,0.168466,0.138365,0.197934
phi_V20_ELOW_z1.5_p1_s1,8,pop_price,0.162206,0.135437,0.194252
phi_V20_ELOW_z1.5_p1_s1,8,content_knn_1,0.067850,0.048736,0.088887
phi_V20_ELOW_z1.5_p1_s1,8,content_knn_3,0.057407,0.041031,0.076142
phi_V20_ELOW_z1.5_p1_s1,8,content_knn_5,0.055639,0.039030,0.073214
phi_V20_ELOW_z1.5_p1_s1,8,last_item_nbhd,0.069904,0.050310,0.090462
phi_V20_ELOW_z1.5_p1_s1,8,pop_scaled_content,0.129982,0.102361,0.157597
phi_V20_ELOW_z1.5_p1_s1,8,co_purchase,0.035955,0.022321,0.051619
phi_V20_ELOW_z1.5_p1_s1,8,lambda_hybrid_0.25,0.154674,0.121080,0.187671
phi_V20_ELOW_z1.5_p1_s1,8,lambda_hybrid_0.5,0.126529,0.101774,0.155295
phi_V20_ELOW_z1.5_p1_s1,8,lambda_hybrid_0.75,0.084467,0.063574,0.106799
phi_V500_EHIGH_z0.5_p0.25_s0,0,pop_global,0.737734,0.717468,0.758884
phi_V500_EHIGH_z0.5_p0.25_s0,0,recency_pop_0.1,0.064026,0.050369,0.078626
phi_V500_EHIGH_z0.5_p0.25_s0,0,recency_pop_0.5,0.136060,0.117601,0.151709
phi_V500_EHIGH_z0.5_p0.25_s0,0,recency_pop_1.0,0.144039,0.125978,0.161424
phi_V500_EHIGH_z0.5_p0.25_s0,0,pop_category,0.730084,0.706773,0.753102
phi_V500_EHIGH_z0.5_p0.25_s0,0,pop_price,0.739472,0.716190,0.761095
phi_V500_EHIGH_z0.5_p0.25_s0,0,lambda_hybrid_0.25,0.737734,0.717223,0.760752
phi_V500_EHIGH_z0.5_p0.25_s0,0,lambda_hybrid_0.5,0.737734,0.715166,0.757878
phi_V500_EHIGH_z0.5_p0.25_s0,0,lambda_hybrid_0.75,0.737734,0.715490,0.760869
phi_V500_EHIGH_z0.5_p0.25_s0,0,active_elic2,0.730084,0.705482,0.751792
phi_V500_EHIGH_z0.5_p0.25_s0,1,pop_global,0.409993,0.385227,0.436332
phi_V500_EHIGH_z0.5_p0.25_s0,1,recency_pop_0.1,0.134342,0.114715,0.153362
phi_V500_EHIGH_z0.5_p0.25_s0,1,recency_pop_0.5,0.264723,0.239738,0.287364
phi_V500_EHIGH_z0.5_p0.25_s0,1,recency_pop_1.0,0.268420,0.244624,0.294735
phi_V500_EHIGH_z0.5_p0.25_s0,1,pop_category,0.407062,0.378492,0.435789
phi_V500_EHIGH_z0.5_p0.25_s0,1,pop_price,0.417807,0.391211,0.445595
phi_V500_EHIGH_z0.5_p0.25_s0,1,content_knn_1,0.001500,0.000000,0.004000
phi_V500_EHIGH_z0.5_p0.25_s0,1,content_knn_3,0.001500,0.000000,0.004000
phi_V500_EHIGH_z0.5_p0.25_s0,1,content_knn_5,0.008076,0.004642,0.012351
phi_V500_EHIGH_z0.5_p0.25_s0,1,last_item_nbhd,0.001500,0.000000,0.004000
phi_V500_EHIGH_z0.5_p0.25_s0,1,pop_scaled_content,0.369743,0.344096,0.398681
phi_V500_EHIGH_z0.5_p0.25_s0,1,co_purchase,0.011883,0.006382,0.018110
phi_V500_EHIGH_z0.5_p0.25_s0,1,lambda_hybrid_0.25,0.397599,0.369473,0.428442
phi_V500_EHIGH_z0.5_p0.25_s0,1,lambda_hybrid_0.5,0.342339,0.315822,0.370826
phi_V500_EHIGH_z0.5_p0.25_s0,1,lambda_hybrid_0.75,0.071860,0.058394,0.085749
phi_V500_EHIGH_z0.5_p0.25_s0,2,pop_global,0.327100,0.299278,0.352965
phi_V500_EHIGH_z0.5_p0.25_s0,2,recency_pop_0.1,0.149040,0.130138,0.169059
phi_V500_EHIGH_z0.5_p0.25_s0,2,recency_pop_0.5,0.187619,0.164743,0.211268
phi_V500_EHIGH_z0.5_p0.25_s0,2,recency_pop_1.0,0.188934,0.165012,0.213678
phi_V500_EHIGH_z0.5_p0.25_s0,2,pop_category,0.315058,0.287749,0.341772
phi_V500_EHIGH_z0.5_p0.25_s0,2,pop_price,0.324544,0.297149,0.351582
phi_V500_EHIGH_z0.5_p0.25_s0,2,content_knn_1,0.000000,0.000000,0.000000
phi_V500_EHIGH_z0.5_p0.25_s0,2,content_knn_3,0.000000,0.000000,0.000000
phi_V500_EHIGH_z0.5_p0.25_s0,2,content_knn_5,0.001318,0.000000,0.003040
phi_V500_EHIGH_z0.5_p0.25_s0,2,last_item_nbhd,0.000500,0.000000,0.001500
phi_V500_EHIGH_z0.5_p0.25_s0,2,pop_scaled_content,0.320362,0.294664,0.348445
phi_V500_EHIGH_z0.5_p0.25_s0,2,co_purchase,0.003000,0.000500,0.006500
phi_V500_EHIGH_z0.5_p0.25_s0,2,lambda_hybrid_0.25,0.311414,0.285041,0.337940
phi_V500_EHIGH_z0.5_p0.25_s0,2,lambda_hybrid_0.5,0.263101,0.236549,0.290578
phi_V500_EHIGH_z0.5_p0.25_s0,2,lambda_hybrid_0.75,0.039369,0.029447,0.050742
phi_V500_EHIGH_z0.5_p0.25_s0,3,pop_global,0.260801,0.235114,0.284321
phi_V500_EHIGH_z0.5_p0.25_s0,3,recency_pop_0.1,0.125510,0.108053,0.145209
phi_V500_EHIGH_z0.5_p0.25_s0,3,recency_pop_0.5,0.137595,0.117867,0.158971
phi_V500_EHIGH_z0.5_p0.25_s0,3,recency_pop_1.0,0.136951,0.118454,0.156583
phi_V500_EHIGH_z0.5_p0.25_s0,3,pop_category,0.250627,0.225344,0.275162
phi_V500_EHIGH_z0.5_p0.25_s0,3,pop_price,0.248225,0.221698,0.272214
phi_V500_EHIGH_z0.5_p0.25_s0,3,content_knn_1,0.001381,0.000000,0.003128
phi_V500_EHIGH_z0.5_p0.25_s0,3,content_knn_3,0.000000,0.000000,0.000000
phi_V500_EHIGH_z0.5_p0.25_s0,3,content_knn_5,0.001932,0.000392,0.004010
phi_V500_EHIGH_z0.5_p0.25_s0,3,last_item_nbhd,0.000000,0.000000,0.000000
phi_V500_EHIGH_z0.5_p0.25_s0,3,pop_scaled_content,0.256382,0.231163,0.280722
phi_V500_EHIGH_z0.5_p0.25_s0,3,co_purchase,0.007814,0.003435,0.013275
phi_V500_EHIGH_z0.5_p0.25_s0,3,lambda_hybrid_0.25,0.235672,0.210900,0.260683
phi_V500_EHIGH_z0.5_p0.25_s0,3,lambda_hybrid_0.5,0.180256,0.157731,0.202874
phi_V500_EHIGH_z0.5_p0.25_s0,3,lambda_hybrid_0.75,0.039360,0.028896,0.049907
phi_V500_EHIGH_z0.5_p0.25_s0,5,pop_global,0.172230,0.150616,0.194587
phi_V500_EHIGH_z0.5_p0.25_s0,5,recency_pop_0.1,0.098952,0.083140,0.116202
phi_V500_EHIGH_z0.5_p0.25_s0,5,recency_pop_0.5,0.115937,0.097663,0.132350
phi_V500_EHIGH_z0.5_p0.25_s0,5,recency_pop_1.0,0.117855,0.100970,0.135276
phi_V500_EHIGH_z0.5_p0.25_s0,5,pop_category,0.154153,0.134287,0.176779
phi_V500_EHIGH_z0.5_p0.25_s0,5,pop_price,0.145143,0.123736,0.166252
phi_V500_EHIGH_z0.5_p0.25_s0,5,content_knn_1,0.000538,0.000000,0.001615
phi_V500_EHIGH_z0.5_p0.25_s0,5,content_knn_3,0.000538,0.000000,0.001615
phi_V500_EHIGH_z0.5_p0.25_s0,5,content_knn_5,0.000416,0.000000,0.001249
phi_V500_EHIGH_z0.5_p0.25_s0,5,last_item_nbhd,0.000000,0.000000,0.000000
phi_V500_EHIGH_z0.5_p0.25_s0,5,pop_scaled_content,0.161298,0.140165,0.182062
phi_V500_EHIGH_z0.5_p0.25_s0,5,co_purchase,0.009094,0.003913,0.015534
phi_V500_EHIGH_z0.5_p0.25_s0,5,lambda_hybrid_0.25,0.126552,0.107077,0.146878
phi_V500_EHIGH_z0.5_p0.25_s0,5,lambda_hybrid_0.5,0.093389,0.074233,0.112405
phi_V500_EHIGH_z0.5_p0.25_s0,5,lambda_hybrid_0.75,0.015254,0.008434,0.023261
phi_V500_EHIGH_z0.5_p0.25_s0,8,pop_global,0.155706,0.133113,0.179393
phi_V500_EHIGH_z0.5_p0.25_s0,8,recency_pop_0.1,0.143669,0.120784,0.168133
phi_V500_EHIGH_z0.5_p0.25_s0,8,recency_pop_0.5,0.152542,0.129019,0.177326
phi_V500_EHIGH_z0.5_p0.25_s0,8,recency_pop_1.0,0.151425,0.128296,0.176699
phi_V500_EHIGH_z0.5_p0.25_s0,8,pop_category,0.140355,0.115600,0.164976
phi_V500_EHIGH_z0.5_p0.25_s0,8,pop_price,0.122304,0.100533,0.146528
phi_V500_EHIGH_z0.5_p0.25_s0,8,content_knn_1,0.002184,0.000000,0.005238
phi_V500_EHIGH_z0.5_p0.25_s0,8,content_knn_3,0.002290,0.000000,0.006107
phi_V500_EHIGH_z0.5_p0.25_s0,8,content_knn_5,0.003053,0.000000,0.009160
phi_V500_EHIGH_z0.5_p0.25_s0,8,last_item_nbhd,0.000963,0.000000,0.002890
phi_V500_EHIGH_z0.5_p0.25_s0,8,pop_scaled_content,0.144894,0.122149,0.169297
phi_V500_EHIGH_z0.5_p0.25_s0,8,co_purchase,0.004674,0.000763,0.009820
phi_V500_EHIGH_z0.5_p0.25_s0,8,lambda_hybrid_0.25,0.101409,0.080527,0.123271
phi_V500_EHIGH_z0.5_p0.25_s0,8,lambda_hybrid_0.5,0.053783,0.037917,0.070769
phi_V500_EHIGH_z0.5_p0.25_s0,8,lambda_hybrid_0.75,0.007928,0.002290,0.014076
phi_V500_EHIGH_z0.5_p0.25_s1,0,pop_global,0.773833,0.752919,0.796303
phi_V500_EHIGH_z0.5_p0.25_s1,0,recency_pop_0.1,0.056916,0.045043,0.068764
phi_V500_EHIGH_z0.5_p0.25_s1,0,recency_pop_0.5,0.098726,0.082782,0.116607
phi_V500_EHIGH_z0.5_p0.25_s1,0,recency_pop_1.0,0.103593,0.087712,0.122116
phi_V500_EHIGH_z0.5_p0.25_s1,0,pop_category,0.756990,0.733001,0.779039
phi_V500_EHIGH_z0.5_p0.25_s1,0,pop_price,0.729412,0.705002,0.753133
phi_V500_EHIGH_z0.5_p0.25_s1,0,lambda_hybrid_0.25,0.773833,0.752249,0.794517
phi_V500_EHIGH_z0.5_p0.25_s1,0,lambda_hybrid_0.5,0.773833,0.750811,0.794392
phi_V500_EHIGH_z0.5_p0.25_s1,0,lambda_hybrid_0.75,0.773833,0.753555,0.795473
phi_V500_EHIGH_z0.5_p0.25_s1,0,active_elic2,0.646262,0.614218,0.674705
phi_V500_EHIGH_z0.5_p0.25_s1,1,pop_global,0.400486,0.374339,0.427929
phi_V500_EHIGH_z0.5_p0.25_s1,1,recency_pop_0.1,0.100169,0.085538,0.114094
phi_V500_EHIGH_z0.5_p0.25_s1,1,recency_pop_0.5,0.236103,0.213992,0.260160
phi_V500_EHIGH_z0.5_p0.25_s1,1,recency_pop_1.0,0.254924,0.230883,0.279484
phi_V500_EHIGH_z0.5_p0.25_s1,1,pop_category,0.372833,0.345044,0.401613
phi_V500_EHIGH_z0.5_p0.25_s1,1,pop_price,0.338161,0.311395,0.367760
phi_V500_EHIGH_z0.5_p0.25_s1,1,content_knn_1,0.000000,0.000000,0.000000
phi_V500_EHIGH_z0.5_p0.25_s1,1,content_knn_3,0.000387,0.000000,0.001161
phi_V500_EHIGH_z0.5_p0.25_s1,1,content_knn_5,0.000387,0.000000,0.001161
phi_V500_EHIGH_z0.5_p0.25_s1,1,last_item_nbhd,0.000000,0.000000,0.000000
phi_V500_EHIGH_z0.5_p0.25_s1,1,pop_scaled_content,0.292929,0.266032,0.319725
phi_V500_EHIGH_z0.5_p0.25_s1,1,co_purchase,0.008307,0.004297,0.013044
phi_V500_EHIGH_z0.5_p0.25_s1,1,lambda_hybrid_0.25,0.243274,0.217874,0.271161
phi_V500_EHIGH_z0.5_p0.25_s1,1,lambda_hybrid_0.5,0.242000,0.217000,0.268000
phi_V500_EHIGH_z0.5_p0.25_s1,1,lambda_hybrid_0.75,0.041712,0.030653,0.054071
phi_V500_EHIGH_z0.5_p0.25_s1,2,pop_global,0.199453,0.177503,0.222684
phi_V500_EHIGH_z0.5_p0.25_s1,2,recency_pop_0.1,0.092327,0.078921,0.106271
phi_V500_EHIGH_z0.5_p0.25_s1,2,recency_pop_0.5,0.178965,0.158075,0.203836
phi_V500_EHIGH_z0.5_p0.25_s1,2,recency_pop_1.0,0.179596,0.157420,0.201834
phi_V500_EHIGH_z0.5_p0.25_s1,2,pop_category,0.188499,0.166701,0.210818
phi_V500_EHIGH_z0.5_p0.25_s1,2,pop_price,0.156800,0.137775,0.176336
phi_V500_EHIGH_z0.5_p0.25_s1,2,content_knn_1,0.000000,0.000000,0.000000
phi_V500_EHIGH_z0.5_p0.25_s1,2,content_knn_3,0.000000,0.000000,0.000000
phi_V500_EHIGH_z0.5_p0.25_s1,2,content_knn_5,0.000387,0.000000,0.001161
phi_V500_EHIGH_z0.5_p0.25_s1,2,last_item_nbhd,0.000631,0.000000,0.001893
phi_V500_EHIGH_z0.5_p0.25_s1,2,pop_scaled_content,0.163113,0.142136,0.183690
phi_V500_EHIGH_z0.5_p0.25_s1,2,co_purchase,0.007018,0.002625,0.012282
phi_V500_EHIGH_z0.5_p0.25_s1,2,lambda_hybrid_0.25,0.086631,0.070893,0.103271
phi_V500_EHIGH_z0.5_p0.25_s1,2,lambda_hybrid_0.5,0.085631,0.068000,0.104262
phi_V500_EHIGH_z0.5_p0.25_s1,2,lambda_hybrid_0.75,0.029665,0.020216,0.039324
phi_V500_EHIGH_z0.5_p0.25_s1,3,pop_global,0.128135,0.109070,0.145554
phi_V500_EHIGH_z0.5_p0.25_s1,3,recency_pop_0.1,0.083529,0.070039,0.097887
phi_V500_EHIGH_z0.5_p0.25_s1,3,recency_pop_0.5,0.113093,0.095037,0.130988
phi_V500_EHIGH_z0.5_p0.25_s1,3,recency_pop_1.0,0.113093,0.095735,0.130715
phi_V500_EHIGH_z0.5_p0.25_s1,3,pop_category,0.121093,0.103016,0.140328
phi_V500_EHIGH_z0.5_p0.25_s1,3,pop_price,0.090377,0.075651,0.105400
phi_V500_EHIGH_z0.5_p0.25_s1,3,content_knn_1,0.000000,0.000000,0.000000
phi_V500_EHIGH_z0.5_p0.25_s1,3,content_knn_3,0.000000,0.000000,0.000000
phi_V500_EHIGH_z0.5_p0.25_s1,3,content_knn_5,0.000000,0.000000,0.000000
phi_V500_EHIGH_z0.5_p0.25_s1,3,last_item_nbhd,0.000000,0.000000,0.000000
phi_V500_EHIGH_z0.5_p0.25_s1,3,pop_scaled_content,0.100988,0.084322,0.117307
phi_V500_EHIGH_z0.5_p0.25_s1,3,co_purchase,0.005110,0.001641,0.009216
phi_V500_EHIGH_z0.5_p0.25_s1,3,lambda_hybrid_0.25,0.025011,0.015957,0.035072
phi_V500_EHIGH_z0.5_p0.25_s1,3,lambda_hybrid_0.5,0.024534,0.015020,0.034205
phi_V500_EHIGH_z0.5_p0.25_s1,3,lambda_hybrid_0.75,0.009689,0.004659,0.015594
phi_V500_EHIGH_z0.5_p0.25_s1,5,pop_global,0.078049,0.062190,0.092967
phi_V500_EHIGH_z0.5_p0.25_s1,5,recency_pop_0.1,0.072084,0.058303,0.087357
phi_V500_EHIGH_z0.5_p0.25_s1,5,recency_pop_0.5,0.073953,0.059922,0.089158
phi_V500_EHIGH_z0.5_p0.25_s1,5,recency_pop_1.0,0.073953,0.058856,0.089379
phi_V500_EHIGH_z0.5_p0.25_s1,5,pop_category,0.078180,0.063214,0.093310
phi_V500_EHIGH_z0.5_p0.25_s1,5,pop_price,0.062301,0.049275,0.076357
phi_V500_EHIGH_z0.5_p0.25_s1,5,content_knn_1,0.000000,0.000000,0.000000
phi_V500_EHIGH_z0.5_p0.25_s1,5,content_knn_3,0.000000,0.000000,0.000000
phi_V500_EHIGH_z0.5_p0.25_s1,5,content_knn_5,0.000000,0.000000,0.000000
phi_V500_EHIGH_z0.5_p0.25_s1,5,last_item_nbhd,0.000000,0.000000,0.000000
phi_V500_EHIGH_z0.5_p0.25_s1,5,pop_scaled_content,0.073758,0.060465,0.089846
phi_V500_EHIGH_z0.5_p0.25_s1,5,co_purchase,0.008985,0.003827,0.014790
phi_V500_EHIGH_z0.5_p0.25_s1,5,lambda_hybrid_0.25,0.003165,0.000000,0.007384
phi_V500_EHIGH_z0.5_p0.25_s1,5,lambda_hybrid_0.5,0.003165,0.000000,0.007384
phi_V500_EHIGH_z0.5_p0.25_s1,5,lambda_hybrid_0.75,0.001055,0.000000,0.003165
phi_V500_EHIGH_z0.5_p0.25_s1,8,pop_global,0.053693,0.040378,0.067932
phi_V500_EHIGH_z0.5_p0.25_s1,8,recency_pop_0.1,0.057159,0.040722,0.074092
phi_V500_EHIGH_z0.5_p0.25_s1,8,recency_pop_0.5,0.056428,0.042278,0.072448
phi_V500_EHIGH_z0.5_p0.25_s1,8,recency_pop_1.0,0.055480,0.040591,0.070734
phi_V500_EHIGH_z0.5_p0.25_s1,8,pop_category,0.060854,0.045669,0.076091
phi_V500_EHIGH_z0.5_p0.25_s1,8,pop_price,0.049377,0.036278,0.064169
phi_V500_EHIGH_z0.5_p0.25_s1,8,content_knn_1,0.000000,0.000000,0.000000
phi_V500_EHIGH_z0.5_p0.25_s1,8,content_knn_3,0.000000,0.000000,0.000000
phi_V500_EHIGH_z0.5_p0.25_s1,8,content_knn_5,0.000000,0.000000,0.000000
phi_V500_EHIGH_z0.5_p0.25_s1,8,last_item_nbhd,0.000000,0.000000,0.000000
phi_V500_EHIGH_z0.5_p0.25_s1,8,pop_scaled_content,0.057575,0.042147,0.075659
phi_V500_EHIGH_z0.5_p0.25_s1,8,co_purchase,0.002972,0.000000,0.007429
phi_V500_EHIGH_z0.5_p0.25_s1,8,lambda_hybrid_0.25,0.000000,0.000000,0.000000
phi_V500_EHIGH_z0.5_p0.25_s1,8,lambda_hybrid_0.5,0.000000,0.000000,0.000000
phi_V500_EHIGH_z0.5_p0.25_s1,8,lambda_hybrid_0.75,0.000000,0.000000,0.000000
phi_V500_EHIGH_z0.5_p0.5_s0,0,pop_global,0.731708,0.710873,0.753355
phi_V500_EHIGH_z0.5_p0.5_s0,0,recency_pop_0.1,0.065418,0.051390,0.079493
phi_V500_EHIGH_z0.5_p0.5_s0,0,recency_pop_0.5,0.139931,0.122445,0.156914
phi_V500_EHIGH_z0.5_p0.5_s0,0,recency_pop_1.0,0.146263,0.127851,0.164847
phi_V500_EHIGH_z0.5_p0.5_s0,0,pop_category,0.726942,0.702984,0.748253
phi_V500_EHIGH_z0.5_p0.5_s0,0,pop_price,0.734862,0.711510,0.756057
phi_V500_EHIGH_z0.5_p0.5_s0,0,lambda_hybrid_0.25,0.731708,0.709634,0.752596
phi_V500_EHIGH_z0.5_p0.5_s0,0,lambda_hybrid_0.5,0.731708,0.709945,0.753211
phi_V500_EHIGH_z0.5_p0.5_s0,0,lambda_hybrid_0.75,0.731708,0.707931,0.753818
phi_V500_EHIGH_z0.5_p0.5_s0,0,active_elic2,0.694947,0.669939,0.718815
phi_V500_EHIGH_z0.5_p0.5_s0,1,pop_global,0.407043,0.380290,0.435174
phi_V500_EHIGH_z0.5_p0.5_s0,1,recency_pop_0.1,0.130126,0.112188,0.148820
phi_V500_EHIGH_z0.5_p0.5_s0,1,recency_pop_0.5,0.264025,0.239436,0.286989
phi_V500_EHIGH_z0.5_p0.5_s0,1,recency_pop_1.0,0.269954,0.244801,0.295481
phi_V500_EHIGH_z0.5_p0.5_s0,1,pop_category,0.405407,0.377902,0.434028
phi_V500_EHIGH_z0.5_p0.5_s0,1,pop_price,0.413699,0.385877,0.439947
phi_V500_EHIGH_z0.5_p0.5_s0,1,content_knn_1,0.000000,0.000000,0.000000
phi_V500_EHIGH_z0.5_p0.5_s0,1,content_knn_3,0.000000,0.000000,0.000000
phi_V500_EHIGH_z0.5_p0.5_s0,1,content_knn_5,0.005029,0.002708,0.007747
phi_V500_EHIGH_z0.5_p0.5_s0,1,last_item_nbhd,0.000000,0.000000,0.000000
phi_V500_EHIGH_z0.5_p0.5_s0,1,pop_scaled_content,0.373573,0.345001,0.401806
phi_V500_EHIGH_z0.5_p0.5_s0,1,co_purchase,0.018807,0.011684,0.026472
phi_V500_EHIGH_z0.5_p0.5_s0,1,lambda_hybrid_0.25,0.392769,0.365678,0.420765
phi_V500_EHIGH_z0.5_p0.5_s0,1,lambda_hybrid_0.5,0.332350,0.305222,0.363521
phi_V500_EHIGH_z0.5_p0.5_s0,1,lambda_hybrid_0.75,0.073275,0.058987,0.087454
phi_V500_EHIGH_z0.5_p0.5_s0,2,pop_global,0.310382,0.283348,0.336642
phi_V500_EHIGH_z0.5_p0.5_s0,2,recency_pop_0.1,0.143427,0.123477,0.163204
phi_V500_EHIGH_z0.5_p0.5_s0,2,recency_pop_0.5,0.187514,0.163869,0.211656
phi_V500_EHIGH_z0.5_p0.5_s0,2,recency_pop_1.0,0.189359,0.165302,0.214258
phi_V500_EHIGH_z0.5_p0.5_s0,2,pop_category,0.303456,0.278481,0.329562
phi_V500_EHIGH_z0.5_p0.5_s0,2,pop_price,0.310110,0.283056,0.337447
phi_V500_EHIGH_z0.5_p0.5_s0,2,content_knn_1,0.000500,0.000000,0.001500
phi_V500_EHIGH_z0.5_p0.5_s0,2,content_knn_3,0.001000,0.000000,0.003000
phi_V500_EHIGH_z0.5_p0.5_s0,2,content_knn_5,0.001387,0.000000,0.003163
phi_V500_EHIGH_z0.5_p0.5_s0,2,last_item_nbhd,0.001000,0.000000,0.002500
phi_V500_EHIGH_z0.5_p0.5_s0,2,pop_scaled_content,0.309137,0.284362,0.336558
phi_V500_EHIGH_z0.5_p0.5_s0,2,co_purchase,0.007018,0.002000,0.012631
phi_V500_EHIGH_z0.5_p0.5_s0,2,lambda_hybrid_0.25,0.296948,0.270739,0.324107
phi_V500_EHIGH_z0.5_p0.5_s0,2,lambda_hybrid_0.5,0.250641,0.223785,0.276699
phi_V500_EHIGH_z0.5_p0.5_s0,2,lambda_hybrid_0.75,0.034078,0.025374,0.044713
phi_V500_EHIGH_z0.5_p0.5_s0,3,pop_global,0.258127,0.233429,0.281903
phi_V500_EHIGH_z0.5_p0.5_s0,3,recency_pop_0.1,0.126947,0.109279,0.147130
phi_V500_EHIGH_z0.5_p0.5_s0,3,recency_pop_0.5,0.145586,0.125249,0.166641
phi_V500_EHIGH_z0.5_p0.5_s0,3,recency_pop_1.0,0.145194,0.125479,0.165941
phi_V500_EHIGH_z0.5_p0.5_s0,3,pop_category,0.246899,0.221308,0.270731
phi_V500_EHIGH_z0.5_p0.5_s0,3,pop_price,0.241356,0.215249,0.264737
phi_V500_EHIGH_z0.5_p0.5_s0,3,content_knn_1,0.001958,0.000437,0.003986
phi_V500_EHIGH_z0.5_p0.5_s0,3,content_knn_3,0.000000,0.000000,0.000000
phi_V500_EHIGH_z0.5_p0.5_s0,3,content_knn_5,0.001817,0.000392,0.003781
phi_V500_EHIGH_z0.5_p0.5_s0,3,last_item_nbhd,0.000000,0.000000,0.000000
phi_V500_EHIGH_z0.5_p0.5_s0,3,pop_scaled_content,0.253597,0.227387,0.278113
phi_V500_EHIGH_z0.5_p0.5_s0,3,co_purchase,0.008568,0.003872,0.014717
phi_V500_EHIGH_z0.5_p0.5_s0,3,lambda_hybrid_0.25,0.229255,0.204979,0.255881
phi_V500_EHIGH_z0.5_p0.5_s0,3,lambda_hybrid_0.5,0.171255,0.146959,0.194010
phi_V500_EHIGH_z0.5_p0.5_s0,3,lambda_hybrid_0.75,0.037351,0.027032,0.047125
phi_V500_EHIGH_z0.5_p0.5_s0,5,pop_global,0.171243,0.150472,0.194258
phi_V500_EHIGH_z0.5_p0.5_s0,5,recency_pop_0.1,0.104211,0.087357,0.121948
phi_V500_EHIGH_z0.5_p0.5_s0,5,recency_pop_0.5,0.118478,0.099141,0.135103
phi_V500_EHIGH_z0.5_p0.5_s0,5,recency_pop_1.0,0.119028,0.102274,0.137371
phi_V500_EHIGH_z0.5_p0.5_s0,5,pop_category,0.157457,0.136008,0.179123
phi_V500_EHIGH_z0.5_p0.5_s0,5,pop_price,0.148864,0.128038,0.169803
phi_V500_EHIGH_z0.5_p0.5_s0,5,content_knn_1,0.002435,0.000538,0.005013
phi_V500_EHIGH_z0.5_p0.5_s0,5,content_knn_3,0.000000,0.000000,0.000000
phi_V500_EHIGH_z0.5_p0.5_s0,5,content_knn_5,0.000000,0.000000,0.000000
phi_V500_EHIGH_z0.5_p0.5_s0,5,last_item_nbhd,0.000000,0.000000,0.000000
phi_V500_EHIGH_z0.5_p0.5_s0,5,pop_scaled_content,0.160926,0.140214,0.181658
phi_V500_EHIGH_z0.5_p0.5_s0,5,co_purchase,0.004910,0.001141,0.009359
phi_V500_EHIGH_z0.5_p0.5_s0,5,lambda_hybrid_0.25,0.134294,0.113516,0.155962
phi_V500_EHIGH_z0.5_p0.5_s0,5,lambda_hybrid_0.5,0.098004,0.080014,0.118173
phi_V500_EHIGH_z0.5_p0.5_s0,5,lambda_hybrid_0.75,0.018064,0.010826,0.026016
phi_V500_EHIGH_z0.5_p0.5_s0,8,pop_global,0.160113,0.136129,0.185048
phi_V500_EHIGH_z0.5_p0.5_s0,8,recency_pop_0.1,0.155009,0.130469,0.179408
phi_V500_EHIGH_z0.5_p0.5_s0,8,recency_pop_0.5,0.157358,0.132507,0.182019
phi_V500_EHIGH_z0.5_p0.5_s0,8,recency_pop_1.0,0.157452,0.133169,0.182128
phi_V500_EHIGH_z0.5_p0.5_s0,8,pop_category,0.148403,0.125179,0.173513
phi_V500_EHIGH_z0.5_p0.5_s0,8,pop_price,0.127095,0.104043,0.153040
phi_V500_EHIGH_z0.5_p0.5_s0,8,content_knn_1,0.001527,0.000000,0.004580
phi_V500_EHIGH_z0.5_p0.5_s0,8,content_knn_3,0.000000,0.000000,0.000000
phi_V500_EHIGH_z0.5_p0.5_s0,8,content_knn_5,0.000000,0.000000,0.000000
phi_V500_EHIGH_z0.5_p0.5_s0,8,last_item_nbhd,0.000963,0.000000,0.002890
phi_V500_EHIGH_z0.5_p0.5_s0,8,pop_scaled_content,0.153904,0.132585,0.178904
phi_V500_EHIGH_z0.5_p0.5_s0,8,co_purchase,0.006764,0.001527,0.013740
phi_V500_EHIGH_z0.5_p0.5_s0,8,lambda_hybrid_0.25,0.104175,0.082276,0.125795
phi_V500_EHIGH_z0.5_p0.5_s0,8,lambda_hybrid_0.5,0.057306,0.040703,0.075631
phi_V500_EHIGH_z0.5_p0.5_s0,8,lambda_hybrid_0.75,0.008345,0.003108,0.014644
phi_V500_EHIGH_z0.5_p0.5_s1,0,pop_global,0.777482,0.757157,0.799384
phi_V500_EHIGH_z0.5_p0.5_s1,0,recency_pop_0.1,0.063720,0.050088,0.077431
phi_V500_EHIGH_z0.5_p0.5_s1,0,recency_pop_0.5,0.095783,0.079561,0.112476
phi_V500_EHIGH_z0.5_p0.5_s1,0,recency_pop_1.0,0.100835,0.084480,0.118313
phi_V500_EHIGH_z0.5_p0.5_s1,0,pop_category,0.746482,0.721398,0.770177
phi_V500_EHIGH_z0.5_p0.5_s1,0,pop_price,0.732905,0.707424,0.757301
phi_V500_EHIGH_z0.5_p0.5_s1,0,lambda_hybrid_0.25,0.777482,0.755857,0.799451
phi_V500_EHIGH_z0.5_p0.5_s1,0,lambda_hybrid_0.5,0.777482,0.755436,0.797767
phi_V500_EHIGH_z0.5_p0.5_s1,0,lambda_hybrid_0.75,0.777482,0.756502,0.798453
phi_V500_EHIGH_z0.5_p0.5_s1,0,active_elic2,0.655496,0.623634,0.685751
phi_V500_EHIGH_z0.5_p0.5_s1,1,pop_global,0.394109,0.365807,0.421903
phi_V500_EHIGH_z0.5_p0.5_s1,1,recency_pop_0.1,0.115421,0.098797,0.131798
phi_V500_EHIGH_z0.5_p0.5_s1,1,recency_pop_0.5,0.237891,0.214393,0.260238
phi_V500_EHIGH_z0.5_p0.5_s1,1,recency_pop_1.0,0.250762,0.226600,0.275116
phi_V500_EHIGH_z0.5_p0.5_s1,1,pop_category,0.364977,0.335526,0.393798
phi_V500_EHIGH_z0.5_p0.5_s1,1,pop_price,0.335185,0.309811,0.363322
phi_V500_EHIGH_z0.5_p0.5_s1,1,content_knn_1,0.000000,0.000000,0.000000
phi_V500_EHIGH_z0.5_p0.5_s1,1,content_knn_3,0.000000,0.000000,0.000000
phi_V500_EHIGH_z0.5_p0.5_s1,1,content_knn_5,0.000000,0.000000,0.000000
phi_V500_EHIGH_z0.5_p0.5_s1,1,last_item_nbhd,0.000000,0.000000,0.000000
phi_V500_EHIGH_z0.5_p0.5_s1,1,pop_scaled_content,0.291145,0.267016,0.315515
phi_V500_EHIGH_z0.5_p0.5_s1,1,co_purchase,0.012966,0.007422,0.019405
phi_V500_EHIGH_z0.5_p0.5_s1,1,lambda_hybrid_0.25,0.240000,0.213987,0.267500
phi_V500_EHIGH_z0.5_p0.5_s1,1,lambda_hybrid_0.5,0.239000,0.211000,0.265000
phi_V500_EHIGH_z0.5_p0.5_s1,1,lambda_hybrid_0.75,0.047264,0.034678,0.060266
phi_V500_EHIGH_z0.5_p0.5_s1,2,pop_global,0.190545,0.169841,0.214018
phi_V500_EHIGH_z0.5_p0.5_s1,2,recency_pop_0.1,0.089315,0.075806,0.104391
phi_V500_EHIGH_z0.5_p0.5_s1,2,recency_pop_0.5,0.171904,0.150869,0.194418
phi_V500_EHIGH_z0.5_p0.5_s1,2,recency_pop_1.0,0.172273,0.149462,0.195203
phi_V500_EHIGH_z0.5_p0.5_s1,2,pop_category,0.171399,0.150523,0.192162
phi_V500_EHIGH_z0.5_p0.5_s1,2,pop_price,0.148213,0.127968,0.167833
phi_V500_EHIGH_z0.5_p0.5_s1,2,content_knn_1,0.000000,0.000000,0.000000
phi_V500_EHIGH_z0.5_p0.5_s1,2,content_knn_3,0.000000,0.000000,0.000000
phi_V500_EHIGH_z0.5_p0.5_s1,2,content_knn_5,0.000000,0.000000,0.000000
phi_V500_EHIGH_z0.5_p0.5_s1,2,last_item_nbhd,0.000000,0.000000,0.000000
phi_V500_EHIGH_z0.5_p0.5_s1,2,pop_scaled_content,0.162131,0.142336,0.182179
phi_V500_EHIGH_z0.5_p0.5_s1,2,co_purchase,0.011774,0.005774,0.018774
phi_V500_EHIGH_z0.5_p0.5_s1,2,lambda_hybrid_0.25,0.081431,0.064431,0.099295
phi_V500_EHIGH_z0.5_p0.5_s1,2,lambda_hybrid_0.5,0.081000,0.064000,0.098000
phi_V500_EHIGH_z0.5_p0.5_s1,2,lambda_hybrid_0.75,0.034117,0.023935,0.044227
phi_V500_EHIGH_z0.5_p0.5_s1,3,pop_global,0.129628,0.111702,0.146807
phi_V500_EHIGH_z0.5_p0.5_s1,3,recency_pop_0.1,0.087203,0.073483,0.103205
phi_V500_EHIGH_z0.5_p0.5_s1,3,recency_pop_0.5,0.109439,0.092065,0.126914
phi_V500_EHIGH_z0.5_p0.5_s1,3,recency_pop_1.0,0.109050,0.091656,0.127918
phi_V500_EHIGH_z0.5_p0.5_s1,3,pop_category,0.107586,0.090618,0.124697
phi_V500_EHIGH_z0.5_p0.5_s1,3,pop_price,0.090971,0.075891,0.106360
phi_V500_EHIGH_z0.5_p0.5_s1,3,content_knn_1,0.000433,0.000000,0.001300
phi_V500_EHIGH_z0.5_p0.5_s1,3,content_knn_3,0.000635,0.000000,0.001904
phi_V500_EHIGH_z0.5_p0.5_s1,3,content_knn_5,0.000000,0.000000,0.000000
phi_V500_EHIGH_z0.5_p0.5_s1,3,last_item_nbhd,0.000433,0.000000,0.001311
phi_V500_EHIGH_z0.5_p0.5_s1,3,pop_scaled_content,0.101929,0.086470,0.118109
phi_V500_EHIGH_z0.5_p0.5_s1,3,co_purchase,0.009204,0.004042,0.014875
phi_V500_EHIGH_z0.5_p0.5_s1,3,lambda_hybrid_0.25,0.023572,0.015091,0.032634
phi_V500_EHIGH_z0.5_p0.5_s1,3,lambda_hybrid_0.5,0.023572,0.013512,0.033199
phi_V500_EHIGH_z0.5_p0.5_s1,3,lambda_hybrid_0.75,0.007424,0.003009,0.012914
phi_V500_EHIGH_z0.5_p0.5_s1,5,pop_global,0.076862,0.061714,0.091978
phi_V500_EHIGH_z0.5_p0.5_s1,5,recency_pop_0.1,0.067837,0.054854,0.081452
phi_V500_EHIGH_z0.5_p0.5_s1,5,recency_pop_0.5,0.074160,0.059912,0.090049
phi_V500_EHIGH_z0.5_p0.5_s1,5,recency_pop_1.0,0.073706,0.059294,0.088550
phi_V500_EHIGH_z0.5_p0.5_s1,5,pop_category,0.070243,0.056218,0.084207
phi_V500_EHIGH_z0.5_p0.5_s1,5,pop_price,0.061869,0.049071,0.075228
phi_V500_EHIGH_z0.5_p0.5_s1,5,content_knn_1,0.000000,0.000000,0.000000
phi_V500_EHIGH_z0.5_p0.5_s1,5,content_knn_3,0.000000,0.000000,0.000000
phi_V500_EHIGH_z0.5_p0.5_s1,5,content_knn_5,0.000000,0.000000,0.000000
phi_V500_EHIGH_z0.5_p0.5_s1,5,last_item_nbhd,0.000000,0.000000,0.000000
phi_V500_EHIGH_z0.5_p0.5_s1,5,pop_scaled_content,0.067373,0.054746,0.080689
phi_V500_EHIGH_z0.5_p0.5_s1,5,co_purchase,0.007857,0.003163,0.013493
phi_V500_EHIGH_z0.5_p0.5_s1,5,lambda_hybrid_0.25,0.002110,0.000000,0.005274
phi_V500_EHIGH_z0.5_p0.5_s1,5,lambda_hybrid_0.5,0.002110,0.000000,0.005274
phi_V500_EHIGH_z0.5_p0.5_s1,5,lambda_hybrid_0.75,0.001055,0.000000,0.003165
phi_V500_EHIGH_z0.5_p0.5_s1,8,pop_global,0.051866,0.039043,0.065846
phi_V500_EHIGH_z0.5_p0.5_s1,8,recency_pop_0.1,0.064636,0.048832,0.082216
phi_V500_EHIGH_z0.5_p0.5_s1,8,recency_pop_0.5,0.059194,0.043136,0.075733
phi_V500_EHIGH_z0.5_p0.5_s1,8,recency_pop_1.0,0.054431,0.039332,0.070291
phi_V500_EHIGH_z0.5_p0.5_s1,8,pop_category,0.057281,0.042349,0.072448
phi_V500_EHIGH_z0.5_p0.5_s1,8,pop_price,0.048897,0.035443,0.062935
phi_V500_EHIGH_z0.5_p0.5_s1,8,content_knn_1,0.000000,0.000000,0.000000
phi_V500_EHIGH_z0.5_p0.5_s1,8,content_knn_3,0.000000,0.000000,0.000000
phi_V500_EHIGH_z0.5_p0.5_s1,8,content_knn_5,0.000000,0.000000,0.000000
phi_V500_EHIGH_z0.5_p0.5_s1,8,last_item_nbhd,0.000000,0.000000,0.000000
phi_V500_EHIGH_z0.5_p0.5_s1,8,pop_scaled_content,0.065694,0.049370,0.083099
phi_V500_EHIGH_z0.5_p0.5_s1,8,co_purchase,0.002423,0.000000,0.005590
phi_V500_EHIGH_z0.5_p0.5_s1,8,lambda_hybrid_0.25,0.000000,0.000000,0.000000
phi_V500_EHIGH_z0.5_p0.5_s1,8,lambda_hybrid_0.5,0.000000,0.000000,0.000000
phi_V500_EHIGH_z0.5_p0.5_s1,8,lambda_hybrid_0.75,0.000000,0.000000,0.000000
phi_V500_EHIGH_z0.5_p0.5_s2,0,pop_global,0.742273,0.718789,0.763203
phi_V500_EHIGH_z0.5_p0.5_s2,0,recency_pop_0.1,0.052078,0.040090,0.064380
phi_V500_EHIGH_z0.5_p0.5_s2,0,recency_pop_0.5,0.158054,0.140692,0.175251
phi_V500_EHIGH_z0.5_p0.5_s2,0,recency_pop_1.0,0.167597,0.150485,0.187787
phi_V500_EHIGH_z0.5_p0.5_s2,0,pop_category,0.709185,0.686138,0.734980
phi_V500_EHIGH_z0.5_p0.5_s2,0,pop_price,0.730155,0.706580,0.752774
phi_V500_EHIGH_z0.5_p0.5_s2,0,lambda_hybrid_0.25,0.742273,0.720490,0.762922
phi_V500_EHIGH_z0.5_p0.5_s2,0,lambda_hybrid_0.5,0.742273,0.720112,0.763828
phi_V500_EHIGH_z0.5_p0.5_s2,0,lambda_hybrid_0.75,0.742273,0.721456,0.763856
phi_V500_EHIGH_z0.5_p0.5_s2,0,active_elic2,0.709185,0.684701,0.733869
phi_V500_EHIGH_z0.5_p0.5_s2,1,pop_global,0.442019,0.414265,0.470261
phi_V500_EHIGH_z0.5_p0.5_s2,1,recency_pop_0.1,0.114219,0.098971,0.130740
phi_V500_EHIGH_z0.5_p0.5_s2,1,recency_pop_0.5,0.258938,0.233165,0.283019
phi_V500_EHIGH_z0.5_p0.5_s2,1,recency_pop_1.0,0.276177,0.247244,0.302816
phi_V500_EHIGH_z0.5_p0.5_s2,1,pop_category,0.421634,0.394156,0.450496
phi_V500_EHIGH_z0.5_p0.5_s2,1,pop_price,0.424833,0.395469,0.455115
phi_V500_EHIGH_z0.5_p0.5_s2,1,content_knn_1,0.002262,0.000500,0.004658
phi_V500_EHIGH_z0.5_p0.5_s2,1,content_knn_3,0.003262,0.000631,0.006893
phi_V500_EHIGH_z0.5_p0.5_s2,1,content_knn_5,0.002693,0.000631,0.005755
phi_V500_EHIGH_z0.5_p0.5_s2,1,last_item_nbhd,0.002262,0.000500,0.004655
phi_V500_EHIGH_z0.5_p0.5_s2,1,pop_scaled_content,0.415060,0.389447,0.441751
phi_V500_EHIGH_z0.5_p0.5_s2,1,co_purchase,0.015284,0.008383,0.022402
phi_V500_EHIGH_z0.5_p0.5_s2,1,lambda_hybrid_0.25,0.385570,0.356479,0.415905
phi_V500_EHIGH_z0.5_p0.5_s2,1,lambda_hybrid_0.5,0.253833,0.229095,0.281098
phi_V500_EHIGH_z0.5_p0.5_s2,1,lambda_hybrid_0.75,0.078709,0.063377,0.093508
phi_V500_EHIGH_z0.5_p0.5_s2,2,pop_global,0.286096,0.260276,0.310514
phi_V500_EHIGH_z0.5_p0.5_s2,2,recency_pop_0.1,0.130767,0.112472,0.149062
phi_V500_EHIGH_z0.5_p0.5_s2,2,recency_pop_0.5,0.167839,0.144744,0.189796
phi_V500_EHIGH_z0.5_p0.5_s2,2,recency_pop_1.0,0.167821,0.146350,0.191014
phi_V500_EHIGH_z0.5_p0.5_s2,2,pop_category,0.249439,0.225811,0.274345
phi_V500_EHIGH_z0.5_p0.5_s2,2,pop_price,0.275338,0.251635,0.302391
phi_V500_EHIGH_z0.5_p0.5_s2,2,content_knn_1,0.000000,0.000000,0.000000
phi_V500_EHIGH_z0.5_p0.5_s2,2,content_knn_3,0.001693,0.000000,0.004016
phi_V500_EHIGH_z0.5_p0.5_s2,2,content_knn_5,0.002818,0.000387,0.006204
phi_V500_EHIGH_z0.5_p0.5_s2,2,last_item_nbhd,0.000000,0.000000,0.000000
phi_V500_EHIGH_z0.5_p0.5_s2,2,pop_scaled_content,0.274789,0.249378,0.300846
phi_V500_EHIGH_z0.5_p0.5_s2,2,co_purchase,0.006387,0.002000,0.011774
phi_V500_EHIGH_z0.5_p0.5_s2,2,lambda_hybrid_0.25,0.203847,0.179014,0.231066
phi_V500_EHIGH_z0.5_p0.5_s2,2,lambda_hybrid_0.5,0.111762,0.092625,0.131895
phi_V500_EHIGH_z0.5_p0.5_s2,2,lambda_hybrid_0.75,0.055411,0.041928,0.069536
phi_V500_EHIGH_z0.5_p0.5_s2,3,pop_global,0.211729,0.188077,0.234985
phi_V500_EHIGH_z0.5_p0.5_s2,3,recency_pop_0.1,0.102702,0.085055,0.121142
phi_V500_EHIGH_z0.5_p0.5_s2,3,recency_pop_0.5,0.110890,0.094040,0.130271
phi_V500_EHIGH_z0.5_p0.5_s2,3,recency_pop_1.0,0.113308,0.095597,0.133178
phi_V500_EHIGH_z0.5_p0.5_s2,3,pop_category,0.183536,0.162529,0.204670
phi_V500_EHIGH_z0.5_p0.5_s2,3,pop_price,0.194563,0.171373,0.216297
phi_V500_EHIGH_z0.5_p0.5_s2,3,content_knn_1,0.001886,0.000000,0.004489
phi_V500_EHIGH_z0.5_p0.5_s2,3,content_knn_3,0.000828,0.000000,0.002093
phi_V500_EHIGH_z0.5_p0.5_s2,3,content_knn_5,0.000873,0.000000,0.002182
phi_V500_EHIGH_z0.5_p0.5_s2,3,last_item_nbhd,0.001013,0.000000,0.003040
phi_V500_EHIGH_z0.5_p0.5_s2,3,pop_scaled_content,0.197394,0.175896,0.221126
phi_V500_EHIGH_z0.5_p0.5_s2,3,co_purchase,0.006851,0.002288,0.012049
phi_V500_EHIGH_z0.5_p0.5_s2,3,lambda_hybrid_0.25,0.130562,0.110247,0.150657
phi_V500_EHIGH_z0.5_p0.5_s2,3,lambda_hybrid_0.5,0.057218,0.043742,0.071152
phi_V500_EHIGH_z0.5_p0.5_s2,3,lambda_hybrid_0.75,0.029312,0.019687,0.038937
phi_V500_EHIGH_z0.5_p0.5_s2,5,pop_global,0.156063,0.135397,0.177905
phi_V500_EHIGH_z0.5_p0.5_s2,5,recency_pop_0.1,0.105799,0.087781,0.122860
phi_V500_EHIGH_z0.5_p0.5_s2,5,recency_pop_0.5,0.113967,0.096318,0.131144
phi_V500_EHIGH_z0.5_p0.5_s2,5,recency_pop_1.0,0.114999,0.095028,0.133608
phi_V500_EHIGH_z0.5_p0.5_s2,5,pop_category,0.122541,0.100266,0.140936
phi_V500_EHIGH_z0.5_p0.5_s2,5,pop_price,0.138536,0.118072,0.159755
phi_V500_EHIGH_z0.5_p0.5_s2,5,content_knn_1,0.000457,0.000000,0.001370
phi_V500_EHIGH_z0.5_p0.5_s2,5,content_knn_3,0.000457,0.000000,0.001370
phi_V500_EHIGH_z0.5_p0.5_s2,5,content_knn_5,0.000000,0.000000,0.000000
phi_V500_EHIGH_z0.5_p0.5_s2,5,last_item_nbhd,0.000000,0.000000,0.000000
phi_V500_EHIGH_z0.5_p0.5_s2,5,pop_scaled_content,0.146550,0.126771,0.168051
phi_V500_EHIGH_z0.5_p0.5_s2,5,co_purchase,0.005441,0.001591,0.010220
phi_V500_EHIGH_z0.5_p0.5_s2,5,lambda_hybrid_0.25,0.073171,0.057264,0.088043
phi_V500_EHIGH_z0.5_p0.5_s2,5,lambda_hybrid_0.5,0.015829,0.009706,0.023448
phi_V500_EHIGH_z0.5_p0.5_s2,5,lambda_hybrid_0.75,0.005302,0.001060,0.010604
phi_V500_EHIGH_z0.5_p0.5_s2,8,pop_global,0.120553,0.099296,0.140951
phi_V500_EHIGH_z0.5_p0.5_s2,8,recency_pop_0.1,0.107698,0.086728,0.128286
phi_V500_EHIGH_z0.5_p0.5_s2,8,recency_pop_0.5,0.109134,0.089423,0.130669
phi_V500_EHIGH_z0.5_p0.5_s2,8,recency_pop_1.0,0.107374,0.087900,0.127825
phi_V500_EHIGH_z0.5_p0.5_s2,8,pop_category,0.106771,0.087797,0.129299
phi_V500_EHIGH_z0.5_p0.5_s2,8,pop_price,0.087273,0.070740,0.105435
phi_V500_EHIGH_z0.5_p0.5_s2,8,content_knn_1,0.002148,0.000000,0.005798
phi_V500_EHIGH_z0.5_p0.5_s2,8,content_knn_3,0.002148,0.000000,0.006006
phi_V500_EHIGH_z0.5_p0.5_s2,8,content_knn_5,0.001502,0.000000,0.004505
phi_V500_EHIGH_z0.5_p0.5_s2,8,last_item_nbhd,0.001502,0.000000,0.006006
phi_V500_EHIGH_z0.5_p0.5_s2,8,pop_scaled_content,0.104918,0.085915,0.125780
phi_V500_EHIGH_z0.5_p0.5_s2,8,co_purchase,0.006953,0.001502,0.013357
phi_V500_EHIGH_z0.5_p0.5_s2,8,lambda_hybrid_0.25,0.033426,0.021414,0.046940
phi_V500_EHIGH_z0.5_p0.5_s2,8,lambda_hybrid_0.5,0.007523,0.002541,0.013297
phi_V500_EHIGH_z0.5_p0.5_s2,8,lambda_hybrid_0.75,0.003003,0.000000,0.007508
phi_V500_EHIGH_z0.5_p0_s0,0,pop_global,0.739373,0.719514,0.760663
phi_V500_EHIGH_z0.5_p0_s0,0,recency_pop_0.1,0.067728,0.053129,0.082809
phi_V500_EHIGH_z0.5_p0_s0,0,recency_pop_0.5,0.143218,0.125888,0.160061
phi_V500_EHIGH_z0.5_p0_s0,0,recency_pop_1.0,0.148728,0.130269,0.167675
phi_V500_EHIGH_z0.5_p0_s0,0,pop_category,0.733570,0.710795,0.755214
phi_V500_EHIGH_z0.5_p0_s0,0,pop_price,0.741322,0.718811,0.763473
phi_V500_EHIGH_z0.5_p0_s0,0,lambda_hybrid_0.25,0.739373,0.718451,0.760783
phi_V500_EHIGH_z0.5_p0_s0,0,lambda_hybrid_0.5,0.739373,0.717778,0.760702
phi_V500_EHIGH_z0.5_p0_s0,0,lambda_hybrid_0.75,0.739373,0.715290,0.760472
phi_V500_EHIGH_z0.5_p0_s0,0,active_elic2,0.733570,0.709439,0.755330
phi_V500_EHIGH_z0.5_p0_s0,1,pop_global,0.417764,0.390952,0.446290
phi_V500_EHIGH_z0.5_p0_s0,1,recency_pop_0.1,0.122170,0.104133,0.140718
phi_V500_EHIGH_z0.5_p0_s0,1,recency_pop_0.5,0.263775,0.239861,0.286235
phi_V500_EHIGH_z0.5_p0_s0,1,recency_pop_1.0,0.269353,0.245080,0.294405
phi_V500_EHIGH_z0.5_p0_s0,1,pop_category,0.410187,0.382593,0.439428
phi_V500_EHIGH_z0.5_p0_s0,1,pop_price,0.420384,0.392755,0.447133
phi_V500_EHIGH_z0.5_p0_s0,1,content_knn_1,0.000000,0.000000,0.000000
phi_V500_EHIGH_z0.5_p0_s0,1,content_knn_3,0.000000,0.000000,0.000000
phi_V500_EHIGH_z0.5_p0_s0,1,content_knn_5,0.006576,0.003869,0.010058
phi_V500_EHIGH_z0.5_p0_s0,1,last_item_nbhd,0.000000,0.000000,0.000000
phi_V500_EHIGH_z0.5_p0_s0,1,pop_scaled_content,0.376380,0.348894,0.405401
phi_V500_EHIGH_z0.5_p0_s0,1,co_purchase,0.013312,0.007773,0.019773
phi_V500_EHIGH_z0.5_p0_s0,1,lambda_hybrid_0.25,0.399800,0.371998,0.428652
phi_V500_EHIGH_z0.5_p0_s0,1,lambda_hybrid_0.5,0.327404,0.301633,0.357085
phi_V500_EHIGH_z0.5_p0_s0,1,lambda_hybrid_0.75,0.065660,0.052748,0.078982
phi_V500_EHIGH_z0.5_p0_s0,2,pop_global,0.324324,0.296620,0.351247
phi_V500_EHIGH_z0.5_p0_s0,2,recency_pop_0.1,0.146690,0.126807,0.167256
phi_V500_EHIGH_z0.5_p0_s0,2,recency_pop_0.5,0.190222,0.167104,0.214098
phi_V500_EHIGH_z0.5_p0_s0,2,recency_pop_1.0,0.193228,0.170016,0.217634
phi_V500_EHIGH_z0.5_p0_s0,2,pop_category,0.317765,0.292342,0.344704
phi_V500_EHIGH_z0.5_p0_s0,2,pop_price,0.322264,0.294625,0.348744
phi_V500_EHIGH_z0.5_p0_s0,2,content_knn_1,0.000000,0.000000,0.000000
phi_V500_EHIGH_z0.5_p0_s0,2,content_knn_3,0.000000,0.000000,0.000000
phi_V500_EHIGH_z0.5_p0_s0,2,content_knn_5,0.000887,0.000000,0.002501
phi_V500_EHIGH_z0.5_p0_s0,2,last_item_nbhd,0.000500,0.000000,0.001500
phi_V500_EHIGH_z0.5_p0_s0,2,pop_scaled_content,0.318642,0.292218,0.347274
phi_V500_EHIGH_z0.5_p0_s0,2,co_purchase,0.007131,0.002500,0.012157
phi_V500_EHIGH_z0.5_p0_s0,2,lambda_hybrid_0.25,0.302658,0.275436,0.330089
phi_V500_EHIGH_z0.5_p0_s0,2,lambda_hybrid_0.5,0.258365,0.231489,0.283839
phi_V500_EHIGH_z0.5_p0_s0,2,lambda_hybrid_0.75,0.034490,0.024787,0.045245
phi_V500_EHIGH_z0.5_p0_s0,3,pop_global,0.257020,0.232619,0.280857
phi_V500_EHIGH_z0.5_p0_s0,3,recency_pop_0.1,0.127578,0.108595,0.147577
phi_V500_EHIGH_z0.5_p0_s0,3,recency_pop_0.5,0.143310,0.122829,0.163145
phi_V500_EHIGH_z0.5_p0_s0,3,recency_pop_1.0,0.144761,0.124379,0.165085
phi_V500_EHIGH_z0.5_p0_s0,3,pop_category,0.253359,0.229701,0.277814
phi_V500_EHIGH_z0.5_p0_s0,3,pop_price,0.243334,0.218235,0.268035
phi_V500_EHIGH_z0.5_p0_s0,3,content_knn_1,0.001747,0.000437,0.003494
phi_V500_EHIGH_z0.5_p0_s0,3,content_knn_3,0.000000,0.000000,0.000000
phi_V500_EHIGH_z0.5_p0_s0,3,content_knn_5,0.001817,0.000392,0.003781
phi_V500_EHIGH_z0.5_p0_s0,3,last_item_nbhd,0.000392,0.000000,0.001177
phi_V500_EHIGH_z0.5_p0_s0,3,pop_scaled_content,0.254215,0.228309,0.278557
phi_V500_EHIGH_z0.5_p0_s0,3,co_purchase,0.007117,0.002928,0.012207
phi_V500_EHIGH_z0.5_p0_s0,3,lambda_hybrid_0.25,0.227748,0.202637,0.254589
phi_V500_EHIGH_z0.5_p0_s0,3,lambda_hybrid_0.5,0.179970,0.155014,0.202920
phi_V500_EHIGH_z0.5_p0_s0,3,lambda_hybrid_0.75,0.033074,0.023512,0.042952
phi_V500_EHIGH_z0.5_p0_s0,5,pop_global,0.171625,0.151317,0.194900
phi_V500_EHIGH_z0.5_p0_s0,5,recency_pop_0.1,0.105811,0.088984,0.124161
phi_V500_EHIGH_z0.5_p0_s0,5,recency_pop_0.5,0.116633,0.097453,0.134015
phi_V500_EHIGH_z0.5_p0_s0,5,recency_pop_1.0,0.116511,0.099462,0.135099
phi_V500_EHIGH_z0.5_p0_s0,5,pop_category,0.156942,0.136775,0.178918
phi_V500_EHIGH_z0.5_p0_s0,5,pop_price,0.146430,0.125341,0.168102
phi_V500_EHIGH_z0.5_p0_s0,5,content_knn_1,0.001143,0.000000,0.002965
phi_V500_EHIGH_z0.5_p0_s0,5,content_knn_3,0.000000,0.000000,0.000000
phi_V500_EHIGH_z0.5_p0_s0,5,content_knn_5,0.000000,0.000000,0.000000
phi_V500_EHIGH_z0.5_p0_s0,5,last_item_nbhd,0.000416,0.000000,0.001666
phi_V500_EHIGH_z0.5_p0_s0,5,pop_scaled_content,0.161718,0.139352,0.181288
phi_V500_EHIGH_z0.5_p0_s0,5,co_purchase,0.005004,0.001096,0.009726
phi_V500_EHIGH_z0.5_p0_s0,5,lambda_hybrid_0.25,0.129394,0.109883,0.150528
phi_V500_EHIGH_z0.5_p0_s0,5,lambda_hybrid_0.5,0.100203,0.081340,0.119923
phi_V500_EHIGH_z0.5_p0_s0,5,lambda_hybrid_0.75,0.016533,0.009592,0.025014
phi_V500_EHIGH_z0.5_p0_s0,8,pop_global,0.158744,0.134129,0.185151
phi_V500_EHIGH_z0.5_p0_s0,8,recency_pop_0.1,0.148347,0.124665,0.172668
phi_V500_EHIGH_z0.5_p0_s0,8,recency_pop_0.5,0.158077,0.135415,0.183492
phi_V500_EHIGH_z0.5_p0_s0,8,recency_pop_1.0,0.156488,0.131693,0.180250
phi_V500_EHIGH_z0.5_p0_s0,8,pop_category,0.148462,0.124913,0.174639
phi_V500_EHIGH_z0.5_p0_s0,8,pop_price,0.129707,0.107644,0.153338
phi_V500_EHIGH_z0.5_p0_s0,8,content_knn_1,0.000000,0.000000,0.000000
phi_V500_EHIGH_z0.5_p0_s0,8,content_knn_3,0.000000,0.000000,0.000000
phi_V500_EHIGH_z0.5_p0_s0,8,content_knn_5,0.000000,0.000000,0.000000
phi_V500_EHIGH_z0.5_p0_s0,8,last_item_nbhd,0.002117,0.000000,0.005770
phi_V500_EHIGH_z0.5_p0_s0,8,pop_scaled_content,0.154013,0.129558,0.179157
phi_V500_EHIGH_z0.5_p0_s0,8,co_purchase,0.005543,0.000963,0.011101
phi_V500_EHIGH_z0.5_p0_s0,8,lambda_hybrid_0.25,0.107764,0.085961,0.131102
phi_V500_EHIGH_z0.5_p0_s0,8,lambda_hybrid_0.5,0.053126,0.037835,0.069925
phi_V500_EHIGH_z0.5_p0_s0,8,lambda_hybrid_0.75,0.008909,0.003147,0.016039
phi_V500_EHIGH_z0.5_p0_s1,0,pop_global,0.772634,0.751848,0.794371
phi_V500_EHIGH_z0.5_p0_s1,0,recency_pop_0.1,0.053854,0.042317,0.065216
phi_V500_EHIGH_z0.5_p0_s1,0,recency_pop_0.5,0.094833,0.078268,0.112253
phi_V500_EHIGH_z0.5_p0_s1,0,recency_pop_1.0,0.101107,0.084819,0.118946
phi_V500_EHIGH_z0.5_p0_s1,0,pop_category,0.741649,0.716309,0.765419
phi_V500_EHIGH_z0.5_p0_s1,0,pop_price,0.725487,0.700940,0.749986
phi_V500_EHIGH_z0.5_p0_s1,0,lambda_hybrid_0.25,0.772634,0.751215,0.793561
phi_V500_EHIGH_z0.5_p0_s1,0,lambda_hybrid_0.5,0.772634,0.750271,0.793972
phi_V500_EHIGH_z0.5_p0_s1,0,lambda_hybrid_0.75,0.772634,0.751306,0.795251
phi_V500_EHIGH_z0.5_p0_s1,0,active_elic2,0.644661,0.614546,0.673278
phi_V500_EHIGH_z0.5_p0_s1,1,pop_global,0.396853,0.368401,0.423717
phi_V500_EHIGH_z0.5_p0_s1,1,recency_pop_0.1,0.105773,0.091120,0.120266
phi_V500_EHIGH_z0.5_p0_s1,1,recency_pop_0.5,0.239120,0.216822,0.262893
phi_V500_EHIGH_z0.5_p0_s1,1,recency_pop_1.0,0.258775,0.234896,0.283643
phi_V500_EHIGH_z0.5_p0_s1,1,pop_category,0.371917,0.343846,0.402667
phi_V500_EHIGH_z0.5_p0_s1,1,pop_price,0.333687,0.308532,0.361324
phi_V500_EHIGH_z0.5_p0_s1,1,content_knn_1,0.000000,0.000000,0.000000
phi_V500_EHIGH_z0.5_p0_s1,1,content_knn_3,0.000000,0.000000,0.000000
phi_V500_EHIGH_z0.5_p0_s1,1,content_knn_5,0.000000,0.000000,0.000000
phi_V500_EHIGH_z0.5_p0_s1,1,last_item_nbhd,0.000000,0.000000,0.000000
phi_V500_EHIGH_z0.5_p0_s1,1,pop_scaled_content,0.289837,0.264867,0.314323
phi_V500_EHIGH_z0.5_p0_s1,1,co_purchase,0.015903,0.010349,0.022417
phi_V500_EHIGH_z0.5_p0_s1,1,lambda_hybrid_0.25,0.240887,0.214154,0.268279
phi_V500_EHIGH_z0.5_p0_s1,1,lambda_hybrid_0.5,0.240000,0.212000,0.266025
phi_V500_EHIGH_z0.5_p0_s1,1,lambda_hybrid_0.75,0.045750,0.032908,0.059354
phi_V500_EHIGH_z0.5_p0_s1,2,pop_global,0.206844,0.184648,0.230842
phi_V500_EHIGH_z0.5_p0_s1,2,recency_pop_0.1,0.097643,0.084069,0.113815
phi_V500_EHIGH_z0.5_p0_s1,2,recency_pop_0.5,0.186630,0.164422,0.209475
phi_V500_EHIGH_z0.5_p0_s1,2,recency_pop_1.0,0.188606,0.165274,0.211772
phi_V500_EHIGH_z0.5_p0_s1,2,pop_category,0.197359,0.174514,0.220571
phi_V500_EHIGH_z0.5_p0_s1,2,pop_price,0.162917,0.141637,0.183107
phi_V500_EHIGH_z0.5_p0_s1,2,content_knn_1,0.000818,0.000000,0.002066
phi_V500_EHIGH_z0.5_p0_s1,2,content_knn_3,0.000387,0.000000,0.001161
phi_V500_EHIGH_z0.5_p0_s1,2,content_knn_5,0.000000,0.000000,0.000000
phi_V500_EHIGH_z0.5_p0_s1,2,last_item_nbhd,0.000931,0.000000,0.002361
phi_V500_EHIGH_z0.5_p0_s1,2,pop_scaled_content,0.176302,0.155589,0.197030
phi_V500_EHIGH_z0.5_p0_s1,2,co_purchase,0.004135,0.001204,0.007636
phi_V500_EHIGH_z0.5_p0_s1,2,lambda_hybrid_0.25,0.090062,0.072693,0.108631
phi_V500_EHIGH_z0.5_p0_s1,2,lambda_hybrid_0.5,0.090062,0.071431,0.108631
phi_V500_EHIGH_z0.5_p0_s1,2,lambda_hybrid_0.75,0.028232,0.018775,0.037732
phi_V500_EHIGH_z0.5_p0_s1,3,pop_global,0.134609,0.115399,0.151966
phi_V500_EHIGH_z0.5_p0_s1,3,recency_pop_0.1,0.078207,0.066249,0.092479
phi_V500_EHIGH_z0.5_p0_s1,3,recency_pop_0.5,0.106606,0.089709,0.124236
phi_V500_EHIGH_z0.5_p0_s1,3,recency_pop_1.0,0.106562,0.088310,0.124347
phi_V500_EHIGH_z0.5_p0_s1,3,pop_category,0.115981,0.098230,0.134116
phi_V500_EHIGH_z0.5_p0_s1,3,pop_price,0.082619,0.069652,0.097324
phi_V500_EHIGH_z0.5_p0_s1,3,content_knn_1,0.000000,0.000000,0.000000
phi_V500_EHIGH_z0.5_p0_s1,3,content_knn_3,0.000000,0.000000,0.000000
phi_V500_EHIGH_z0.5_p0_s1,3,content_knn_5,0.000000,0.000000,0.000000
phi_V500_EHIGH_z0.5_p0_s1,3,last_item_nbhd,0.000000,0.000000,0.000000
phi_V500_EHIGH_z0.5_p0_s1,3,pop_scaled_content,0.094673,0.078930,0.110018
phi_V500_EHIGH_z0.5_p0_s1,3,co_purchase,0.008342,0.003451,0.014103
phi_V500_EHIGH_z0.5_p0_s1,3,lambda_hybrid_0.25,0.023139,0.014085,0.032193
phi_V500_EHIGH_z0.5_p0_s1,3,lambda_hybrid_0.5,0.023139,0.014059,0.032193
phi_V500_EHIGH_z0.5_p0_s1,3,lambda_hybrid_0.75,0.008499,0.003653,0.014493
phi_V500_EHIGH_z0.5_p0_s1,5,pop_global,0.075458,0.061462,0.090204
phi_V500_EHIGH_z0.5_p0_s1,5,recency_pop_0.1,0.069330,0.055866,0.083975
phi_V500_EHIGH_z0.5_p0_s1,5,recency_pop_0.5,0.072639,0.058783,0.087749
phi_V500_EHIGH_z0.5_p0_s1,5,recency_pop_1.0,0.072712,0.057981,0.086756
phi_V500_EHIGH_z0.5_p0_s1,5,pop_category,0.071061,0.056140,0.084365
phi_V500_EHIGH_z0.5_p0_s1,5,pop_price,0.061733,0.048757,0.075353
phi_V500_EHIGH_z0.5_p0_s1,5,content_knn_1,0.000000,0.000000,0.000000
phi_V500_EHIGH_z0.5_p0_s1,5,content_knn_3,0.000000,0.000000,0.000000
phi_V500_EHIGH_z0.5_p0_s1,5,content_knn_5,0.000000,0.000000,0.000000
phi_V500_EHIGH_z0.5_p0_s1,5,last_item_nbhd,0.000000,0.000000,0.000000
phi_V500_EHIGH_z0.5_p0_s1,5,pop_scaled_content,0.070568,0.057941,0.084604
phi_V500_EHIGH_z0.5_p0_s1,5,co_purchase,0.003830,0.000666,0.007939
phi_V500_EHIGH_z0.5_p0_s1,5,lambda_hybrid_0.25,0.002110,0.000000,0.005274
phi_V500_EHIGH_z0.5_p0_s1,5,lambda_hybrid_0.5,0.002110,0.000000,0.005274
phi_V500_EHIGH_z0.5_p0_s1,5,lambda_hybrid_0.75,0.001055,0.000000,0.003165
phi_V500_EHIGH_z0.5_p0_s1,8,pop_global,0.058048,0.044560,0.072132
phi_V500_EHIGH_z0.5_p0_s1,8,recency_pop_0.1,0.071617,0.052925,0.090422
phi_V500_EHIGH_z0.5_p0_s1,8,recency_pop_0.5,0.065832,0.049601,0.082285
phi_V500_EHIGH_z0.5_p0_s1,8,recency_pop_1.0,0.064250,0.047444,0.080918
phi_V500_EHIGH_z0.5_p0_s1,8,pop_category,0.062178,0.046200,0.077540
phi_V500_EHIGH_z0.5_p0_s1,8,pop_price,0.055690,0.040813,0.071485
phi_V500_EHIGH_z0.5_p0_s1,8,content_knn_1,0.000000,0.000000,0.000000
phi_V500_EHIGH_z0.5_p0_s1,8,content_knn_3,0.000000,0.000000,0.000000
phi_V500_EHIGH_z0.5_p0_s1,8,content_knn_5,0.000000,0.000000,0.000000
phi_V500_EHIGH_z0.5_p0_s1,8,last_item_nbhd,0.000000,0.000000,0.000000
phi_V500_EHIGH_z0.5_p0_s1,8,pop_scaled_content,0.068132,0.050934,0.086770
phi_V500_EHIGH_z0.5_p0_s1,8,co_purchase,0.009007,0.002766,0.016139
phi_V500_EHIGH_z0.5_p0_s1,8,lambda_hybrid_0.25,0.000937,0.000000,0.002812
phi_V500_EHIGH_z0.5_p0_s1,8,lambda_hybrid_0.5,0.000000,0.000000,0.000000
phi_V500_EHIGH_z0.5_p0_s1,8,lambda_hybrid_0.75,0.000000,0.000000,0.000000
phi_V500_EHIGH_z0.5_p1_s0,0,pop_global,0.727603,0.706280,0.750911
phi_V500_EHIGH_z0.5_p1_s0,0,recency_pop_0.1,0.066555,0.051755,0.081205
phi_V500_EHIGH_z0.5_p1_s0,0,recency_pop_0.5,0.117041,0.099422,0.133709
phi_V500_EHIGH_z0.5_p1_s0,0,recency_pop_1.0,0.122504,0.104722,0.140845
phi_V500_EHIGH_z0.5_p1_s0,0,pop_category,0.719093,0.696560,0.743763
phi_V500_EHIGH_z0.5_p1_s0,0,pop_price,0.729429,0.704996,0.750876
phi_V500_EHIGH_z0.5_p1_s0,0,lambda_hybrid_0.25,0.727603,0.704289,0.750638
phi_V500_EHIGH_z0.5_p1_s0,0,lambda_hybrid_0.5,0.727603,0.704824,0.749638
phi_V500_EHIGH_z0.5_p1_s0,0,lambda_hybrid_0.75,0.727603,0.702331,0.750072
phi_V500_EHIGH_z0.5_p1_s0,0,active_elic2,0.719093,0.695997,0.741628
phi_V500_EHIGH_z0.5_p1_s0,1,pop_global,0.402283,0.376191,0.429517
phi_V500_EHIGH_z0.5_p1_s0,1,recency_pop_0.1,0.117790,0.100973,0.136251
phi_V500_EHIGH_z0.5_p1_s0,1,recency_pop_0.5,0.261337,0.235789,0.283964
phi_V500_EHIGH_z0.5_p1_s0,1,recency_pop_1.0,0.267744,0.242188,0.294306
phi_V500_EHIGH_z0.5_p1_s0,1,pop_category,0.395779,0.366752,0.423196
phi_V500_EHIGH_z0.5_p1_s0,1,pop_price,0.405191,0.378369,0.431484
phi_V500_EHIGH_z0.5_p1_s0,1,content_knn_1,0.000000,0.000000,0.000000
phi_V500_EHIGH_z0.5_p1_s0,1,content_knn_3,0.000000,0.000000,0.000000
phi_V500_EHIGH_z0.5_p1_s0,1,content_knn_5,0.004642,0.002321,0.007350
phi_V500_EHIGH_z0.5_p1_s0,1,last_item_nbhd,0.000000,0.000000,0.000000
phi_V500_EHIGH_z0.5_p1_s0,1,pop_scaled_content,0.372929,0.346309,0.400722
phi_V500_EHIGH_z0.5_p1_s0,1,co_purchase,0.014262,0.008779,0.020644
phi_V500_EHIGH_z0.5_p1_s0,1,lambda_hybrid_0.25,0.390180,0.361615,0.418866
phi_V500_EHIGH_z0.5_p1_s0,1,lambda_hybrid_0.5,0.324705,0.298745,0.355517
phi_V500_EHIGH_z0.5_p1_s0,1,lambda_hybrid_0.75,0.076100,0.061688,0.089631
phi_V500_EHIGH_z0.5_p1_s0,2,pop_global,0.303385,0.275483,0.330311
phi_V500_EHIGH_z0.5_p1_s0,2,recency_pop_0.1,0.140847,0.121549,0.158909
phi_V500_EHIGH_z0.5_p1_s0,2,recency_pop_0.5,0.186910,0.163070,0.211250
phi_V500_EHIGH_z0.5_p1_s0,2,recency_pop_1.0,0.186619,0.163954,0.211422
phi_V500_EHIGH_z0.5_p1_s0,2,pop_category,0.298932,0.274565,0.324574
phi_V500_EHIGH_z0.5_p1_s0,2,pop_price,0.300669,0.275214,0.326757
phi_V500_EHIGH_z0.5_p1_s0,2,content_knn_1,0.000387,0.000000,0.001161
phi_V500_EHIGH_z0.5_p1_s0,2,content_knn_3,0.000631,0.000000,0.001893
phi_V500_EHIGH_z0.5_p1_s0,2,content_knn_5,0.001000,0.000000,0.002500
phi_V500_EHIGH_z0.5_p1_s0,2,last_item_nbhd,0.000500,0.000000,0.001500
phi_V500_EHIGH_z0.5_p1_s0,2,pop_scaled_content,0.298839,0.274066,0.327574
phi_V500_EHIGH_z0.5_p1_s0,2,co_purchase,0.006562,0.002431,0.011123
phi_V500_EHIGH_z0.5_p1_s0,2,lambda_hybrid_0.25,0.286062,0.259516,0.311250
phi_V500_EHIGH_z0.5_p1_s0,2,lambda_hybrid_0.5,0.240290,0.214248,0.264508
phi_V500_EHIGH_z0.5_p1_s0,2,lambda_hybrid_0.75,0.037647,0.027453,0.049207
phi_V500_EHIGH_z0.5_p1_s0,3,pop_global,0.241729,0.218886,0.266728
phi_V500_EHIGH_z0.5_p1_s0,3,recency_pop_0.1,0.126186,0.107720,0.147010
phi_V500_EHIGH_z0.5_p1_s0,3,recency_pop_0.5,0.136884,0.116656,0.157056
phi_V500_EHIGH_z0.5_p1_s0,3,recency_pop_1.0,0.138416,0.119234,0.159871
phi_V500_EHIGH_z0.5_p1_s0,3,pop_category,0.229067,0.205002,0.253550
phi_V500_EHIGH_z0.5_p1_s0,3,pop_price,0.222563,0.196250,0.247160
phi_V500_EHIGH_z0.5_p1_s0,3,content_knn_1,0.004142,0.001381,0.007412
phi_V500_EHIGH_z0.5_p1_s0,3,content_knn_3,0.001014,0.000000,0.003043
phi_V500_EHIGH_z0.5_p1_s0,3,content_knn_5,0.004053,0.001424,0.007577
phi_V500_EHIGH_z0.5_p1_s0,3,last_item_nbhd,0.002535,0.000000,0.006085
phi_V500_EHIGH_z0.5_p1_s0,3,pop_scaled_content,0.236241,0.210758,0.259109
phi_V500_EHIGH_z0.5_p1_s0,3,co_purchase,0.007872,0.002801,0.013716
phi_V500_EHIGH_z0.5_p1_s0,3,lambda_hybrid_0.25,0.217134,0.193060,0.242250
phi_V500_EHIGH_z0.5_p1_s0,3,lambda_hybrid_0.5,0.164061,0.141819,0.185690
phi_V500_EHIGH_z0.5_p1_s0,3,lambda_hybrid_0.75,0.035384,0.024889,0.046001
phi_V500_EHIGH_z0.5_p1_s0,5,pop_global,0.170638,0.150466,0.192817
phi_V500_EHIGH_z0.5_p1_s0,5,recency_pop_0.1,0.092203,0.075852,0.109396
phi_V500_EHIGH_z0.5_p1_s0,5,recency_pop_0.5,0.105907,0.088640,0.122665
phi_V500_EHIGH_z0.5_p1_s0,5,recency_pop_1.0,0.110436,0.094019,0.127647
phi_V500_EHIGH_z0.5_p1_s0,5,pop_category,0.153269,0.131789,0.176280
phi_V500_EHIGH_z0.5_p1_s0,5,pop_price,0.151564,0.130732,0.173515
phi_V500_EHIGH_z0.5_p1_s0,5,content_knn_1,0.001756,0.000000,0.004190
phi_V500_EHIGH_z0.5_p1_s0,5,content_knn_3,0.000000,0.000000,0.000000
phi_V500_EHIGH_z0.5_p1_s0,5,content_knn_5,0.000955,0.000000,0.002447
phi_V500_EHIGH_z0.5_p1_s0,5,last_item_nbhd,0.000000,0.000000,0.000000
phi_V500_EHIGH_z0.5_p1_s0,5,pop_scaled_content,0.163651,0.140524,0.185020
phi_V500_EHIGH_z0.5_p1_s0,5,co_purchase,0.003767,0.000538,0.008073
phi_V500_EHIGH_z0.5_p1_s0,5,lambda_hybrid_0.25,0.136106,0.114222,0.156831
phi_V500_EHIGH_z0.5_p1_s0,5,lambda_hybrid_0.5,0.101968,0.083577,0.121997
phi_V500_EHIGH_z0.5_p1_s0,5,lambda_hybrid_0.75,0.014277,0.008409,0.021137
phi_V500_EHIGH_z0.5_p1_s0,8,pop_global,0.155944,0.131151,0.178947
phi_V500_EHIGH_z0.5_p1_s0,8,recency_pop_0.1,0.141482,0.116611,0.165388
phi_V500_EHIGH_z0.5_p1_s0,8,recency_pop_0.5,0.151979,0.127985,0.175518
phi_V500_EHIGH_z0.5_p1_s0,8,recency_pop_1.0,0.151991,0.129131,0.177655
phi_V500_EHIGH_z0.5_p1_s0,8,pop_category,0.144990,0.121015,0.170930
phi_V500_EHIGH_z0.5_p1_s0,8,pop_price,0.131894,0.108048,0.156005
phi_V500_EHIGH_z0.5_p1_s0,8,content_knn_1,0.000963,0.000000,0.002890
phi_V500_EHIGH_z0.5_p1_s0,8,content_knn_3,0.000763,0.000000,0.002290
phi_V500_EHIGH_z0.5_p1_s0,8,content_knn_5,0.000763,0.000000,0.002290
phi_V500_EHIGH_z0.5_p1_s0,8,last_item_nbhd,0.000963,0.000000,0.002890
phi_V500_EHIGH_z0.5_p1_s0,8,pop_scaled_content,0.146735,0.122520,0.170487
phi_V500_EHIGH_z0.5_p1_s0,8,co_purchase,0.000000,0.000000,0.000000
phi_V500_EHIGH_z0.5_p1_s0,8,lambda_hybrid_0.25,0.108325,0.086977,0.129237
phi_V500_EHIGH_z0.5_p1_s0,8,lambda_hybrid_0.5,0.054289,0.038445,0.071711
phi_V500_EHIGH_z0.5_p1_s0,8,lambda_hybrid_0.75,0.006752,0.002117,0.012859
phi_V500_EHIGH_z0.5_p1_s1,0,pop_global,0.771554,0.750251,0.792012
phi_V500_EHIGH_z0.5_p1_s1,0,recency_pop_0.1,0.054767,0.043497,0.067248
phi_V500_EHIGH_z0.5_p1_s1,0,recency_pop_0.5,0.097874,0.082276,0.115230
phi_V500_EHIGH_z0.5_p1_s1,0,recency_pop_1.0,0.102189,0.086077,0.120001
phi_V500_EHIGH_z0.5_p1_s1,0,pop_category,0.730203,0.704677,0.754846
phi_V500_EHIGH_z0.5_p1_s1,0,pop_price,0.722249,0.697532,0.747804
phi_V500_EHIGH_z0.5_p1_s1,0,lambda_hybrid_0.25,0.771554,0.748576,0.792634
phi_V500_EHIGH_z0.5_p1_s1,0,lambda_hybrid_0.5,0.771554,0.749704,0.792755
phi_V500_EHIGH_z0.5_p1_s1,0,lambda_hybrid_0.75,0.771554,0.750833,0.792384
phi_V500_EHIGH_z0.5_p1_s1,0,active_elic2,0.650780,0.620911,0.680760
phi_V500_EHIGH_z0.5_p1_s1,1,pop_global,0.389150,0.360838,0.418322
phi_V500_EHIGH_z0.5_p1_s1,1,recency_pop_0.1,0.097720,0.082804,0.113390
phi_V500_EHIGH_z0.5_p1_s1,1,recency_pop_0.5,0.219637,0.196878,0.243083
phi_V500_EHIGH_z0.5_p1_s1,1,recency_pop_1.0,0.234696,0.211579,0.259135
phi_V500_EHIGH_z0.5_p1_s1,1,pop_category,0.348189,0.319382,0.377680
phi_V500_EHIGH_z0.5_p1_s1,1,pop_price,0.318496,0.291658,0.346139
phi_V500_EHIGH_z0.5_p1_s1,1,content_knn_1,0.000000,0.000000,0.000000
phi_V500_EHIGH_z0.5_p1_s1,1,content_knn_3,0.000000,0.000000,0.000000
phi_V500_EHIGH_z0.5_p1_s1,1,content_knn_5,0.000000,0.000000,0.000000
phi_V500_EHIGH_z0.5_p1_s1,1,last_item_nbhd,0.000000,0.000000,0.000000
phi_V500_EHIGH_z0.5_p1_s1,1,pop_scaled_content,0.292094,0.267054,0.317334
phi_V500_EHIGH_z0.5_p1_s1,1,co_purchase,0.016772,0.010344,0.024395
phi_V500_EHIGH_z0.5_p1_s1,1,lambda_hybrid_0.25,0.240062,0.212551,0.267062
phi_V500_EHIGH_z0.5_p1_s1,1,lambda_hybrid_0.5,0.239000,0.212000,0.265000
phi_V500_EHIGH_z0.5_p1_s1,1,lambda_hybrid_0.75,0.057067,0.044891,0.069125
phi_V500_EHIGH_z0.5_p1_s1,2,pop_global,0.192201,0.170243,0.215757
phi_V500_EHIGH_z0.5_p1_s1,2,recency_pop_0.1,0.074578,0.061192,0.088487
phi_V500_EHIGH_z0.5_p1_s1,2,recency_pop_0.5,0.173781,0.153098,0.197144
phi_V500_EHIGH_z0.5_p1_s1,2,recency_pop_1.0,0.175932,0.152839,0.199356
phi_V500_EHIGH_z0.5_p1_s1,2,pop_category,0.162061,0.140140,0.182458
phi_V500_EHIGH_z0.5_p1_s1,2,pop_price,0.145408,0.125634,0.166215
phi_V500_EHIGH_z0.5_p1_s1,2,content_knn_1,0.000000,0.000000,0.000000
phi_V500_EHIGH_z0.5_p1_s1,2,content_knn_3,0.000000,0.000000,0.000000
phi_V500_EHIGH_z0.5_p1_s1,2,content_knn_5,0.000000,0.000000,0.000000
phi_V500_EHIGH_z0.5_p1_s1,2,last_item_nbhd,0.000431,0.000000,0.001292
phi_V500_EHIGH_z0.5_p1_s1,2,pop_scaled_content,0.158032,0.138654,0.179807
phi_V500_EHIGH_z0.5_p1_s1,2,co_purchase,0.008597,0.004070,0.013554
phi_V500_EHIGH_z0.5_p1_s1,2,lambda_hybrid_0.25,0.084000,0.067000,0.102000
phi_V500_EHIGH_z0.5_p1_s1,2,lambda_hybrid_0.5,0.084000,0.067000,0.103000
phi_V500_EHIGH_z0.5_p1_s1,2,lambda_hybrid_0.75,0.034369,0.023872,0.045194
phi_V500_EHIGH_z0.5_p1_s1,3,pop_global,0.124461,0.106752,0.141988
phi_V500_EHIGH_z0.5_p1_s1,3,recency_pop_0.1,0.079950,0.066704,0.093480
phi_V500_EHIGH_z0.5_p1_s1,3,recency_pop_0.5,0.108740,0.091289,0.126250
phi_V500_EHIGH_z0.5_p1_s1,3,recency_pop_1.0,0.108696,0.091494,0.126136
phi_V500_EHIGH_z0.5_p1_s1,3,pop_category,0.090004,0.074029,0.106561
phi_V500_EHIGH_z0.5_p1_s1,3,pop_price,0.080233,0.066137,0.095158
phi_V500_EHIGH_z0.5_p1_s1,3,content_knn_1,0.000000,0.000000,0.000000
phi_V500_EHIGH_z0.5_p1_s1,3,content_knn_3,0.000000,0.000000,0.000000
phi_V500_EHIGH_z0.5_p1_s1,3,content_knn_5,0.000000,0.000000,0.000000
phi_V500_EHIGH_z0.5_p1_s1,3,last_item_nbhd,0.000000,0.000000,0.000000
phi_V500_EHIGH_z0.5_p1_s1,3,pop_scaled_content,0.095900,0.080478,0.111355
phi_V500_EHIGH_z0.5_p1_s1,3,co_purchase,0.009755,0.004850,0.015827
phi_V500_EHIGH_z0.5_p1_s1,3,lambda_hybrid_0.25,0.023528,0.015091,0.033588
phi_V500_EHIGH_z0.5_p1_s1,3,lambda_hybrid_0.5,0.022133,0.013053,0.031187
phi_V500_EHIGH_z0.5_p1_s1,3,lambda_hybrid_0.75,0.008368,0.003406,0.014655
phi_V500_EHIGH_z0.5_p1_s1,5,pop_global,0.081970,0.066144,0.097989
phi_V500_EHIGH_z0.5_p1_s1,5,recency_pop_0.1,0.068924,0.055798,0.083445
phi_V500_EHIGH_z0.5_p1_s1,5,recency_pop_0.5,0.078949,0.063619,0.095208
phi_V500_EHIGH_z0.5_p1_s1,5,recency_pop_1.0,0.077725,0.062829,0.092877
phi_V500_EHIGH_z0.5_p1_s1,5,pop_category,0.060154,0.046236,0.073643
phi_V500_EHIGH_z0.5_p1_s1,5,pop_price,0.058466,0.046106,0.072826
phi_V500_EHIGH_z0.5_p1_s1,5,content_knn_1,0.000000,0.000000,0.000000
phi_V500_EHIGH_z0.5_p1_s1,5,content_knn_3,0.000000,0.000000,0.000000
phi_V500_EHIGH_z0.5_p1_s1,5,content_knn_5,0.000000,0.000000,0.000000
phi_V500_EHIGH_z0.5_p1_s1,5,last_item_nbhd,0.000000,0.000000,0.000000
phi_V500_EHIGH_z0.5_p1_s1,5,pop_scaled_content,0.072596,0.059988,0.086372
phi_V500_EHIGH_z0.5_p1_s1,5,co_purchase,0.007133,0.002382,0.012797
phi_V500_EHIGH_z0.5_p1_s1,5,lambda_hybrid_0.25,0.005274,0.001055,0.010549
phi_V500_EHIGH_z0.5_p1_s1,5,lambda_hybrid_0.5,0.005274,0.001055,0.010549
phi_V500_EHIGH_z0.5_p1_s1,5,lambda_hybrid_0.75,0.002110,0.000000,0.005274
phi_V500_EHIGH_z0.5_p1_s1,8,pop_global,0.049009,0.036585,0.062726
phi_V500_EHIGH_z0.5_p1_s1,8,recency_pop_0.1,0.058828,0.043630,0.074611
phi_V500_EHIGH_z0.5_p1_s1,8,recency_pop_0.5,0.053197,0.039099,0.067833
phi_V500_EHIGH_z0.5_p1_s1,8,recency_pop_1.0,0.051287,0.036493,0.067233
phi_V500_EHIGH_z0.5_p1_s1,8,pop_category,0.043645,0.030207,0.056182
phi_V500_EHIGH_z0.5_p1_s1,8,pop_price,0.040537,0.028298,0.054203
phi_V500_EHIGH_z0.5_p1_s1,8,content_knn_1,0.000575,0.000000,0.001724
phi_V500_EHIGH_z0.5_p1_s1,8,content_knn_3,0.000640,0.000000,0.001920
phi_V500_EHIGH_z0.5_p1_s1,8,content_knn_5,0.000000,0.000000,0.000000
phi_V500_EHIGH_z0.5_p1_s1,8,last_item_nbhd,0.000000,0.000000,0.000000
phi_V500_EHIGH_z0.5_p1_s1,8,pop_scaled_content,0.058982,0.043684,0.074682
phi_V500_EHIGH_z0.5_p1_s1,8,co_purchase,0.004484,0.000575,0.009732
phi_V500_EHIGH_z0.5_p1_s1,8,lambda_hybrid_0.25,0.000000,0.000000,0.000000
phi_V500_EHIGH_z0.5_p1_s1,8,lambda_hybrid_0.5,0.000000,0.000000,0.000000
phi_V500_EHIGH_z0.5_p1_s1,8,lambda_hybrid_0.75,0.000000,0.000000,0.000000
phi_V500_EHIGH_z1.5_p0.25_s0,0,pop_global,0.049432,0.039935,0.058708
phi_V500_EHIGH_z1.5_p0.25_s0,0,recency_pop_0.1,0.014025,0.009098,0.019757
phi_V500_EHIGH_z1.5_p0.25_s0,0,recency_pop_0.5,0.023492,0.015105,0.033173
phi_V500_EHIGH_z1.5_p0.25_s0,0,recency_pop_1.0,0.024380,0.016464,0.033723
phi_V500_EHIGH_z1.5_p0.25_s0,0,pop_category,0.029438,0.021536,0.038107
phi_V500_EHIGH_z1.5_p0.25_s0,0,pop_price,0.052690,0.043129,0.062004
phi_V500_EHIGH_z1.5_p0.25_s0,0,lambda_hybrid_0.25,0.049432,0.040352,0.059094
phi_V500_EHIGH_z1.5_p0.25_s0,0,lambda_hybrid_0.5,0.049432,0.040562,0.059177
phi_V500_EHIGH_z1.5_p0.25_s0,0,lambda_hybrid_0.75,0.049432,0.039931,0.059039
phi_V500_EHIGH_z1.5_p0.25_s0,0,active_elic2,0.029438,0.021436,0.038987
phi_V500_EHIGH_z1.5_p0.25_s0,1,pop_global,0.047905,0.037601,0.057846
phi_V500_EHIGH_z1.5_p0.25_s0,1,recency_pop_0.1,0.011879,0.006987,0.017875
phi_V500_EHIGH_z1.5_p0.25_s0,1,recency_pop_0.5,0.027012,0.018531,0.036871
phi_V500_EHIGH_z1.5_p0.25_s0,1,recency_pop_1.0,0.030096,0.021379,0.040186
phi_V500_EHIGH_z1.5_p0.25_s0,1,pop_category,0.036280,0.027195,0.045566
phi_V500_EHIGH_z1.5_p0.25_s0,1,pop_price,0.050123,0.040614,0.059262
phi_V500_EHIGH_z1.5_p0.25_s0,1,content_knn_1,0.006466,0.002887,0.010516
phi_V500_EHIGH_z1.5_p0.25_s0,1,content_knn_3,0.004748,0.001431,0.008679
phi_V500_EHIGH_z1.5_p0.25_s0,1,content_knn_5,0.004272,0.001693,0.007515
phi_V500_EHIGH_z1.5_p0.25_s0,1,last_item_nbhd,0.006459,0.002878,0.010655
phi_V500_EHIGH_z1.5_p0.25_s0,1,pop_scaled_content,0.035723,0.027008,0.045142
phi_V500_EHIGH_z1.5_p0.25_s0,1,co_purchase,0.006859,0.003122,0.011314
phi_V500_EHIGH_z1.5_p0.25_s0,1,lambda_hybrid_0.25,0.046514,0.037235,0.056341
phi_V500_EHIGH_z1.5_p0.25_s0,1,lambda_hybrid_0.5,0.033769,0.025039,0.043328
phi_V500_EHIGH_z1.5_p0.25_s0,1,lambda_hybrid_0.75,0.015691,0.009757,0.022425
phi_V500_EHIGH_z1.5_p0.25_s0,2,pop_global,0.058574,0.047401,0.069368
phi_V500_EHIGH_z1.5_p0.25_s0,2,recency_pop_0.1,0.020998,0.013982,0.027899
phi_V500_EHIGH_z1.5_p0.25_s0,2,recency_pop_0.5,0.041975,0.032276,0.052665
phi_V500_EHIGH_z1.5_p0.25_s0,2,recency_pop_1.0,0.046621,0.035871,0.058136
phi_V500_EHIGH_z1.5_p0.25_s0,2,pop_category,0.051076,0.040455,0.061707
phi_V500_EHIGH_z1.5_p0.25_s0,2,pop_price,0.060785,0.049358,0.072105
phi_V500_EHIGH_z1.5_p0.25_s0,2,content_knn_1,0.007333,0.003647,0.011741
phi_V500_EHIGH_z1.5_p0.25_s0,2,content_knn_3,0.008758,0.004184,0.013552
phi_V500_EHIGH_z1.5_p0.25_s0,2,content_knn_5,0.008578,0.004345,0.013626
phi_V500_EHIGH_z1.5_p0.25_s0,2,last_item_nbhd,0.009720,0.004966,0.014975
phi_V500_EHIGH_z1.5_p0.25_s0,2,pop_scaled_content,0.044961,0.035024,0.055642
phi_V500_EHIGH_z1.5_p0.25_s0,2,co_purchase,0.004222,0.001274,0.007463
phi_V500_EHIGH_z1.5_p0.25_s0,2,lambda_hybrid_0.25,0.057212,0.046227,0.067606
phi_V500_EHIGH_z1.5_p0.25_s0,2,lambda_hybrid_0.5,0.048873,0.038146,0.060085
phi_V500_EHIGH_z1.5_p0.25_s0,2,lambda_hybrid_0.75,0.024435,0.016375,0.033832
phi_V500_EHIGH_z1.5_p0.25_s0,3,pop_global,0.075780,0.063059,0.089574
phi_V500_EHIGH_z1.5_p0.25_s0,3,recency_pop_0.1,0.051077,0.039254,0.063036
phi_V500_EHIGH_z1.5_p0.25_s0,3,recency_pop_0.5,0.062395,0.049530,0.075697
phi_V500_EHIGH_z1.5_p0.25_s0,3,recency_pop_1.0,0.062836,0.048959,0.077165
phi_V500_EHIGH_z1.5_p0.25_s0,3,pop_category,0.070616,0.058085,0.084234
phi_V500_EHIGH_z1.5_p0.25_s0,3,pop_price,0.077303,0.064688,0.091046
phi_V500_EHIGH_z1.5_p0.25_s0,3,content_knn_1,0.007868,0.003590,0.013011
phi_V500_EHIGH_z1.5_p0.25_s0,3,content_knn_3,0.006454,0.003445,0.010133
phi_V500_EHIGH_z1.5_p0.25_s0,3,content_knn_5,0.005874,0.002291,0.010228
phi_V500_EHIGH_z1.5_p0.25_s0,3,last_item_nbhd,0.007450,0.003227,0.012292
phi_V500_EHIGH_z1.5_p0.25_s0,3,pop_scaled_content,0.065490,0.052371,0.079177
phi_V500_EHIGH_z1.5_p0.25_s0,3,co_purchase,0.001672,0.000000,0.003592
phi_V500_EHIGH_z1.5_p0.25_s0,3,lambda_hybrid_0.25,0.077197,0.063902,0.092051
phi_V500_EHIGH_z1.5_p0.25_s0,3,lambda_hybrid_0.5,0.069443,0.056480,0.083827
phi_V500_EHIGH_z1.5_p0.25_s0,3,lambda_hybrid_0.75,0.041564,0.031034,0.053009
phi_V500_EHIGH_z1.5_p0.25_s0,5,pop_global,0.131560,0.113590,0.150348
phi_V500_EHIGH_z1.5_p0.25_s0,5,recency_pop_0.1,0.122289,0.105589,0.138447
phi_V500_EHIGH_z1.5_p0.25_s0,5,recency_pop_0.5,0.123060,0.105116,0.140219
phi_V500_EHIGH_z1.5_p0.25_s0,5,recency_pop_1.0,0.122663,0.105105,0.141807
phi_V500_EHIGH_z1.5_p0.25_s0,5,pop_category,0.131287,0.113622,0.149892
phi_V500_EHIGH_z1.5_p0.25_s0,5,pop_price,0.130595,0.111805,0.148949
phi_V500_EHIGH_z1.5_p0.25_s0,5,content_knn_1,0.008445,0.004131,0.013278
phi_V500_EHIGH_z1.5_p0.25_s0,5,content_knn_3,0.006670,0.002569,0.011771
phi_V500_EHIGH_z1.5_p0.25_s0,5,content_knn_5,0.006544,0.002973,0.010701
phi_V500_EHIGH_z1.5_p0.25_s0,5,last_item_nbhd,0.006740,0.003330,0.011127
phi_V500_EHIGH_z1.5_p0.25_s0,5,pop_scaled_content,0.131879,0.113564,0.150263
phi_V500_EHIGH_z1.5_p0.25_s0,5,co_purchase,0.000416,0.000000,0.001249
phi_V500_EHIGH_z1.5_p0.25_s0,5,lambda_hybrid_0.25,0.133243,0.115234,0.153093
phi_V500_EHIGH_z1.5_p0.25_s0,5,lambda_hybrid_0.5,0.133504,0.114624,0.151595
phi_V500_EHIGH_z1.5_p0.25_s0,5,lambda_hybrid_0.75,0.093046,0.076258,0.111010
phi_V500_EHIGH_z1.5_p0.25_s0,8,pop_global,0.175152,0.149759,0.203139
phi_V500_EHIGH_z1.5_p0.25_s0,8,recency_pop_0.1,0.186549,0.162824,0.211866
phi_V500_EHIGH_z1.5_p0.25_s0,8,recency_pop_0.5,0.172001,0.146907,0.196467
phi_V500_EHIGH_z1.5_p0.25_s0,8,recency_pop_1.0,0.165527,0.141078,0.190901
phi_V500_EHIGH_z1.5_p0.25_s0,8,pop_category,0.182019,0.154533,0.209247
phi_V500_EHIGH_z1.5_p0.25_s0,8,pop_price,0.172772,0.146717,0.200090
phi_V500_EHIGH_z1.5_p0.25_s0,8,content_knn_1,0.006295,0.001527,0.011771
phi_V500_EHIGH_z1.5_p0.25_s0,8,content_knn_3,0.005332,0.001922,0.009548
phi_V500_EHIGH_z1.5_p0.25_s0,8,content_knn_5,0.006228,0.001619,0.012299
phi_V500_EHIGH_z1.5_p0.25_s0,8,last_item_nbhd,0.005026,0.001315,0.009606
phi_V500_EHIGH_z1.5_p0.25_s0,8,pop_scaled_content,0.173988,0.149465,0.198314
phi_V500_EHIGH_z1.5_p0.25_s0,8,co_purchase,0.000000,0.000000,0.000000
phi_V500_EHIGH_z1.5_p0.25_s0,8,lambda_hybrid_0.25,0.178492,0.150933,0.204851
phi_V500_EHIGH_z1.5_p0.25_s0,8,lambda_hybrid_0.5,0.180840,0.154298,0.208609
phi_V500_EHIGH_z1.5_p0.25_s0,8,lambda_hybrid_0.75,0.123474,0.101343,0.145555
phi_V500_EHIGH_z1.5_p0.25_s1,0,pop_global,0.069473,0.054771,0.085209
phi_V500_EHIGH_z1.5_p0.25_s1,0,recency_pop_0.1,0.009714,0.005550,0.014887
phi_V500_EHIGH_z1.5_p0.25_s1,0,recency_pop_0.5,0.010933,0.005879,0.016174
phi_V500_EHIGH_z1.5_p0.25_s1,0,recency_pop_1.0,0.011020,0.006027,0.015909
phi_V500_EHIGH_z1.5_p0.25_s1,0,pop_category,0.055961,0.045756,0.066508
phi_V500_EHIGH_z1.5_p0.25_s1,0,pop_price,0.068849,0.054785,0.082883
phi_V500_EHIGH_z1.5_p0.25_s1,0,lambda_hybrid_0.25,0.069473,0.056000,0.084876
phi_V500_EHIGH_z1.5_p0.25_s1,0,lambda_hybrid_0.5,0.069473,0.056331,0.084061
phi_V500_EHIGH_z1.5_p0.25_s1,0,lambda_hybrid_0.75,0.069473,0.054928,0.084679
phi_V500_EHIGH_z1.5_p0.25_s1,0,active_elic2,0.025208,0.017367,0.032311
phi_V500_EHIGH_z1.5_p0.25_s1,1,pop_global,0.071395,0.057310,0.085293
phi_V500_EHIGH_z1.5_p0.25_s1,1,recency_pop_0.1,0.026744,0.019325,0.035161
phi_V500_EHIGH_z1.5_p0.25_s1,1,recency_pop_0.5,0.030883,0.022799,0.039818
phi_V500_EHIGH_z1.5_p0.25_s1,1,recency_pop_1.0,0.030967,0.023823,0.039956
phi_V500_EHIGH_z1.5_p0.25_s1,1,pop_category,0.057271,0.046722,0.068744
phi_V500_EHIGH_z1.5_p0.25_s1,1,pop_price,0.070579,0.057006,0.084633
phi_V500_EHIGH_z1.5_p0.25_s1,1,content_knn_1,0.006115,0.002191,0.010610
phi_V500_EHIGH_z1.5_p0.25_s1,1,content_knn_3,0.005740,0.002291,0.009923
phi_V500_EHIGH_z1.5_p0.25_s1,1,content_knn_5,0.004149,0.001387,0.007524
phi_V500_EHIGH_z1.5_p0.25_s1,1,last_item_nbhd,0.004510,0.001762,0.008089
phi_V500_EHIGH_z1.5_p0.25_s1,1,pop_scaled_content,0.060098,0.048390,0.073485
phi_V500_EHIGH_z1.5_p0.25_s1,1,co_purchase,0.003697,0.001248,0.007302
phi_V500_EHIGH_z1.5_p0.25_s1,1,lambda_hybrid_0.25,0.069691,0.055637,0.083846
phi_V500_EHIGH_z1.5_p0.25_s1,1,lambda_hybrid_0.5,0.056756,0.044069,0.070374
phi_V500_EHIGH_z1.5_p0.25_s1,1,lambda_hybrid_0.75,0.017923,0.011480,0.025261
phi_V500_EHIGH_z1.5_p0.25_s1,2,pop_global,0.089286,0.074553,0.104790
phi_V500_EHIGH_z1.5_p0.25_s1,2,recency_pop_0.1,0.043809,0.033723,0.054221
phi_V500_EHIGH_z1.5_p0.25_s1,2,recency_pop_0.5,0.050015,0.039537,0.060854
phi_V500_EHIGH_z1.5_p0.25_s1,2,recency_pop_1.0,0.051906,0.041746,0.062931
phi_V500_EHIGH_z1.5_p0.25_s1,2,pop_category,0.072680,0.061148,0.085467
phi_V500_EHIGH_z1.5_p0.25_s1,2,pop_price,0.087784,0.072512,0.104045
phi_V500_EHIGH_z1.5_p0.25_s1,2,content_knn_1,0.009119,0.004928,0.014119
phi_V500_EHIGH_z1.5_p0.25_s1,2,content_knn_3,0.012411,0.007243,0.017466
phi_V500_EHIGH_z1.5_p0.25_s1,2,content_knn_5,0.008907,0.004653,0.013545
phi_V500_EHIGH_z1.5_p0.25_s1,2,last_item_nbhd,0.008046,0.003870,0.012864
phi_V500_EHIGH_z1.5_p0.25_s1,2,pop_scaled_content,0.081501,0.067535,0.097405
phi_V500_EHIGH_z1.5_p0.25_s1,2,co_purchase,0.004318,0.001000,0.007888
phi_V500_EHIGH_z1.5_p0.25_s1,2,lambda_hybrid_0.25,0.088486,0.073886,0.104722
phi_V500_EHIGH_z1.5_p0.25_s1,2,lambda_hybrid_0.5,0.080358,0.065754,0.096309
phi_V500_EHIGH_z1.5_p0.25_s1,2,lambda_hybrid_0.75,0.032811,0.023053,0.043359
phi_V500_EHIGH_z1.5_p0.25_s1,3,pop_global,0.106807,0.090200,0.125015
phi_V500_EHIGH_z1.5_p0.25_s1,3,recency_pop_0.1,0.063375,0.051071,0.076325
phi_V500_EHIGH_z1.5_p0.25_s1,3,recency_pop_0.5,0.064056,0.051864,0.075833
phi_V500_EHIGH_z1.5_p0.25_s1,3,recency_pop_1.0,0.063755,0.051313,0.076633
phi_V500_EHIGH_z1.5_p0.25_s1,3,pop_category,0.090331,0.076854,0.103890
phi_V500_EHIGH_z1.5_p0.25_s1,3,pop_price,0.106721,0.089424,0.122844
phi_V500_EHIGH_z1.5_p0.25_s1,3,content_knn_1,0.004725,0.001759,0.008059
phi_V500_EHIGH_z1.5_p0.25_s1,3,content_knn_3,0.007144,0.003098,0.011462
phi_V500_EHIGH_z1.5_p0.25_s1,3,content_knn_5,0.005517,0.002349,0.008917
phi_V500_EHIGH_z1.5_p0.25_s1,3,last_item_nbhd,0.006248,0.002709,0.010650
phi_V500_EHIGH_z1.5_p0.25_s1,3,pop_scaled_content,0.100182,0.085178,0.115684
phi_V500_EHIGH_z1.5_p0.25_s1,3,co_purchase,0.002765,0.000433,0.005625
phi_V500_EHIGH_z1.5_p0.25_s1,3,lambda_hybrid_0.25,0.105929,0.089030,0.123305
phi_V500_EHIGH_z1.5_p0.25_s1,3,lambda_hybrid_0.5,0.093099,0.077318,0.110551
phi_V500_EHIGH_z1.5_p0.25_s1,3,lambda_hybrid_0.75,0.038854,0.027650,0.049979
phi_V500_EHIGH_z1.5_p0.25_s1,5,pop_global,0.148961,0.129062,0.168433
phi_V500_EHIGH_z1.5_p0.25_s1,5,recency_pop_0.1,0.135325,0.117799,0.155924
phi_V500_EHIGH_z1.5_p0.25_s1,5,recency_pop_0.5,0.133797,0.117231,0.152373
phi_V500_EHIGH_z1.5_p0.25_s1,5,recency_pop_1.0,0.133948,0.116291,0.152491
phi_V500_EHIGH_z1.5_p0.25_s1,5,pop_category,0.142478,0.124382,0.162549
phi_V500_EHIGH_z1.5_p0.25_s1,5,pop_price,0.150930,0.131354,0.170219
phi_V500_EHIGH_z1.5_p0.25_s1,5,content_knn_1,0.003638,0.000454,0.007427
phi_V500_EHIGH_z1.5_p0.25_s1,5,content_knn_3,0.004046,0.001055,0.008218
phi_V500_EHIGH_z1.5_p0.25_s1,5,content_knn_5,0.004284,0.001055,0.008439
phi_V500_EHIGH_z1.5_p0.25_s1,5,last_item_nbhd,0.005015,0.001994,0.008975
phi_V500_EHIGH_z1.5_p0.25_s1,5,pop_scaled_content,0.128623,0.110529,0.145740
phi_V500_EHIGH_z1.5_p0.25_s1,5,co_purchase,0.000408,0.000000,0.001224
phi_V500_EHIGH_z1.5_p0.25_s1,5,lambda_hybrid_0.25,0.150121,0.130579,0.168916
phi_V500_EHIGH_z1.5_p0.25_s1,5,lambda_hybrid_0.5,0.127619,0.110851,0.146438
phi_V500_EHIGH_z1.5_p0.25_s1,5,lambda_hybrid_0.75,0.049082,0.036927,0.062764
phi_V500_EHIGH_z1.5_p0.25_s1,8,pop_global,0.179604,0.155259,0.205416
phi_V500_EHIGH_z1.5_p0.25_s1,8,recency_pop_0.1,0.211182,0.185118,0.236980
phi_V500_EHIGH_z1.5_p0.25_s1,8,recency_pop_0.5,0.190665,0.165523,0.215122
phi_V500_EHIGH_z1.5_p0.25_s1,8,recency_pop_1.0,0.179759,0.157314,0.204527
phi_V500_EHIGH_z1.5_p0.25_s1,8,pop_category,0.197850,0.171976,0.226358
phi_V500_EHIGH_z1.5_p0.25_s1,8,pop_price,0.180399,0.156516,0.205547
phi_V500_EHIGH_z1.5_p0.25_s1,8,content_knn_1,0.001486,0.000000,0.004458
phi_V500_EHIGH_z1.5_p0.25_s1,8,content_knn_3,0.002229,0.000000,0.005944
phi_V500_EHIGH_z1.5_p0.25_s1,8,content_knn_5,0.003444,0.000575,0.008038
phi_V500_EHIGH_z1.5_p0.25_s1,8,last_item_nbhd,0.002869,0.000000,0.007023
phi_V500_EHIGH_z1.5_p0.25_s1,8,pop_scaled_content,0.154117,0.134149,0.174907
phi_V500_EHIGH_z1.5_p0.25_s1,8,co_purchase,0.000640,0.000000,0.001920
phi_V500_EHIGH_z1.5_p0.25_s1,8,lambda_hybrid_0.25,0.183982,0.158888,0.207713
phi_V500_EHIGH_z1.5_p0.25_s1,8,lambda_hybrid_0.5,0.146891,0.125540,0.170563
phi_V500_EHIGH_z1.5_p0.25_s1,8,lambda_hybrid_0.75,0.032990,0.021569,0.046114
phi_V500_EHIGH_z1.5_p0.5_s0,0,pop_global,0.052592,0.042520,0.062771
phi_V500_EHIGH_z1.5_p0.5_s0,0,recency_pop_0.1,0.011985,0.007491,0.017177
phi_V500_EHIGH_z1.5_p0.5_s0,0,recency_pop_0.5,0.021642,0.014429,0.030406
phi_V500_EHIGH_z1.5_p0.5_s0,0,recency_pop_1.0,0.025155,0.016568,0.034191
phi_V500_EHIGH_z1.5_p0.5_s0,0,pop_category,0.032381,0.024223,0.041011
phi_V500_EHIGH_z1.5_p0.5_s0,0,pop_price,0.049942,0.040870,0.059082
phi_V500_EHIGH_z1.5_p0.5_s0,0,lambda_hybrid_0.25,0.052592,0.042800,0.062285
phi_V500_EHIGH_z1.5_p0.5_s0,0,lambda_hybrid_0.5,0.052592,0.042775,0.062534
phi_V500_EHIGH_z1.5_p0.5_s0,0,lambda_hybrid_0.75,0.052592,0.041951,0.062910
phi_V500_EHIGH_z1.5_p0.5_s0,0,active_elic2,0.032381,0.024058,0.041445
phi_V500_EHIGH_z1.5_p0.5_s0,1,pop_global,0.048123,0.038069,0.058089
phi_V500_EHIGH_z1.5_p0.5_s0,1,recency_pop_0.1,0.021444,0.014932,0.028972
phi_V500_EHIGH_z1.5_p0.5_s0,1,recency_pop_0.5,0.033354,0.023759,0.043517
phi_V500_EHIGH_z1.5_p0.5_s0,1,recency_pop_1.0,0.034002,0.024461,0.044918
phi_V500_EHIGH_z1.5_p0.5_s0,1,pop_category,0.033171,0.024948,0.042338
phi_V500_EHIGH_z1.5_p0.5_s0,1,pop_price,0.045926,0.037169,0.055672
phi_V500_EHIGH_z1.5_p0.5_s0,1,content_knn_1,0.004193,0.001131,0.008195
phi_V500_EHIGH_z1.5_p0.5_s0,1,content_knn_3,0.004992,0.001631,0.009423
phi_V500_EHIGH_z1.5_p0.5_s0,1,content_knn_5,0.005149,0.001774,0.009425
phi_V500_EHIGH_z1.5_p0.5_s0,1,last_item_nbhd,0.005109,0.001977,0.009136
phi_V500_EHIGH_z1.5_p0.5_s0,1,pop_scaled_content,0.033919,0.024933,0.043387
phi_V500_EHIGH_z1.5_p0.5_s0,1,co_purchase,0.006883,0.002861,0.011315
phi_V500_EHIGH_z1.5_p0.5_s0,1,lambda_hybrid_0.25,0.045182,0.035857,0.055305
phi_V500_EHIGH_z1.5_p0.5_s0,1,lambda_hybrid_0.5,0.035719,0.026963,0.044690
phi_V500_EHIGH_z1.5_p0.5_s0,1,lambda_hybrid_0.75,0.016459,0.010537,0.022795
phi_V500_EHIGH_z1.5_p0.5_s0,2,pop_global,0.056068,0.045596,0.066629
phi_V500_EHIGH_z1.5_p0.5_s0,2,recency_pop_0.1,0.023553,0.016346,0.030809
phi_V500_EHIGH_z1.5_p0.5_s0,2,recency_pop_0.5,0.040683,0.030443,0.051577
phi_V500_EHIGH_z1.5_p0.5_s0,2,recency_pop_1.0,0.043166,0.032610,0.054430
phi_V500_EHIGH_z1.5_p0.5_s0,2,pop_category,0.051042,0.040052,0.061717
phi_V500_EHIGH_z1.5_p0.5_s0,2,pop_price,0.053637,0.043067,0.064041
phi_V500_EHIGH_z1.5_p0.5_s0,2,content_knn_1,0.004754,0.001631,0.009078
phi_V500_EHIGH_z1.5_p0.5_s0,2,content_knn_3,0.006510,0.002631,0.010885
phi_V500_EHIGH_z1.5_p0.5_s0,2,content_knn_5,0.005746,0.002551,0.009670
phi_V500_EHIGH_z1.5_p0.5_s0,2,last_item_nbhd,0.004562,0.001431,0.008554
phi_V500_EHIGH_z1.5_p0.5_s0,2,pop_scaled_content,0.054716,0.043160,0.066486
phi_V500_EHIGH_z1.5_p0.5_s0,2,co_purchase,0.003405,0.001000,0.006518
phi_V500_EHIGH_z1.5_p0.5_s0,2,lambda_hybrid_0.25,0.053904,0.042644,0.064307
phi_V500_EHIGH_z1.5_p0.5_s0,2,lambda_hybrid_0.5,0.052694,0.042759,0.063569
phi_V500_EHIGH_z1.5_p0.5_s0,2,lambda_hybrid_0.75,0.031016,0.021805,0.040556
phi_V500_EHIGH_z1.5_p0.5_s0,3,pop_global,0.071659,0.059803,0.084767
phi_V500_EHIGH_z1.5_p0.5_s0,3,recency_pop_0.1,0.053631,0.042436,0.066731
phi_V500_EHIGH_z1.5_p0.5_s0,3,recency_pop_0.5,0.060740,0.047414,0.073636
phi_V500_EHIGH_z1.5_p0.5_s0,3,recency_pop_1.0,0.061001,0.047747,0.074516
phi_V500_EHIGH_z1.5_p0.5_s0,3,pop_category,0.067084,0.055197,0.081037
phi_V500_EHIGH_z1.5_p0.5_s0,3,pop_price,0.071698,0.058962,0.084842
phi_V500_EHIGH_z1.5_p0.5_s0,3,content_knn_1,0.008371,0.003745,0.013638
phi_V500_EHIGH_z1.5_p0.5_s0,3,content_knn_3,0.009315,0.004828,0.014507
phi_V500_EHIGH_z1.5_p0.5_s0,3,content_knn_5,0.009530,0.004642,0.015008
phi_V500_EHIGH_z1.5_p0.5_s0,3,last_item_nbhd,0.006868,0.003104,0.011831
phi_V500_EHIGH_z1.5_p0.5_s0,3,pop_scaled_content,0.067527,0.053871,0.080290
phi_V500_EHIGH_z1.5_p0.5_s0,3,co_purchase,0.004485,0.001407,0.008581
phi_V500_EHIGH_z1.5_p0.5_s0,3,lambda_hybrid_0.25,0.072629,0.059841,0.084873
phi_V500_EHIGH_z1.5_p0.5_s0,3,lambda_hybrid_0.5,0.069212,0.057192,0.082140
phi_V500_EHIGH_z1.5_p0.5_s0,3,lambda_hybrid_0.75,0.042997,0.031931,0.055428
phi_V500_EHIGH_z1.5_p0.5_s0,5,pop_global,0.131422,0.113006,0.150850
phi_V500_EHIGH_z1.5_p0.5_s0,5,recency_pop_0.1,0.119459,0.101457,0.136918
phi_V500_EHIGH_z1.5_p0.5_s0,5,recency_pop_0.5,0.118243,0.099479,0.136872
phi_V500_EHIGH_z1.5_p0.5_s0,5,recency_pop_1.0,0.114770,0.098438,0.131998
phi_V500_EHIGH_z1.5_p0.5_s0,5,pop_category,0.129466,0.112097,0.148300
phi_V500_EHIGH_z1.5_p0.5_s0,5,pop_price,0.129877,0.110340,0.148456
phi_V500_EHIGH_z1.5_p0.5_s0,5,content_knn_1,0.011332,0.005452,0.018173
phi_V500_EHIGH_z1.5_p0.5_s0,5,content_knn_3,0.011183,0.006004,0.017212
phi_V500_EHIGH_z1.5_p0.5_s0,5,content_knn_5,0.010457,0.004764,0.016303
phi_V500_EHIGH_z1.5_p0.5_s0,5,last_item_nbhd,0.010653,0.005546,0.016566
phi_V500_EHIGH_z1.5_p0.5_s0,5,pop_scaled_content,0.126127,0.108659,0.142963
phi_V500_EHIGH_z1.5_p0.5_s0,5,co_purchase,0.000679,0.000000,0.002037
phi_V500_EHIGH_z1.5_p0.5_s0,5,lambda_hybrid_0.25,0.132958,0.113697,0.152829
phi_V500_EHIGH_z1.5_p0.5_s0,5,lambda_hybrid_0.5,0.132590,0.115658,0.150925
phi_V500_EHIGH_z1.5_p0.5_s0,5,lambda_hybrid_0.75,0.092107,0.075845,0.108442
phi_V500_EHIGH_z1.5_p0.5_s0,8,pop_global,0.175094,0.148603,0.200881
phi_V500_EHIGH_z1.5_p0.5_s0,8,recency_pop_0.1,0.185814,0.159978,0.211169
phi_V500_EHIGH_z1.5_p0.5_s0,8,recency_pop_0.5,0.171659,0.145110,0.195498
phi_V500_EHIGH_z1.5_p0.5_s0,8,recency_pop_1.0,0.169042,0.144456,0.194790
phi_V500_EHIGH_z1.5_p0.5_s0,8,pop_category,0.183785,0.156867,0.209871
phi_V500_EHIGH_z1.5_p0.5_s0,8,pop_price,0.174224,0.149228,0.200626
phi_V500_EHIGH_z1.5_p0.5_s0,8,content_knn_1,0.008591,0.003848,0.014515
phi_V500_EHIGH_z1.5_p0.5_s0,8,content_knn_3,0.007582,0.003471,0.012536
phi_V500_EHIGH_z1.5_p0.5_s0,8,content_knn_5,0.005186,0.001621,0.009352
phi_V500_EHIGH_z1.5_p0.5_s0,8,last_item_nbhd,0.005968,0.001906,0.011208
phi_V500_EHIGH_z1.5_p0.5_s0,8,pop_scaled_content,0.174160,0.150642,0.199692
phi_V500_EHIGH_z1.5_p0.5_s0,8,co_purchase,0.000000,0.000000,0.000000
phi_V500_EHIGH_z1.5_p0.5_s0,8,lambda_hybrid_0.25,0.179535,0.152007,0.206226
phi_V500_EHIGH_z1.5_p0.5_s0,8,lambda_hybrid_0.5,0.181791,0.155566,0.208452
phi_V500_EHIGH_z1.5_p0.5_s0,8,lambda_hybrid_0.75,0.133170,0.110760,0.155334
phi_V500_EHIGH_z1.5_p0.5_s1,0,pop_global,0.062897,0.049056,0.077933
phi_V500_EHIGH_z1.5_p0.5_s1,0,recency_pop_0.1,0.009921,0.005079,0.015352
phi_V500_EHIGH_z1.5_p0.5_s1,0,recency_pop_0.5,0.012826,0.007446,0.018938
phi_V500_EHIGH_z1.5_p0.5_s1,0,recency_pop_1.0,0.013213,0.007770,0.019656
phi_V500_EHIGH_z1.5_p0.5_s1,0,pop_category,0.050546,0.040478,0.060180
phi_V500_EHIGH_z1.5_p0.5_s1,0,pop_price,0.061916,0.048493,0.076264
phi_V500_EHIGH_z1.5_p0.5_s1,0,lambda_hybrid_0.25,0.062897,0.048858,0.078063
phi_V500_EHIGH_z1.5_p0.5_s1,0,lambda_hybrid_0.5,0.062897,0.049630,0.077034
phi_V500_EHIGH_z1.5_p0.5_s1,0,lambda_hybrid_0.75,0.062897,0.049448,0.077042
phi_V500_EHIGH_z1.5_p0.5_s1,0,active_elic2,0.023211,0.016527,0.030595
phi_V500_EHIGH_z1.5_p0.5_s1,1,pop_global,0.077603,0.062445,0.092313
phi_V500_EHIGH_z1.5_p0.5_s1,1,recency_pop_0.1,0.030065,0.021791,0.039890
phi_V500_EHIGH_z1.5_p0.5_s1,1,recency_pop_0.5,0.030659,0.021546,0.040453
phi_V500_EHIGH_z1.5_p0.5_s1,1,recency_pop_1.0,0.032250,0.023614,0.042054
phi_V500_EHIGH_z1.5_p0.5_s1,1,pop_category,0.063981,0.052754,0.076336
phi_V500_EHIGH_z1.5_p0.5_s1,1,pop_price,0.075707,0.061354,0.091363
phi_V500_EHIGH_z1.5_p0.5_s1,1,content_knn_1,0.007062,0.002927,0.011865
phi_V500_EHIGH_z1.5_p0.5_s1,1,content_knn_3,0.007010,0.003130,0.011515
phi_V500_EHIGH_z1.5_p0.5_s1,1,content_knn_5,0.006496,0.002860,0.010764
phi_V500_EHIGH_z1.5_p0.5_s1,1,last_item_nbhd,0.007371,0.003386,0.012171
phi_V500_EHIGH_z1.5_p0.5_s1,1,pop_scaled_content,0.061739,0.050305,0.075272
phi_V500_EHIGH_z1.5_p0.5_s1,1,co_purchase,0.008002,0.003590,0.012933
phi_V500_EHIGH_z1.5_p0.5_s1,1,lambda_hybrid_0.25,0.075122,0.060473,0.090131
phi_V500_EHIGH_z1.5_p0.5_s1,1,lambda_hybrid_0.5,0.060984,0.047114,0.074811
phi_V500_EHIGH_z1.5_p0.5_s1,1,lambda_hybrid_0.75,0.024179,0.016214,0.033234
phi_V500_EHIGH_z1.5_p0.5_s1,2,pop_global,0.090403,0.075902,0.106226
phi_V500_EHIGH_z1.5_p0.5_s1,2,recency_pop_0.1,0.043720,0.034577,0.053772
phi_V500_EHIGH_z1.5_p0.5_s1,2,recency_pop_0.5,0.046436,0.036132,0.056899
phi_V500_EHIGH_z1.5_p0.5_s1,2,recency_pop_1.0,0.050779,0.040426,0.061511
phi_V500_EHIGH_z1.5_p0.5_s1,2,pop_category,0.069748,0.057462,0.082826
phi_V500_EHIGH_z1.5_p0.5_s1,2,pop_price,0.088014,0.073223,0.105348
phi_V500_EHIGH_z1.5_p0.5_s1,2,content_knn_1,0.006341,0.002693,0.010464
phi_V500_EHIGH_z1.5_p0.5_s1,2,content_knn_3,0.010462,0.005608,0.015686
phi_V500_EHIGH_z1.5_p0.5_s1,2,content_knn_5,0.008080,0.004474,0.012131
phi_V500_EHIGH_z1.5_p0.5_s1,2,last_item_nbhd,0.008470,0.004182,0.013602
phi_V500_EHIGH_z1.5_p0.5_s1,2,pop_scaled_content,0.085462,0.071810,0.100500
phi_V500_EHIGH_z1.5_p0.5_s1,2,co_purchase,0.007316,0.003422,0.011948
phi_V500_EHIGH_z1.5_p0.5_s1,2,lambda_hybrid_0.25,0.089297,0.073739,0.104944
phi_V500_EHIGH_z1.5_p0.5_s1,2,lambda_hybrid_0.5,0.076107,0.061439,0.091587
phi_V500_EHIGH_z1.5_p0.5_s1,2,lambda_hybrid_0.75,0.028663,0.019968,0.037810
phi_V500_EHIGH_z1.5_p0.5_s1,3,pop_global,0.103185,0.086739,0.119903
phi_V500_EHIGH_z1.5_p0.5_s1,3,recency_pop_0.1,0.056382,0.044751,0.067887
phi_V500_EHIGH_z1.5_p0.5_s1,3,recency_pop_0.5,0.061030,0.049211,0.073987
phi_V500_EHIGH_z1.5_p0.5_s1,3,recency_pop_1.0,0.061419,0.049089,0.074617
phi_V500_EHIGH_z1.5_p0.5_s1,3,pop_category,0.084364,0.071193,0.099089
phi_V500_EHIGH_z1.5_p0.5_s1,3,pop_price,0.101297,0.085364,0.117093
phi_V500_EHIGH_z1.5_p0.5_s1,3,content_knn_1,0.005832,0.002665,0.009635
phi_V500_EHIGH_z1.5_p0.5_s1,3,content_knn_3,0.005022,0.001800,0.008977
phi_V500_EHIGH_z1.5_p0.5_s1,3,content_knn_5,0.007415,0.003718,0.011571
phi_V500_EHIGH_z1.5_p0.5_s1,3,last_item_nbhd,0.007787,0.003944,0.012315
phi_V500_EHIGH_z1.5_p0.5_s1,3,pop_scaled_content,0.093660,0.077635,0.110328
phi_V500_EHIGH_z1.5_p0.5_s1,3,co_purchase,0.000892,0.000000,0.002287
phi_V500_EHIGH_z1.5_p0.5_s1,3,lambda_hybrid_0.25,0.101383,0.085821,0.118688
phi_V500_EHIGH_z1.5_p0.5_s1,3,lambda_hybrid_0.5,0.093210,0.077693,0.111286
phi_V500_EHIGH_z1.5_p0.5_s1,3,lambda_hybrid_0.75,0.041707,0.030642,0.054141
phi_V500_EHIGH_z1.5_p0.5_s1,5,pop_global,0.144702,0.126031,0.164729
phi_V500_EHIGH_z1.5_p0.5_s1,5,recency_pop_0.1,0.129358,0.112386,0.149074
phi_V500_EHIGH_z1.5_p0.5_s1,5,recency_pop_0.5,0.130209,0.113260,0.148189
phi_V500_EHIGH_z1.5_p0.5_s1,5,recency_pop_1.0,0.128985,0.113084,0.147101
phi_V500_EHIGH_z1.5_p0.5_s1,5,pop_category,0.135785,0.116566,0.155671
phi_V500_EHIGH_z1.5_p0.5_s1,5,pop_price,0.145421,0.125433,0.164754
phi_V500_EHIGH_z1.5_p0.5_s1,5,content_knn_1,0.003591,0.000666,0.007421
phi_V500_EHIGH_z1.5_p0.5_s1,5,content_knn_3,0.005101,0.001719,0.009127
phi_V500_EHIGH_z1.5_p0.5_s1,5,content_knn_5,0.004046,0.001051,0.007924
phi_V500_EHIGH_z1.5_p0.5_s1,5,last_item_nbhd,0.003573,0.000527,0.007556
phi_V500_EHIGH_z1.5_p0.5_s1,5,pop_scaled_content,0.131203,0.112039,0.148256
phi_V500_EHIGH_z1.5_p0.5_s1,5,co_purchase,0.001871,0.000000,0.004797
phi_V500_EHIGH_z1.5_p0.5_s1,5,lambda_hybrid_0.25,0.146118,0.126520,0.166235
phi_V500_EHIGH_z1.5_p0.5_s1,5,lambda_hybrid_0.5,0.125388,0.107380,0.142092
phi_V500_EHIGH_z1.5_p0.5_s1,5,lambda_hybrid_0.75,0.051916,0.039416,0.065814
phi_V500_EHIGH_z1.5_p0.5_s1,8,pop_global,0.174651,0.150305,0.200053
phi_V500_EHIGH_z1.5_p0.5_s1,8,recency_pop_0.1,0.196582,0.169560,0.222168
phi_V500_EHIGH_z1.5_p0.5_s1,8,recency_pop_0.5,0.176814,0.151916,0.200709
phi_V500_EHIGH_z1.5_p0.5_s1,8,recency_pop_1.0,0.176071,0.153184,0.200912
phi_V500_EHIGH_z1.5_p0.5_s1,8,pop_category,0.185308,0.160643,0.214958
phi_V500_EHIGH_z1.5_p0.5_s1,8,pop_price,0.174263,0.150046,0.199076
phi_V500_EHIGH_z1.5_p0.5_s1,8,content_knn_1,0.004381,0.000743,0.009007
phi_V500_EHIGH_z1.5_p0.5_s1,8,content_knn_3,0.004187,0.000575,0.009219
phi_V500_EHIGH_z1.5_p0.5_s1,8,content_knn_5,0.003638,0.000575,0.007845
phi_V500_EHIGH_z1.5_p0.5_s1,8,last_item_nbhd,0.005124,0.001215,0.010222
phi_V500_EHIGH_z1.5_p0.5_s1,8,pop_scaled_content,0.156907,0.135507,0.180446
phi_V500_EHIGH_z1.5_p0.5_s1,8,co_purchase,0.002423,0.000000,0.006333
phi_V500_EHIGH_z1.5_p0.5_s1,8,lambda_hybrid_0.25,0.177551,0.153019,0.200691
phi_V500_EHIGH_z1.5_p0.5_s1,8,lambda_hybrid_0.5,0.155112,0.132565,0.177919
phi_V500_EHIGH_z1.5_p0.5_s1,8,lambda_hybrid_0.75,0.031215,0.019133,0.043697
phi_V500_EHIGH_z1.5_p0.5_s2,0,pop_global,0.062731,0.049663,0.076165
phi_V500_EHIGH_z1.5_p0.5_s2,0,recency_pop_0.1,0.009550,0.005043,0.014816
phi_V500_EHIGH_z1.5_p0.5_s2,0,recency_pop_0.5,0.011494,0.006546,0.016903
phi_V500_EHIGH_z1.5_p0.5_s2,0,recency_pop_1.0,0.011581,0.006301,0.017587
phi_V500_EHIGH_z1.5_p0.5_s2,0,pop_category,0.075477,0.061062,0.090033
phi_V500_EHIGH_z1.5_p0.5_s2,0,pop_price,0.074760,0.060333,0.090195
phi_V500_EHIGH_z1.5_p0.5_s2,0,lambda_hybrid_0.25,0.062731,0.049177,0.076737
phi_V500_EHIGH_z1.5_p0.5_s2,0,lambda_hybrid_0.5,0.062731,0.049237,0.077548
phi_V500_EHIGH_z1.5_p0.5_s2,0,lambda_hybrid_0.75,0.062731,0.048893,0.077094
phi_V500_EHIGH_z1.5_p0.5_s2,0,active_elic2,0.075477,0.061678,0.089933
phi_V500_EHIGH_z1.5_p0.5_s2,1,pop_global,0.060344,0.048431,0.074019
phi_V500_EHIGH_z1.5_p0.5_s2,1,recency_pop_0.1,0.011630,0.006569,0.017245
phi_V500_EHIGH_z1.5_p0.5_s2,1,recency_pop_0.5,0.019988,0.012576,0.027459
phi_V500_EHIGH_z1.5_p0.5_s2,1,recency_pop_1.0,0.021680,0.014593,0.029135
phi_V500_EHIGH_z1.5_p0.5_s2,1,pop_category,0.061947,0.048338,0.075223
phi_V500_EHIGH_z1.5_p0.5_s2,1,pop_price,0.064979,0.051413,0.078197
phi_V500_EHIGH_z1.5_p0.5_s2,1,content_knn_1,0.012615,0.006995,0.019056
phi_V500_EHIGH_z1.5_p0.5_s2,1,content_knn_3,0.012109,0.006272,0.018566
phi_V500_EHIGH_z1.5_p0.5_s2,1,content_knn_5,0.009214,0.004423,0.014020
phi_V500_EHIGH_z1.5_p0.5_s2,1,last_item_nbhd,0.012302,0.006452,0.018345
phi_V500_EHIGH_z1.5_p0.5_s2,1,pop_scaled_content,0.048090,0.036836,0.059131
phi_V500_EHIGH_z1.5_p0.5_s2,1,co_purchase,0.002748,0.000431,0.005723
phi_V500_EHIGH_z1.5_p0.5_s2,1,lambda_hybrid_0.25,0.060922,0.048854,0.074390
phi_V500_EHIGH_z1.5_p0.5_s2,1,lambda_hybrid_0.5,0.058421,0.046239,0.072127
phi_V500_EHIGH_z1.5_p0.5_s2,1,lambda_hybrid_0.75,0.023044,0.015576,0.032043
phi_V500_EHIGH_z1.5_p0.5_s2,2,pop_global,0.071171,0.057197,0.085543
phi_V500_EHIGH_z1.5_p0.5_s2,2,recency_pop_0.1,0.028380,0.020328,0.037722
phi_V500_EHIGH_z1.5_p0.5_s2,2,recency_pop_0.5,0.048142,0.037370,0.059078
phi_V500_EHIGH_z1.5_p0.5_s2,2,recency_pop_1.0,0.050975,0.040268,0.062070
phi_V500_EHIGH_z1.5_p0.5_s2,2,pop_category,0.074933,0.060390,0.088859
phi_V500_EHIGH_z1.5_p0.5_s2,2,pop_price,0.082149,0.067524,0.096392
phi_V500_EHIGH_z1.5_p0.5_s2,2,content_knn_1,0.006175,0.003136,0.009875
phi_V500_EHIGH_z1.5_p0.5_s2,2,content_knn_3,0.004066,0.001429,0.007497
phi_V500_EHIGH_z1.5_p0.5_s2,2,content_knn_5,0.005859,0.002466,0.010077
phi_V500_EHIGH_z1.5_p0.5_s2,2,last_item_nbhd,0.005871,0.002491,0.009936
phi_V500_EHIGH_z1.5_p0.5_s2,2,pop_scaled_content,0.065209,0.053111,0.078472
phi_V500_EHIGH_z1.5_p0.5_s2,2,co_purchase,0.004661,0.001387,0.008662
phi_V500_EHIGH_z1.5_p0.5_s2,2,lambda_hybrid_0.25,0.081191,0.066908,0.096291
phi_V500_EHIGH_z1.5_p0.5_s2,2,lambda_hybrid_0.5,0.072580,0.060175,0.085026
phi_V500_EHIGH_z1.5_p0.5_s2,2,lambda_hybrid_0.75,0.030431,0.021582,0.039721
phi_V500_EHIGH_z1.5_p0.5_s2,3,pop_global,0.066659,0.053172,0.080588
phi_V500_EHIGH_z1.5_p0.5_s2,3,recency_pop_0.1,0.038741,0.029327,0.047499
phi_V500_EHIGH_z1.5_p0.5_s2,3,recency_pop_0.5,0.059926,0.047250,0.072208
phi_V500_EHIGH_z1.5_p0.5_s2,3,recency_pop_1.0,0.060710,0.048499,0.072576
phi_V500_EHIGH_z1.5_p0.5_s2,3,pop_category,0.065034,0.053587,0.079340
phi_V500_EHIGH_z1.5_p0.5_s2,3,pop_price,0.067576,0.055199,0.080996
phi_V500_EHIGH_z1.5_p0.5_s2,3,content_knn_1,0.006019,0.002278,0.010711
phi_V500_EHIGH_z1.5_p0.5_s2,3,content_knn_3,0.005963,0.002588,0.010406
phi_V500_EHIGH_z1.5_p0.5_s2,3,content_knn_5,0.004221,0.001278,0.007671
phi_V500_EHIGH_z1.5_p0.5_s2,3,last_item_nbhd,0.005062,0.002208,0.008583
phi_V500_EHIGH_z1.5_p0.5_s2,3,pop_scaled_content,0.054566,0.043531,0.066248
phi_V500_EHIGH_z1.5_p0.5_s2,3,co_purchase,0.002418,0.000392,0.005229
phi_V500_EHIGH_z1.5_p0.5_s2,3,lambda_hybrid_0.25,0.067573,0.055232,0.082042
phi_V500_EHIGH_z1.5_p0.5_s2,3,lambda_hybrid_0.5,0.060105,0.048807,0.072693
phi_V500_EHIGH_z1.5_p0.5_s2,3,lambda_hybrid_0.75,0.020242,0.012580,0.027915
phi_V500_EHIGH_z1.5_p0.5_s2,5,pop_global,0.065468,0.052640,0.079025
phi_V500_EHIGH_z1.5_p0.5_s2,5,recency_pop_0.1,0.070907,0.057348,0.085508
phi_V500_EHIGH_z1.5_p0.5_s2,5,recency_pop_0.5,0.073857,0.059171,0.088577
phi_V500_EHIGH_z1.5_p0.5_s2,5,recency_pop_1.0,0.064837,0.051554,0.078282
phi_V500_EHIGH_z1.5_p0.5_s2,5,pop_category,0.051031,0.039703,0.063055
phi_V500_EHIGH_z1.5_p0.5_s2,5,pop_price,0.067756,0.054841,0.081056
phi_V500_EHIGH_z1.5_p0.5_s2,5,content_knn_1,0.005976,0.002410,0.010533
phi_V500_EHIGH_z1.5_p0.5_s2,5,content_knn_3,0.005155,0.001589,0.009782
phi_V500_EHIGH_z1.5_p0.5_s2,5,content_knn_5,0.004652,0.001588,0.009015
phi_V500_EHIGH_z1.5_p0.5_s2,5,last_item_nbhd,0.002980,0.000913,0.005565
phi_V500_EHIGH_z1.5_p0.5_s2,5,pop_scaled_content,0.053633,0.042251,0.065817
phi_V500_EHIGH_z1.5_p0.5_s2,5,co_purchase,0.000669,0.000000,0.002007
phi_V500_EHIGH_z1.5_p0.5_s2,5,lambda_hybrid_0.25,0.064923,0.052152,0.077741
phi_V500_EHIGH_z1.5_p0.5_s2,5,lambda_hybrid_0.5,0.061936,0.048525,0.074655
phi_V500_EHIGH_z1.5_p0.5_s2,5,lambda_hybrid_0.75,0.024773,0.016146,0.033590
phi_V500_EHIGH_z1.5_p0.5_s2,8,pop_global,0.068741,0.053984,0.085029
phi_V500_EHIGH_z1.5_p0.5_s2,8,recency_pop_0.1,0.104766,0.085543,0.123392
phi_V500_EHIGH_z1.5_p0.5_s2,8,recency_pop_0.5,0.089672,0.071929,0.108546
phi_V500_EHIGH_z1.5_p0.5_s2,8,recency_pop_1.0,0.074501,0.058532,0.090488
phi_V500_EHIGH_z1.5_p0.5_s2,8,pop_category,0.042770,0.031480,0.054994
phi_V500_EHIGH_z1.5_p0.5_s2,8,pop_price,0.061546,0.047634,0.079062
phi_V500_EHIGH_z1.5_p0.5_s2,8,content_knn_1,0.005929,0.001502,0.011380
phi_V500_EHIGH_z1.5_p0.5_s2,8,content_knn_3,0.002729,0.000000,0.006445
phi_V500_EHIGH_z1.5_p0.5_s2,8,content_knn_5,0.004728,0.000947,0.010013
phi_V500_EHIGH_z1.5_p0.5_s2,8,last_item_nbhd,0.004537,0.001396,0.008324
phi_V500_EHIGH_z1.5_p0.5_s2,8,pop_scaled_content,0.053828,0.040951,0.067534
phi_V500_EHIGH_z1.5_p0.5_s2,8,co_purchase,0.000647,0.000000,0.001940
phi_V500_EHIGH_z1.5_p0.5_s2,8,lambda_hybrid_0.25,0.065441,0.051001,0.082914
phi_V500_EHIGH_z1.5_p0.5_s2,8,lambda_hybrid_0.5,0.057774,0.044054,0.072649
phi_V500_EHIGH_z1.5_p0.5_s2,8,lambda_hybrid_0.75,0.025576,0.015075,0.036695
phi_V500_EHIGH_z1.5_p0_s0,0,pop_global,0.055518,0.044577,0.066030
phi_V500_EHIGH_z1.5_p0_s0,0,recency_pop_0.1,0.014134,0.008875,0.019790
phi_V500_EHIGH_z1.5_p0_s0,0,recency_pop_0.5,0.026237,0.017808,0.036538
phi_V500_EHIGH_z1.5_p0_s0,0,recency_pop_1.0,0.027082,0.018145,0.036911
phi_V500_EHIGH_z1.5_p0_s0,0,pop_category,0.035828,0.027360,0.045288
phi_V500_EHIGH_z1.5_p0_s0,0,pop_price,0.055518,0.045452,0.065982
phi_V500_EHIGH_z1.5_p0_s0,0,lambda_hybrid_0.25,0.055518,0.045879,0.065965
phi_V500_EHIGH_z1.5_p0_s0,0,lambda_hybrid_0.5,0.055518,0.045776,0.066863
phi_V500_EHIGH_z1.5_p0_s0,0,lambda_hybrid_0.75,0.055518,0.045269,0.066384
phi_V500_EHIGH_z1.5_p0_s0,0,active_elic2,0.035828,0.026640,0.045441
phi_V500_EHIGH_z1.5_p0_s0,1,pop_global,0.050804,0.040768,0.061111
phi_V500_EHIGH_z1.5_p0_s0,1,recency_pop_0.1,0.011032,0.005655,0.017141
phi_V500_EHIGH_z1.5_p0_s0,1,recency_pop_0.5,0.030588,0.021841,0.040347
phi_V500_EHIGH_z1.5_p0_s0,1,recency_pop_1.0,0.036022,0.025908,0.046952
phi_V500_EHIGH_z1.5_p0_s0,1,pop_category,0.037248,0.028361,0.047155
phi_V500_EHIGH_z1.5_p0_s0,1,pop_price,0.050804,0.040660,0.061027
phi_V500_EHIGH_z1.5_p0_s0,1,content_knn_1,0.007639,0.003721,0.012055
phi_V500_EHIGH_z1.5_p0_s0,1,content_knn_3,0.008258,0.003864,0.013234
phi_V500_EHIGH_z1.5_p0_s0,1,content_knn_5,0.007589,0.003510,0.012157
phi_V500_EHIGH_z1.5_p0_s0,1,last_item_nbhd,0.008063,0.004421,0.012211
phi_V500_EHIGH_z1.5_p0_s0,1,pop_scaled_content,0.043781,0.034446,0.053313
phi_V500_EHIGH_z1.5_p0_s0,1,co_purchase,0.004266,0.001630,0.007154
phi_V500_EHIGH_z1.5_p0_s0,1,lambda_hybrid_0.25,0.050756,0.040128,0.060955
phi_V500_EHIGH_z1.5_p0_s0,1,lambda_hybrid_0.5,0.041091,0.031590,0.051290
phi_V500_EHIGH_z1.5_p0_s0,1,lambda_hybrid_0.75,0.018331,0.011368,0.025696
phi_V500_EHIGH_z1.5_p0_s0,2,pop_global,0.061332,0.048823,0.072083
phi_V500_EHIGH_z1.5_p0_s0,2,recency_pop_0.1,0.027253,0.018860,0.035432
phi_V500_EHIGH_z1.5_p0_s0,2,recency_pop_0.5,0.043962,0.033005,0.055193
phi_V500_EHIGH_z1.5_p0_s0,2,recency_pop_1.0,0.049810,0.038228,0.062186
phi_V500_EHIGH_z1.5_p0_s0,2,pop_category,0.049842,0.039468,0.060554
phi_V500_EHIGH_z1.5_p0_s0,2,pop_price,0.061332,0.049835,0.072935
phi_V500_EHIGH_z1.5_p0_s0,2,content_knn_1,0.009228,0.004517,0.015142
phi_V500_EHIGH_z1.5_p0_s0,2,content_knn_3,0.007589,0.003884,0.012354
phi_V500_EHIGH_z1.5_p0_s0,2,content_knn_5,0.007877,0.003992,0.012464
phi_V500_EHIGH_z1.5_p0_s0,2,last_item_nbhd,0.006989,0.003466,0.010853
phi_V500_EHIGH_z1.5_p0_s0,2,pop_scaled_content,0.051080,0.039348,0.062840
phi_V500_EHIGH_z1.5_p0_s0,2,co_purchase,0.002018,0.000000,0.005036
phi_V500_EHIGH_z1.5_p0_s0,2,lambda_hybrid_0.25,0.060540,0.048108,0.071513
phi_V500_EHIGH_z1.5_p0_s0,2,lambda_hybrid_0.5,0.050200,0.038652,0.061358
phi_V500_EHIGH_z1.5_p0_s0,2,lambda_hybrid_0.75,0.025197,0.017180,0.033581
phi_V500_EHIGH_z1.5_p0_s0,3,pop_global,0.080163,0.067404,0.093915
phi_V500_EHIGH_z1.5_p0_s0,3,recency_pop_0.1,0.057127,0.044956,0.069477
phi_V500_EHIGH_z1.5_p0_s0,3,recency_pop_0.5,0.067684,0.054063,0.081045
phi_V500_EHIGH_z1.5_p0_s0,3,recency_pop_1.0,0.071460,0.057212,0.086352
phi_V500_EHIGH_z1.5_p0_s0,3,pop_category,0.071731,0.058971,0.086269
phi_V500_EHIGH_z1.5_p0_s0,3,pop_price,0.080163,0.067418,0.093835
phi_V500_EHIGH_z1.5_p0_s0,3,content_knn_1,0.007180,0.002854,0.012085
phi_V500_EHIGH_z1.5_p0_s0,3,content_knn_3,0.012223,0.006575,0.018816
phi_V500_EHIGH_z1.5_p0_s0,3,content_knn_5,0.011947,0.005466,0.018540
phi_V500_EHIGH_z1.5_p0_s0,3,last_item_nbhd,0.008261,0.004040,0.013521
phi_V500_EHIGH_z1.5_p0_s0,3,pop_scaled_content,0.071403,0.058341,0.084734
phi_V500_EHIGH_z1.5_p0_s0,3,co_purchase,0.001147,0.000000,0.003067
phi_V500_EHIGH_z1.5_p0_s0,3,lambda_hybrid_0.25,0.080163,0.067055,0.093797
phi_V500_EHIGH_z1.5_p0_s0,3,lambda_hybrid_0.5,0.072532,0.060273,0.086874
phi_V500_EHIGH_z1.5_p0_s0,3,lambda_hybrid_0.75,0.044273,0.033748,0.054753
phi_V500_EHIGH_z1.5_p0_s0,5,pop_global,0.134256,0.115197,0.152879
phi_V500_EHIGH_z1.5_p0_s0,5,recency_pop_0.1,0.113305,0.097194,0.130789
phi_V500_EHIGH_z1.5_p0_s0,5,recency_pop_0.5,0.113755,0.094853,0.130973
phi_V500_EHIGH_z1.5_p0_s0,5,recency_pop_1.0,0.115248,0.098303,0.133356
phi_V500_EHIGH_z1.5_p0_s0,5,pop_category,0.129565,0.111701,0.148931
phi_V500_EHIGH_z1.5_p0_s0,5,pop_price,0.133839,0.115071,0.153103
phi_V500_EHIGH_z1.5_p0_s0,5,content_knn_1,0.001976,0.000416,0.004121
phi_V500_EHIGH_z1.5_p0_s0,5,content_knn_3,0.003979,0.001344,0.007174
phi_V500_EHIGH_z1.5_p0_s0,5,content_knn_5,0.005991,0.002493,0.010246
phi_V500_EHIGH_z1.5_p0_s0,5,last_item_nbhd,0.002467,0.000416,0.004780
phi_V500_EHIGH_z1.5_p0_s0,5,pop_scaled_content,0.117753,0.100254,0.135625
phi_V500_EHIGH_z1.5_p0_s0,5,co_purchase,0.001096,0.000000,0.002870
phi_V500_EHIGH_z1.5_p0_s0,5,lambda_hybrid_0.25,0.134134,0.115316,0.153418
phi_V500_EHIGH_z1.5_p0_s0,5,lambda_hybrid_0.5,0.124881,0.106382,0.144522
phi_V500_EHIGH_z1.5_p0_s0,5,lambda_hybrid_0.75,0.078345,0.063734,0.093300
phi_V500_EHIGH_z1.5_p0_s0,8,pop_global,0.181264,0.154553,0.209224
phi_V500_EHIGH_z1.5_p0_s0,8,recency_pop_0.1,0.188056,0.162355,0.214484
phi_V500_EHIGH_z1.5_p0_s0,8,recency_pop_0.5,0.168933,0.143202,0.192095
phi_V500_EHIGH_z1.5_p0_s0,8,recency_pop_1.0,0.170204,0.147238,0.195967
phi_V500_EHIGH_z1.5_p0_s0,8,pop_category,0.180546,0.154429,0.207575
phi_V500_EHIGH_z1.5_p0_s0,8,pop_price,0.177169,0.151414,0.205932
phi_V500_EHIGH_z1.5_p0_s0,8,content_knn_1,0.004947,0.001354,0.008686
phi_V500_EHIGH_z1.5_p0_s0,8,content_knn_3,0.003081,0.000591,0.006383
phi_V500_EHIGH_z1.5_p0_s0,8,content_knn_5,0.002881,0.000591,0.005934
phi_V500_EHIGH_z1.5_p0_s0,8,last_item_nbhd,0.002908,0.000591,0.005843
phi_V500_EHIGH_z1.5_p0_s0,8,pop_scaled_content,0.172878,0.147802,0.197718
phi_V500_EHIGH_z1.5_p0_s0,8,co_purchase,0.001621,0.000000,0.004511
phi_V500_EHIGH_z1.5_p0_s0,8,lambda_hybrid_0.25,0.181250,0.153601,0.208306
phi_V500_EHIGH_z1.5_p0_s0,8,lambda_hybrid_0.5,0.180406,0.155668,0.207807
phi_V500_EHIGH_z1.5_p0_s0,8,lambda_hybrid_0.75,0.114921,0.093302,0.137046
phi_V500_EHIGH_z1.5_p0_s1,0,pop_global,0.065711,0.051659,0.080180
phi_V500_EHIGH_z1.5_p0_s1,0,recency_pop_0.1,0.008133,0.003827,0.013141
phi_V500_EHIGH_z1.5_p0_s1,0,recency_pop_0.5,0.012288,0.006926,0.018241
phi_V500_EHIGH_z1.5_p0_s1,0,recency_pop_1.0,0.014020,0.008250,0.020320
phi_V500_EHIGH_z1.5_p0_s1,0,pop_category,0.052586,0.042763,0.063047
phi_V500_EHIGH_z1.5_p0_s1,0,pop_price,0.064499,0.050320,0.079759
phi_V500_EHIGH_z1.5_p0_s1,0,lambda_hybrid_0.25,0.065711,0.051643,0.080405
phi_V500_EHIGH_z1.5_p0_s1,0,lambda_hybrid_0.5,0.065711,0.052254,0.079583
phi_V500_EHIGH_z1.5_p0_s1,0,lambda_hybrid_0.75,0.065711,0.051381,0.080751
phi_V500_EHIGH_z1.5_p0_s1,0,active_elic2,0.028811,0.021427,0.036014
phi_V500_EHIGH_z1.5_p0_s1,1,pop_global,0.066210,0.053434,0.079776
phi_V500_EHIGH_z1.5_p0_s1,1,recency_pop_0.1,0.031313,0.023602,0.040349
phi_V500_EHIGH_z1.5_p0_s1,1,recency_pop_0.5,0.037087,0.028441,0.046557
phi_V500_EHIGH_z1.5_p0_s1,1,recency_pop_1.0,0.037398,0.028352,0.046834
phi_V500_EHIGH_z1.5_p0_s1,1,pop_category,0.057615,0.046636,0.068911
phi_V500_EHIGH_z1.5_p0_s1,1,pop_price,0.065423,0.052645,0.078487
phi_V500_EHIGH_z1.5_p0_s1,1,content_knn_1,0.006014,0.002679,0.009808
phi_V500_EHIGH_z1.5_p0_s1,1,content_knn_3,0.004453,0.001633,0.007931
phi_V500_EHIGH_z1.5_p0_s1,1,content_knn_5,0.005470,0.002179,0.009067
phi_V500_EHIGH_z1.5_p0_s1,1,last_item_nbhd,0.004584,0.001679,0.008358
phi_V500_EHIGH_z1.5_p0_s1,1,pop_scaled_content,0.057671,0.045376,0.071022
phi_V500_EHIGH_z1.5_p0_s1,1,co_purchase,0.002409,0.000774,0.004518
phi_V500_EHIGH_z1.5_p0_s1,1,lambda_hybrid_0.25,0.064803,0.051429,0.076880
phi_V500_EHIGH_z1.5_p0_s1,1,lambda_hybrid_0.5,0.054025,0.042056,0.066447
phi_V500_EHIGH_z1.5_p0_s1,1,lambda_hybrid_0.75,0.016641,0.009085,0.024325
phi_V500_EHIGH_z1.5_p0_s1,2,pop_global,0.091837,0.076880,0.108169
phi_V500_EHIGH_z1.5_p0_s1,2,recency_pop_0.1,0.044620,0.033848,0.055016
phi_V500_EHIGH_z1.5_p0_s1,2,recency_pop_0.5,0.048260,0.038239,0.058472
phi_V500_EHIGH_z1.5_p0_s1,2,recency_pop_1.0,0.051187,0.040330,0.062142
phi_V500_EHIGH_z1.5_p0_s1,2,pop_category,0.075828,0.063477,0.088320
phi_V500_EHIGH_z1.5_p0_s1,2,pop_price,0.088549,0.073920,0.104395
phi_V500_EHIGH_z1.5_p0_s1,2,content_knn_1,0.004141,0.001404,0.007054
phi_V500_EHIGH_z1.5_p0_s1,2,content_knn_3,0.005485,0.002129,0.009249
phi_V500_EHIGH_z1.5_p0_s1,2,content_knn_5,0.005084,0.002022,0.008650
phi_V500_EHIGH_z1.5_p0_s1,2,last_item_nbhd,0.004758,0.002017,0.008074
phi_V500_EHIGH_z1.5_p0_s1,2,pop_scaled_content,0.086773,0.071088,0.101805
phi_V500_EHIGH_z1.5_p0_s1,2,co_purchase,0.009399,0.005502,0.014066
phi_V500_EHIGH_z1.5_p0_s1,2,lambda_hybrid_0.25,0.090491,0.075883,0.106623
phi_V500_EHIGH_z1.5_p0_s1,2,lambda_hybrid_0.5,0.077380,0.063293,0.092098
phi_V500_EHIGH_z1.5_p0_s1,2,lambda_hybrid_0.75,0.034760,0.024216,0.045140
phi_V500_EHIGH_z1.5_p0_s1,3,pop_global,0.114895,0.097841,0.132662
phi_V500_EHIGH_z1.5_p0_s1,3,recency_pop_0.1,0.070289,0.057612,0.083855
phi_V500_EHIGH_z1.5_p0_s1,3,recency_pop_0.5,0.070854,0.057821,0.085255
phi_V500_EHIGH_z1.5_p0_s1,3,recency_pop_1.0,0.071383,0.057399,0.085187
phi_V500_EHIGH_z1.5_p0_s1,3,pop_category,0.099641,0.084641,0.115552
phi_V500_EHIGH_z1.5_p0_s1,3,pop_price,0.113432,0.097293,0.131172
phi_V500_EHIGH_z1.5_p0_s1,3,content_knn_1,0.008414,0.004217,0.013003
phi_V500_EHIGH_z1.5_p0_s1,3,content_knn_3,0.007761,0.003807,0.012835
phi_V500_EHIGH_z1.5_p0_s1,3,content_knn_5,0.007985,0.004082,0.012921
phi_V500_EHIGH_z1.5_p0_s1,3,last_item_nbhd,0.007849,0.003832,0.012495
phi_V500_EHIGH_z1.5_p0_s1,3,pop_scaled_content,0.101799,0.085889,0.117337
phi_V500_EHIGH_z1.5_p0_s1,3,co_purchase,0.006391,0.002607,0.010680
phi_V500_EHIGH_z1.5_p0_s1,3,lambda_hybrid_0.25,0.113250,0.095998,0.131833
phi_V500_EHIGH_z1.5_p0_s1,3,lambda_hybrid_0.5,0.099225,0.081758,0.115472
phi_V500_EHIGH_z1.5_p0_s1,3,lambda_hybrid_0.75,0.045659,0.034343,0.057528
phi_V500_EHIGH_z1.5_p0_s1,5,pop_global,0.153620,0.134267,0.172271
phi_V500_EHIGH_z1.5_p0_s1,5,recency_pop_0.1,0.141822,0.124203,0.162466
phi_V500_EHIGH_z1.5_p0_s1,5,recency_pop_0.5,0.142178,0.123359,0.162905
phi_V500_EHIGH_z1.5_p0_s1,5,recency_pop_1.0,0.143390,0.124551,0.162819
phi_V500_EHIGH_z1.5_p0_s1,5,pop_category,0.150603,0.130430,0.170011
phi_V500_EHIGH_z1.5_p0_s1,5,pop_price,0.154875,0.135684,0.175326
phi_V500_EHIGH_z1.5_p0_s1,5,content_knn_1,0.006267,0.002518,0.010893
phi_V500_EHIGH_z1.5_p0_s1,5,content_knn_3,0.005601,0.001917,0.010467
phi_V500_EHIGH_z1.5_p0_s1,5,content_knn_5,0.003684,0.000454,0.007547
phi_V500_EHIGH_z1.5_p0_s1,5,last_item_nbhd,0.006208,0.002386,0.011030
phi_V500_EHIGH_z1.5_p0_s1,5,pop_scaled_content,0.138061,0.118556,0.155978
phi_V500_EHIGH_z1.5_p0_s1,5,co_purchase,0.001509,0.000000,0.004073
phi_V500_EHIGH_z1.5_p0_s1,5,lambda_hybrid_0.25,0.155212,0.135376,0.173758
phi_V500_EHIGH_z1.5_p0_s1,5,lambda_hybrid_0.5,0.133410,0.114497,0.152711
phi_V500_EHIGH_z1.5_p0_s1,5,lambda_hybrid_0.75,0.060478,0.046552,0.074725
phi_V500_EHIGH_z1.5_p0_s1,8,pop_global,0.185081,0.158736,0.210016
phi_V500_EHIGH_z1.5_p0_s1,8,recency_pop_0.1,0.211633,0.183722,0.239579
phi_V500_EHIGH_z1.5_p0_s1,8,recency_pop_0.5,0.187908,0.162241,0.213818
phi_V500_EHIGH_z1.5_p0_s1,8,recency_pop_1.0,0.189057,0.163524,0.216962
phi_V500_EHIGH_z1.5_p0_s1,8,pop_category,0.194999,0.167564,0.221222
phi_V500_EHIGH_z1.5_p0_s1,8,pop_price,0.185852,0.160887,0.210783
phi_V500_EHIGH_z1.5_p0_s1,8,content_knn_1,0.004826,0.001280,0.009550
phi_V500_EHIGH_z1.5_p0_s1,8,content_knn_3,0.003806,0.000743,0.007418
phi_V500_EHIGH_z1.5_p0_s1,8,content_knn_5,0.003638,0.000743,0.007083
phi_V500_EHIGH_z1.5_p0_s1,8,last_item_nbhd,0.005775,0.001486,0.011551
phi_V500_EHIGH_z1.5_p0_s1,8,pop_scaled_content,0.157283,0.136721,0.180007
phi_V500_EHIGH_z1.5_p0_s1,8,co_purchase,0.001486,0.000000,0.005944
phi_V500_EHIGH_z1.5_p0_s1,8,lambda_hybrid_0.25,0.187704,0.163107,0.213448
phi_V500_EHIGH_z1.5_p0_s1,8,lambda_hybrid_0.5,0.163101,0.138728,0.187639
phi_V500_EHIGH_z1.5_p0_s1,8,lambda_hybrid_0.75,0.040894,0.028747,0.055007
phi_V500_EHIGH_z1.5_p1_s0,0,pop_global,0.045808,0.036929,0.054822
phi_V500_EHIGH_z1.5_p1_s0,0,recency_pop_0.1,0.007627,0.004135,0.011540
phi_V500_EHIGH_z1.5_p1_s0,0,recency_pop_0.5,0.014492,0.008629,0.021150
phi_V500_EHIGH_z1.5_p1_s0,0,recency_pop_1.0,0.015742,0.009932,0.022206
phi_V500_EHIGH_z1.5_p1_s0,0,pop_category,0.032578,0.024348,0.040872
phi_V500_EHIGH_z1.5_p1_s0,0,pop_price,0.045808,0.037102,0.055172
phi_V500_EHIGH_z1.5_p1_s0,0,lambda_hybrid_0.25,0.045808,0.037417,0.054593
phi_V500_EHIGH_z1.5_p1_s0,0,lambda_hybrid_0.5,0.045808,0.037361,0.054898
phi_V500_EHIGH_z1.5_p1_s0,0,lambda_hybrid_0.75,0.045808,0.037374,0.053971
phi_V500_EHIGH_z1.5_p1_s0,0,active_elic2,0.032578,0.024460,0.040916
phi_V500_EHIGH_z1.5_p1_s0,1,pop_global,0.035698,0.027639,0.044073
phi_V500_EHIGH_z1.5_p1_s0,1,recency_pop_0.1,0.012174,0.007093,0.017224
phi_V500_EHIGH_z1.5_p1_s0,1,recency_pop_0.5,0.023258,0.015782,0.031333
phi_V500_EHIGH_z1.5_p1_s0,1,recency_pop_1.0,0.025911,0.018381,0.034747
phi_V500_EHIGH_z1.5_p1_s0,1,pop_category,0.028300,0.020057,0.036048
phi_V500_EHIGH_z1.5_p1_s0,1,pop_price,0.035698,0.027818,0.043903
phi_V500_EHIGH_z1.5_p1_s0,1,content_knn_1,0.007190,0.003411,0.011734
phi_V500_EHIGH_z1.5_p1_s0,1,content_knn_3,0.006524,0.002762,0.011681
phi_V500_EHIGH_z1.5_p1_s0,1,content_knn_5,0.004897,0.001992,0.008391
phi_V500_EHIGH_z1.5_p1_s0,1,last_item_nbhd,0.007932,0.003940,0.012771
phi_V500_EHIGH_z1.5_p1_s0,1,pop_scaled_content,0.040242,0.030684,0.050890
phi_V500_EHIGH_z1.5_p1_s0,1,co_purchase,0.006889,0.003191,0.011629
phi_V500_EHIGH_z1.5_p1_s0,1,lambda_hybrid_0.25,0.030614,0.023139,0.039333
phi_V500_EHIGH_z1.5_p1_s0,1,lambda_hybrid_0.5,0.033300,0.024165,0.042248
phi_V500_EHIGH_z1.5_p1_s0,1,lambda_hybrid_0.75,0.021603,0.014567,0.029434
phi_V500_EHIGH_z1.5_p1_s0,2,pop_global,0.053468,0.042980,0.063335
phi_V500_EHIGH_z1.5_p1_s0,2,recency_pop_0.1,0.022435,0.014920,0.030383
phi_V500_EHIGH_z1.5_p1_s0,2,recency_pop_0.5,0.042645,0.031985,0.054420
phi_V500_EHIGH_z1.5_p1_s0,2,recency_pop_1.0,0.044835,0.034643,0.055936
phi_V500_EHIGH_z1.5_p1_s0,2,pop_category,0.046705,0.036595,0.056235
phi_V500_EHIGH_z1.5_p1_s0,2,pop_price,0.053468,0.043528,0.064097
phi_V500_EHIGH_z1.5_p1_s0,2,content_knn_1,0.006562,0.002854,0.011493
phi_V500_EHIGH_z1.5_p1_s0,2,content_knn_3,0.010528,0.005621,0.015951
phi_V500_EHIGH_z1.5_p1_s0,2,content_knn_5,0.009853,0.005013,0.015521
phi_V500_EHIGH_z1.5_p1_s0,2,last_item_nbhd,0.008197,0.003815,0.013359
phi_V500_EHIGH_z1.5_p1_s0,2,pop_scaled_content,0.053183,0.042530,0.063907
phi_V500_EHIGH_z1.5_p1_s0,2,co_purchase,0.001887,0.000000,0.004504
phi_V500_EHIGH_z1.5_p1_s0,2,lambda_hybrid_0.25,0.051395,0.040642,0.061897
phi_V500_EHIGH_z1.5_p1_s0,2,lambda_hybrid_0.5,0.049207,0.039676,0.060172
phi_V500_EHIGH_z1.5_p1_s0,2,lambda_hybrid_0.75,0.032234,0.023157,0.042350
phi_V500_EHIGH_z1.5_p1_s0,3,pop_global,0.070518,0.057574,0.083552
phi_V500_EHIGH_z1.5_p1_s0,3,recency_pop_0.1,0.041526,0.031325,0.053108
phi_V500_EHIGH_z1.5_p1_s0,3,recency_pop_0.5,0.057598,0.044178,0.070225
phi_V500_EHIGH_z1.5_p1_s0,3,recency_pop_1.0,0.057613,0.045188,0.071238
phi_V500_EHIGH_z1.5_p1_s0,3,pop_category,0.068970,0.057381,0.081802
phi_V500_EHIGH_z1.5_p1_s0,3,pop_price,0.070518,0.056814,0.084210
phi_V500_EHIGH_z1.5_p1_s0,3,content_knn_1,0.011511,0.006584,0.017060
phi_V500_EHIGH_z1.5_p1_s0,3,content_knn_3,0.007506,0.003412,0.011767
phi_V500_EHIGH_z1.5_p1_s0,3,content_knn_5,0.007450,0.003730,0.012191
phi_V500_EHIGH_z1.5_p1_s0,3,last_item_nbhd,0.005999,0.002465,0.009915
phi_V500_EHIGH_z1.5_p1_s0,3,pop_scaled_content,0.064174,0.052102,0.077287
phi_V500_EHIGH_z1.5_p1_s0,3,co_purchase,0.001014,0.000000,0.003043
phi_V500_EHIGH_z1.5_p1_s0,3,lambda_hybrid_0.25,0.068449,0.055811,0.082224
phi_V500_EHIGH_z1.5_p1_s0,3,lambda_hybrid_0.5,0.071186,0.058573,0.084633
phi_V500_EHIGH_z1.5_p1_s0,3,lambda_hybrid_0.75,0.042146,0.031901,0.054253
phi_V500_EHIGH_z1.5_p1_s0,5,pop_global,0.116235,0.098110,0.133958
phi_V500_EHIGH_z1.5_p1_s0,5,recency_pop_0.1,0.103514,0.087013,0.118777
phi_V500_EHIGH_z1.5_p1_s0,5,recency_pop_0.5,0.100053,0.084436,0.118284
phi_V500_EHIGH_z1.5_p1_s0,5,recency_pop_1.0,0.100454,0.085696,0.117047
phi_V500_EHIGH_z1.5_p1_s0,5,pop_category,0.114183,0.096327,0.132793
phi_V500_EHIGH_z1.5_p1_s0,5,pop_price,0.116235,0.098733,0.133307
phi_V500_EHIGH_z1.5_p1_s0,5,content_knn_1,0.009199,0.004863,0.014154
phi_V500_EHIGH_z1.5_p1_s0,5,content_knn_3,0.010425,0.004653,0.016230
phi_V500_EHIGH_z1.5_p1_s0,5,content_knn_5,0.010651,0.005693,0.016675
phi_V500_EHIGH_z1.5_p1_s0,5,last_item_nbhd,0.012287,0.006608,0.018682
phi_V500_EHIGH_z1.5_p1_s0,5,pop_scaled_content,0.106063,0.089754,0.122857
phi_V500_EHIGH_z1.5_p1_s0,5,co_purchase,0.002757,0.000464,0.005912
phi_V500_EHIGH_z1.5_p1_s0,5,lambda_hybrid_0.25,0.118995,0.101621,0.137005
phi_V500_EHIGH_z1.5_p1_s0,5,lambda_hybrid_0.5,0.115098,0.098313,0.131475
phi_V500_EHIGH_z1.5_p1_s0,5,lambda_hybrid_0.75,0.073726,0.060178,0.089456
phi_V500_EHIGH_z1.5_p1_s0,8,pop_global,0.135191,0.110806,0.157820
phi_V500_EHIGH_z1.5_p1_s0,8,recency_pop_0.1,0.143873,0.119804,0.170073
phi_V500_EHIGH_z1.5_p1_s0,8,recency_pop_0.5,0.135685,0.113460,0.158767
phi_V500_EHIGH_z1.5_p1_s0,8,recency_pop_1.0,0.133663,0.110098,0.158225
phi_V500_EHIGH_z1.5_p1_s0,8,pop_category,0.133713,0.110942,0.157633
phi_V500_EHIGH_z1.5_p1_s0,8,pop_price,0.135191,0.112076,0.157533
phi_V500_EHIGH_z1.5_p1_s0,8,content_knn_1,0.008173,0.002907,0.014326
phi_V500_EHIGH_z1.5_p1_s0,8,content_knn_3,0.005844,0.002495,0.010288
phi_V500_EHIGH_z1.5_p1_s0,8,content_knn_5,0.006819,0.002117,0.012608
phi_V500_EHIGH_z1.5_p1_s0,8,last_item_nbhd,0.007849,0.002584,0.014423
phi_V500_EHIGH_z1.5_p1_s0,8,pop_scaled_content,0.126997,0.106671,0.148600
phi_V500_EHIGH_z1.5_p1_s0,8,co_purchase,0.001315,0.000000,0.003288
phi_V500_EHIGH_z1.5_p1_s0,8,lambda_hybrid_0.25,0.139559,0.115387,0.163819
phi_V500_EHIGH_z1.5_p1_s0,8,lambda_hybrid_0.5,0.138314,0.116267,0.162092
phi_V500_EHIGH_z1.5_p1_s0,8,lambda_hybrid_0.75,0.091818,0.071550,0.110544
phi_V500_EHIGH_z1.5_p1_s1,0,pop_global,0.075765,0.061676,0.091782
phi_V500_EHIGH_z1.5_p1_s1,0,recency_pop_0.1,0.016479,0.010830,0.023258
phi_V500_EHIGH_z1.5_p1_s1,0,recency_pop_0.5,0.016392,0.010591,0.023272
phi_V500_EHIGH_z1.5_p1_s1,0,recency_pop_1.0,0.015543,0.009850,0.021975
phi_V500_EHIGH_z1.5_p1_s1,0,pop_category,0.057574,0.046360,0.068529
phi_V500_EHIGH_z1.5_p1_s1,0,pop_price,0.076459,0.062030,0.092743
phi_V500_EHIGH_z1.5_p1_s1,0,lambda_hybrid_0.25,0.075765,0.061027,0.090329
phi_V500_EHIGH_z1.5_p1_s1,0,lambda_hybrid_0.5,0.075765,0.061436,0.089531
phi_V500_EHIGH_z1.5_p1_s1,0,lambda_hybrid_0.75,0.075765,0.061502,0.091613
phi_V500_EHIGH_z1.5_p1_s1,0,active_elic2,0.034740,0.026420,0.043531
phi_V500_EHIGH_z1.5_p1_s1,1,pop_global,0.080390,0.064267,0.095358
phi_V500_EHIGH_z1.5_p1_s1,1,recency_pop_0.1,0.026814,0.018586,0.034959
phi_V500_EHIGH_z1.5_p1_s1,1,recency_pop_0.5,0.028748,0.020226,0.037236
phi_V500_EHIGH_z1.5_p1_s1,1,recency_pop_1.0,0.028037,0.020365,0.037186
phi_V500_EHIGH_z1.5_p1_s1,1,pop_category,0.064769,0.054027,0.076332
phi_V500_EHIGH_z1.5_p1_s1,1,pop_price,0.079970,0.065944,0.095020
phi_V500_EHIGH_z1.5_p1_s1,1,content_knn_1,0.006941,0.002991,0.011394
phi_V500_EHIGH_z1.5_p1_s1,1,content_knn_3,0.009332,0.004838,0.014766
phi_V500_EHIGH_z1.5_p1_s1,1,content_knn_5,0.008615,0.004026,0.013609
phi_V500_EHIGH_z1.5_p1_s1,1,last_item_nbhd,0.007328,0.003309,0.012473
phi_V500_EHIGH_z1.5_p1_s1,1,pop_scaled_content,0.063361,0.050555,0.077006
phi_V500_EHIGH_z1.5_p1_s1,1,co_purchase,0.005579,0.001948,0.010104
phi_V500_EHIGH_z1.5_p1_s1,1,lambda_hybrid_0.25,0.078287,0.063406,0.093325
phi_V500_EHIGH_z1.5_p1_s1,1,lambda_hybrid_0.5,0.067462,0.053449,0.081653
phi_V500_EHIGH_z1.5_p1_s1,1,lambda_hybrid_0.75,0.022120,0.014810,0.030665
phi_V500_EHIGH_z1.5_p1_s1,2,pop_global,0.091443,0.076782,0.107555
phi_V500_EHIGH_z1.5_p1_s1,2,recency_pop_0.1,0.043966,0.033676,0.054617
phi_V500_EHIGH_z1.5_p1_s1,2,recency_pop_0.5,0.051348,0.039777,0.063217
phi_V500_EHIGH_z1.5_p1_s1,2,recency_pop_1.0,0.055358,0.044804,0.066041
phi_V500_EHIGH_z1.5_p1_s1,2,pop_category,0.076142,0.063503,0.088598
phi_V500_EHIGH_z1.5_p1_s1,2,pop_price,0.091505,0.076728,0.108041
phi_V500_EHIGH_z1.5_p1_s1,2,content_knn_1,0.004948,0.001631,0.009328
phi_V500_EHIGH_z1.5_p1_s1,2,content_knn_3,0.010615,0.005393,0.016710
phi_V500_EHIGH_z1.5_p1_s1,2,content_knn_5,0.007732,0.004091,0.011999
phi_V500_EHIGH_z1.5_p1_s1,2,last_item_nbhd,0.008127,0.004317,0.012933
phi_V500_EHIGH_z1.5_p1_s1,2,pop_scaled_content,0.089030,0.074633,0.105826
phi_V500_EHIGH_z1.5_p1_s1,2,co_purchase,0.005079,0.001904,0.009028
phi_V500_EHIGH_z1.5_p1_s1,2,lambda_hybrid_0.25,0.092410,0.076545,0.109599
phi_V500_EHIGH_z1.5_p1_s1,2,lambda_hybrid_0.5,0.082036,0.067552,0.098361
phi_V500_EHIGH_z1.5_p1_s1,2,lambda_hybrid_0.75,0.031922,0.022065,0.042010
phi_V500_EHIGH_z1.5_p1_s1,3,pop_global,0.086610,0.071458,0.102529
phi_V500_EHIGH_z1.5_p1_s1,3,recency_pop_0.1,0.053100,0.041803,0.064989
phi_V500_EHIGH_z1.5_p1_s1,3,recency_pop_0.5,0.057644,0.046912,0.070025
phi_V500_EHIGH_z1.5_p1_s1,3,recency_pop_1.0,0.057299,0.044903,0.069659
phi_V500_EHIGH_z1.5_p1_s1,3,pop_category,0.077099,0.064225,0.089934
phi_V500_EHIGH_z1.5_p1_s1,3,pop_price,0.085351,0.070863,0.101311
phi_V500_EHIGH_z1.5_p1_s1,3,content_knn_1,0.005499,0.002287,0.009410
phi_V500_EHIGH_z1.5_p1_s1,3,content_knn_3,0.003557,0.000778,0.006707
phi_V500_EHIGH_z1.5_p1_s1,3,content_knn_5,0.003972,0.000936,0.007813
phi_V500_EHIGH_z1.5_p1_s1,3,last_item_nbhd,0.006484,0.003196,0.010295
phi_V500_EHIGH_z1.5_p1_s1,3,pop_scaled_content,0.080951,0.065596,0.095670
phi_V500_EHIGH_z1.5_p1_s1,3,co_purchase,0.002074,0.000000,0.004721
phi_V500_EHIGH_z1.5_p1_s1,3,lambda_hybrid_0.25,0.086606,0.071530,0.102396
phi_V500_EHIGH_z1.5_p1_s1,3,lambda_hybrid_0.5,0.076705,0.063264,0.092395
phi_V500_EHIGH_z1.5_p1_s1,3,lambda_hybrid_0.75,0.032275,0.023530,0.042199
phi_V500_EHIGH_z1.5_p1_s1,5,pop_global,0.116032,0.099313,0.131829
phi_V500_EHIGH_z1.5_p1_s1,5,recency_pop_0.1,0.107214,0.092072,0.125787
phi_V500_EHIGH_z1.5_p1_s1,5,recency_pop_0.5,0.103689,0.087621,0.120249
phi_V500_EHIGH_z1.5_p1_s1,5,recency_pop_1.0,0.104051,0.088558,0.120025
phi_V500_EHIGH_z1.5_p1_s1,5,pop_category,0.117083,0.099129,0.135369
phi_V500_EHIGH_z1.5_p1_s1,5,pop_price,0.116096,0.099400,0.133228
phi_V500_EHIGH_z1.5_p1_s1,5,content_knn_1,0.012853,0.007421,0.019734
phi_V500_EHIGH_z1.5_p1_s1,5,content_knn_3,0.011986,0.006417,0.019139
phi_V500_EHIGH_z1.5_p1_s1,5,content_knn_5,0.011252,0.005956,0.017876
phi_V500_EHIGH_z1.5_p1_s1,5,last_item_nbhd,0.011417,0.006182,0.018365
phi_V500_EHIGH_z1.5_p1_s1,5,pop_scaled_content,0.111097,0.095118,0.128592
phi_V500_EHIGH_z1.5_p1_s1,5,co_purchase,0.006216,0.002110,0.011490
phi_V500_EHIGH_z1.5_p1_s1,5,lambda_hybrid_0.25,0.116863,0.100025,0.135100
phi_V500_EHIGH_z1.5_p1_s1,5,lambda_hybrid_0.5,0.100877,0.085338,0.116938
phi_V500_EHIGH_z1.5_p1_s1,5,lambda_hybrid_0.75,0.052533,0.040294,0.065332
phi_V500_EHIGH_z1.5_p1_s1,8,pop_global,0.154823,0.130069,0.179819
phi_V500_EHIGH_z1.5_p1_s1,8,recency_pop_0.1,0.169850,0.145037,0.194760
phi_V500_EHIGH_z1.5_p1_s1,8,recency_pop_0.5,0.153673,0.131205,0.177147
phi_V500_EHIGH_z1.5_p1_s1,8,recency_pop_1.0,0.153673,0.130100,0.176843
phi_V500_EHIGH_z1.5_p1_s1,8,pop_category,0.167986,0.142228,0.195593
phi_V500_EHIGH_z1.5_p1_s1,8,pop_price,0.153034,0.129281,0.177031
phi_V500_EHIGH_z1.5_p1_s1,8,content_knn_1,0.005893,0.001853,0.010529
phi_V500_EHIGH_z1.5_p1_s1,8,content_knn_3,0.003470,0.000640,0.006740
phi_V500_EHIGH_z1.5_p1_s1,8,content_knn_5,0.004549,0.001486,0.008356
phi_V500_EHIGH_z1.5_p1_s1,8,last_item_nbhd,0.005253,0.001150,0.009906
phi_V500_EHIGH_z1.5_p1_s1,8,pop_scaled_content,0.126325,0.105087,0.147165
phi_V500_EHIGH_z1.5_p1_s1,8,co_purchase,0.002152,0.000000,0.004901
phi_V500_EHIGH_z1.5_p1_s1,8,lambda_hybrid_0.25,0.151825,0.128164,0.174921
phi_V500_EHIGH_z1.5_p1_s1,8,lambda_hybrid_0.5,0.117991,0.098900,0.139917
phi_V500_EHIGH_z1.5_p1_s1,8,lambda_hybrid_0.75,0.043045,0.029475,0.058797
phi_V500_ELOW_z0.5_p0.25_s0,0,pop_global,0.683311,0.660943,0.706958
phi_V500_ELOW_z0.5_p0.25_s0,0,recency_pop_0.1,0.069633,0.055062,0.083663
phi_V500_ELOW_z0.5_p0.25_s0,0,recency_pop_0.5,0.226634,0.206414,0.247535
phi_V500_ELOW_z0.5_p0.25_s0,0,recency_pop_1.0,0.244323,0.222226,0.266182
phi_V500_ELOW_z0.5_p0.25_s0,0,pop_category,0.683311,0.661511,0.706633
phi_V500_ELOW_z0.5_p0.25_s0,0,pop_price,0.662529,0.638337,0.686373
phi_V500_ELOW_z0.5_p0.25_s0,0,lambda_hybrid_0.25,0.683311,0.659680,0.707583
phi_V500_ELOW_z0.5_p0.25_s0,0,lambda_hybrid_0.5,0.683311,0.661214,0.706063
phi_V500_ELOW_z0.5_p0.25_s0,0,lambda_hybrid_0.75,0.683311,0.659309,0.704037
phi_V500_ELOW_z0.5_p0.25_s0,0,active_elic2,0.669215,0.646056,0.692360
phi_V500_ELOW_z0.5_p0.25_s0,1,pop_global,0.334890,0.309937,0.360696
phi_V500_ELOW_z0.5_p0.25_s0,1,recency_pop_0.1,0.121519,0.105336,0.139417
phi_V500_ELOW_z0.5_p0.25_s0,1,recency_pop_0.5,0.230271,0.206082,0.255760
phi_V500_ELOW_z0.5_p0.25_s0,1,recency_pop_1.0,0.235438,0.210634,0.261069
phi_V500_ELOW_z0.5_p0.25_s0,1,pop_category,0.337597,0.310975,0.360886
phi_V500_ELOW_z0.5_p0.25_s0,1,pop_price,0.328101,0.304475,0.352710
phi_V500_ELOW_z0.5_p0.25_s0,1,content_knn_1,0.008076,0.004592,0.012238
phi_V500_ELOW_z0.5_p0.25_s0,1,content_knn_3,0.008733,0.004806,0.012708
phi_V500_ELOW_z0.5_p0.25_s0,1,content_knn_5,0.009164,0.005105,0.013293
phi_V500_ELOW_z0.5_p0.25_s0,1,last_item_nbhd,0.008463,0.004706,0.012332
phi_V500_ELOW_z0.5_p0.25_s0,1,pop_scaled_content,0.285429,0.263001,0.307869
phi_V500_ELOW_z0.5_p0.25_s0,1,co_purchase,0.017704,0.011406,0.024314
phi_V500_ELOW_z0.5_p0.25_s0,1,lambda_hybrid_0.25,0.293666,0.268678,0.317442
phi_V500_ELOW_z0.5_p0.25_s0,1,lambda_hybrid_0.5,0.202719,0.180527,0.228223
phi_V500_ELOW_z0.5_p0.25_s0,1,lambda_hybrid_0.75,0.070631,0.055631,0.087000
phi_V500_ELOW_z0.5_p0.25_s0,2,pop_global,0.256831,0.233654,0.279557
phi_V500_ELOW_z0.5_p0.25_s0,2,recency_pop_0.1,0.142220,0.123240,0.162693
phi_V500_ELOW_z0.5_p0.25_s0,2,recency_pop_0.5,0.168095,0.148084,0.190573
phi_V500_ELOW_z0.5_p0.25_s0,2,recency_pop_1.0,0.168095,0.145621,0.191271
phi_V500_ELOW_z0.5_p0.25_s0,2,pop_category,0.257904,0.235501,0.281897
phi_V500_ELOW_z0.5_p0.25_s0,2,pop_price,0.250176,0.225655,0.273060
phi_V500_ELOW_z0.5_p0.25_s0,2,content_knn_1,0.002565,0.000774,0.004889
phi_V500_ELOW_z0.5_p0.25_s0,2,content_knn_3,0.004646,0.001723,0.008370
phi_V500_ELOW_z0.5_p0.25_s0,2,content_knn_5,0.005646,0.002584,0.009200
phi_V500_ELOW_z0.5_p0.25_s0,2,last_item_nbhd,0.002178,0.000387,0.004357
phi_V500_ELOW_z0.5_p0.25_s0,2,pop_scaled_content,0.240045,0.217115,0.262561
phi_V500_ELOW_z0.5_p0.25_s0,2,co_purchase,0.004197,0.001678,0.007876
phi_V500_ELOW_z0.5_p0.25_s0,2,lambda_hybrid_0.25,0.221514,0.198190,0.243667
phi_V500_ELOW_z0.5_p0.25_s0,2,lambda_hybrid_0.5,0.172408,0.151297,0.195620
phi_V500_ELOW_z0.5_p0.25_s0,2,lambda_hybrid_0.75,0.085351,0.068940,0.101566
phi_V500_ELOW_z0.5_p0.25_s0,3,pop_global,0.216494,0.196255,0.238440
phi_V500_ELOW_z0.5_p0.25_s0,3,recency_pop_0.1,0.098057,0.081345,0.115676
phi_V500_ELOW_z0.5_p0.25_s0,3,recency_pop_0.5,0.108359,0.091519,0.126258
phi_V500_ELOW_z0.5_p0.25_s0,3,recency_pop_1.0,0.111945,0.093320,0.130105
phi_V500_ELOW_z0.5_p0.25_s0,3,pop_category,0.218145,0.193560,0.241854
phi_V500_ELOW_z0.5_p0.25_s0,3,pop_price,0.213322,0.190529,0.235893
phi_V500_ELOW_z0.5_p0.25_s0,3,content_knn_1,0.009228,0.005696,0.013084
phi_V500_ELOW_z0.5_p0.25_s0,3,content_knn_3,0.008413,0.004716,0.012316
phi_V500_ELOW_z0.5_p0.25_s0,3,content_knn_5,0.008894,0.005197,0.013130
phi_V500_ELOW_z0.5_p0.25_s0,3,last_item_nbhd,0.007936,0.004797,0.011512
phi_V500_ELOW_z0.5_p0.25_s0,3,pop_scaled_content,0.214524,0.192662,0.236758
phi_V500_ELOW_z0.5_p0.25_s0,3,co_purchase,0.005437,0.001451,0.010142
phi_V500_ELOW_z0.5_p0.25_s0,3,lambda_hybrid_0.25,0.189100,0.166339,0.211946
phi_V500_ELOW_z0.5_p0.25_s0,3,lambda_hybrid_0.5,0.132032,0.113643,0.152468
phi_V500_ELOW_z0.5_p0.25_s0,3,lambda_hybrid_0.75,0.056970,0.043302,0.071456
phi_V500_ELOW_z0.5_p0.25_s0,5,pop_global,0.202795,0.179962,0.225984
phi_V500_ELOW_z0.5_p0.25_s0,5,recency_pop_0.1,0.123600,0.105145,0.143128
phi_V500_ELOW_z0.5_p0.25_s0,5,recency_pop_0.5,0.127211,0.106884,0.147868
phi_V500_ELOW_z0.5_p0.25_s0,5,recency_pop_1.0,0.127115,0.106311,0.146171
phi_V500_ELOW_z0.5_p0.25_s0,5,pop_category,0.205117,0.181229,0.229846
phi_V500_ELOW_z0.5_p0.25_s0,5,pop_price,0.205909,0.181158,0.229408
phi_V500_ELOW_z0.5_p0.25_s0,5,content_knn_1,0.010088,0.006246,0.014301
phi_V500_ELOW_z0.5_p0.25_s0,5,content_knn_3,0.012355,0.007966,0.017161
phi_V500_ELOW_z0.5_p0.25_s0,5,content_knn_5,0.014009,0.009130,0.019324
phi_V500_ELOW_z0.5_p0.25_s0,5,last_item_nbhd,0.009008,0.005260,0.013018
phi_V500_ELOW_z0.5_p0.25_s0,5,pop_scaled_content,0.206550,0.183942,0.230775
phi_V500_ELOW_z0.5_p0.25_s0,5,co_purchase,0.004498,0.001344,0.008560
phi_V500_ELOW_z0.5_p0.25_s0,5,lambda_hybrid_0.25,0.177163,0.153771,0.202796
phi_V500_ELOW_z0.5_p0.25_s0,5,lambda_hybrid_0.5,0.115171,0.095513,0.134566
phi_V500_ELOW_z0.5_p0.25_s0,5,lambda_hybrid_0.75,0.063009,0.047106,0.078608
phi_V500_ELOW_z0.5_p0.25_s0,8,pop_global,0.154050,0.129182,0.180251
phi_V500_ELOW_z0.5_p0.25_s0,8,recency_pop_0.1,0.122850,0.101026,0.147904
phi_V500_ELOW_z0.5_p0.25_s0,8,recency_pop_0.5,0.123767,0.100500,0.148631
phi_V500_ELOW_z0.5_p0.25_s0,8,recency_pop_1.0,0.122431,0.098778,0.150051
phi_V500_ELOW_z0.5_p0.25_s0,8,pop_category,0.155292,0.129710,0.180165
phi_V500_ELOW_z0.5_p0.25_s0,8,pop_price,0.157504,0.129841,0.184971
phi_V500_ELOW_z0.5_p0.25_s0,8,content_knn_1,0.004134,0.001181,0.007678
phi_V500_ELOW_z0.5_p0.25_s0,8,content_knn_3,0.004536,0.001315,0.007890
phi_V500_ELOW_z0.5_p0.25_s0,8,content_knn_5,0.004536,0.001315,0.008481
phi_V500_ELOW_z0.5_p0.25_s0,8,last_item_nbhd,0.004134,0.001181,0.007087
phi_V500_ELOW_z0.5_p0.25_s0,8,pop_scaled_content,0.152870,0.126576,0.177976
phi_V500_ELOW_z0.5_p0.25_s0,8,co_purchase,0.001248,0.000000,0.003154
phi_V500_ELOW_z0.5_p0.25_s0,8,lambda_hybrid_0.25,0.139922,0.114930,0.165881
phi_V500_ELOW_z0.5_p0.25_s0,8,lambda_hybrid_0.5,0.061141,0.043929,0.079986
phi_V500_ELOW_z0.5_p0.25_s0,8,lambda_hybrid_0.75,0.024455,0.013421,0.037632
phi_V500_ELOW_z0.5_p0.25_s1,0,pop_global,0.751789,0.731206,0.772618
phi_V500_ELOW_z0.5_p0.25_s1,0,recency_pop_0.1,0.108652,0.091481,0.126159
phi_V500_ELOW_z0.5_p0.25_s1,0,recency_pop_0.5,0.199672,0.177035,0.223270
phi_V500_ELOW_z0.5_p0.25_s1,0,recency_pop_1.0,0.199472,0.174950,0.223592
phi_V500_ELOW_z0.5_p0.25_s1,0,pop_category,0.730054,0.709348,0.751383
phi_V500_ELOW_z0.5_p0.25_s1,0,pop_price,0.741567,0.720129,0.761989
phi_V500_ELOW_z0.5_p0.25_s1,0,lambda_hybrid_0.25,0.751789,0.731428,0.770919
phi_V500_ELOW_z0.5_p0.25_s1,0,lambda_hybrid_0.5,0.751789,0.731300,0.770861
phi_V500_ELOW_z0.5_p0.25_s1,0,lambda_hybrid_0.75,0.751789,0.729552,0.773338
phi_V500_ELOW_z0.5_p0.25_s1,0,active_elic2,0.628810,0.600688,0.656943
phi_V500_ELOW_z0.5_p0.25_s1,1,pop_global,0.387199,0.360395,0.414144
phi_V500_ELOW_z0.5_p0.25_s1,1,recency_pop_0.1,0.139963,0.119683,0.161043
phi_V500_ELOW_z0.5_p0.25_s1,1,recency_pop_0.5,0.173884,0.152879,0.196346
phi_V500_ELOW_z0.5_p0.25_s1,1,recency_pop_1.0,0.176210,0.154643,0.198044
phi_V500_ELOW_z0.5_p0.25_s1,1,pop_category,0.365996,0.336406,0.392268
phi_V500_ELOW_z0.5_p0.25_s1,1,pop_price,0.377359,0.350168,0.407512
phi_V500_ELOW_z0.5_p0.25_s1,1,content_knn_1,0.001631,0.000000,0.003762
phi_V500_ELOW_z0.5_p0.25_s1,1,content_knn_3,0.001000,0.000000,0.002500
phi_V500_ELOW_z0.5_p0.25_s1,1,content_knn_5,0.000774,0.000000,0.001934
phi_V500_ELOW_z0.5_p0.25_s1,1,last_item_nbhd,0.001000,0.000000,0.002500
phi_V500_ELOW_z0.5_p0.25_s1,1,pop_scaled_content,0.369807,0.342225,0.399940
phi_V500_ELOW_z0.5_p0.25_s1,1,co_purchase,0.020604,0.013033,0.029123
phi_V500_ELOW_z0.5_p0.25_s1,1,lambda_hybrid_0.25,0.331695,0.305119,0.361322
phi_V500_ELOW_z0.5_p0.25_s1,1,lambda_hybrid_0.5,0.234941,0.208055,0.261265
phi_V500_ELOW_z0.5_p0.25_s1,1,lambda_hybrid_0.75,0.030990,0.021453,0.041011
phi_V500_ELOW_z0.5_p0.25_s1,2,pop_global,0.209430,0.187391,0.234147
phi_V500_ELOW_z0.5_p0.25_s1,2,recency_pop_0.1,0.093985,0.077773,0.110934
phi_V500_ELOW_z0.5_p0.25_s1,2,recency_pop_0.5,0.158224,0.139053,0.180446
phi_V500_ELOW_z0.5_p0.25_s1,2,recency_pop_1.0,0.161303,0.139612,0.181780
phi_V500_ELOW_z0.5_p0.25_s1,2,pop_category,0.202780,0.180104,0.225186
phi_V500_ELOW_z0.5_p0.25_s1,2,pop_price,0.198417,0.175821,0.221895
phi_V500_ELOW_z0.5_p0.25_s1,2,content_knn_1,0.000000,0.000000,0.000000
phi_V500_ELOW_z0.5_p0.25_s1,2,content_knn_3,0.000000,0.000000,0.000000
phi_V500_ELOW_z0.5_p0.25_s1,2,content_knn_5,0.000000,0.000000,0.000000
phi_V500_ELOW_z0.5_p0.25_s1,2,last_item_nbhd,0.000431,0.000000,0.001292
phi_V500_ELOW_z0.5_p0.25_s1,2,pop_scaled_content,0.189678,0.168082,0.212049
phi_V500_ELOW_z0.5_p0.25_s1,2,co_purchase,0.005887,0.001997,0.010387
phi_V500_ELOW_z0.5_p0.25_s1,2,lambda_hybrid_0.25,0.140296,0.119010,0.162488
phi_V500_ELOW_z0.5_p0.25_s1,2,lambda_hybrid_0.5,0.101931,0.083427,0.120932
phi_V500_ELOW_z0.5_p0.25_s1,2,lambda_hybrid_0.75,0.015784,0.009223,0.023153
phi_V500_ELOW_z0.5_p0.25_s1,3,pop_global,0.152057,0.129042,0.171161
phi_V500_ELOW_z0.5_p0.25_s1,3,recency_pop_0.1,0.102434,0.085710,0.118808
phi_V500_ELOW_z0.5_p0.25_s1,3,recency_pop_0.5,0.132887,0.112871,0.152507
phi_V500_ELOW_z0.5_p0.25_s1,3,recency_pop_1.0,0.134743,0.114563,0.155478
phi_V500_ELOW_z0.5_p0.25_s1,3,pop_category,0.144569,0.124500,0.163110
phi_V500_ELOW_z0.5_p0.25_s1,3,pop_price,0.145745,0.126251,0.167554
phi_V500_ELOW_z0.5_p0.25_s1,3,content_knn_1,0.000000,0.000000,0.000000
phi_V500_ELOW_z0.5_p0.25_s1,3,content_knn_3,0.000000,0.000000,0.000000
phi_V500_ELOW_z0.5_p0.25_s1,3,content_knn_5,0.001904,0.000000,0.004443
phi_V500_ELOW_z0.5_p0.25_s1,3,last_item_nbhd,0.001300,0.000000,0.003033
phi_V500_ELOW_z0.5_p0.25_s1,3,pop_scaled_content,0.144949,0.124575,0.165424
phi_V500_ELOW_z0.5_p0.25_s1,3,co_purchase,0.011562,0.005463,0.018867
phi_V500_ELOW_z0.5_p0.25_s1,3,lambda_hybrid_0.25,0.104256,0.085510,0.123742
phi_V500_ELOW_z0.5_p0.25_s1,3,lambda_hybrid_0.5,0.060362,0.045272,0.076459
phi_V500_ELOW_z0.5_p0.25_s1,3,lambda_hybrid_0.75,0.011976,0.005694,0.018165
phi_V500_ELOW_z0.5_p0.25_s1,5,pop_global,0.067990,0.053750,0.081794
phi_V500_ELOW_z0.5_p0.25_s1,5,recency_pop_0.1,0.054484,0.040606,0.068058
phi_V500_ELOW_z0.5_p0.25_s1,5,recency_pop_0.5,0.061014,0.047320,0.074559
phi_V500_ELOW_z0.5_p0.25_s1,5,recency_pop_1.0,0.061014,0.047784,0.074022
phi_V500_ELOW_z0.5_p0.25_s1,5,pop_category,0.064365,0.050544,0.078654
phi_V500_ELOW_z0.5_p0.25_s1,5,pop_price,0.063149,0.051042,0.077018
phi_V500_ELOW_z0.5_p0.25_s1,5,content_knn_1,0.000454,0.000000,0.001363
phi_V500_ELOW_z0.5_p0.25_s1,5,content_knn_3,0.000000,0.000000,0.000000
phi_V500_ELOW_z0.5_p0.25_s1,5,content_knn_5,0.000454,0.000000,0.001363
phi_V500_ELOW_z0.5_p0.25_s1,5,last_item_nbhd,0.001120,0.000000,0.003328
phi_V500_ELOW_z0.5_p0.25_s1,5,pop_scaled_content,0.061893,0.048250,0.075864
phi_V500_ELOW_z0.5_p0.25_s1,5,co_purchase,0.007403,0.002518,0.012705
phi_V500_ELOW_z0.5_p0.25_s1,5,lambda_hybrid_0.25,0.029027,0.019123,0.039723
phi_V500_ELOW_z0.5_p0.25_s1,5,lambda_hybrid_0.5,0.014695,0.008283,0.023661
phi_V500_ELOW_z0.5_p0.25_s1,5,lambda_hybrid_0.75,0.004573,0.001389,0.008574
phi_V500_ELOW_z0.5_p0.25_s1,8,pop_global,0.061830,0.046024,0.078917
phi_V500_ELOW_z0.5_p0.25_s1,8,recency_pop_0.1,0.053755,0.039571,0.069996
phi_V500_ELOW_z0.5_p0.25_s1,8,recency_pop_0.5,0.054748,0.040266,0.070221
phi_V500_ELOW_z0.5_p0.25_s1,8,recency_pop_1.0,0.054748,0.039655,0.071053
phi_V500_ELOW_z0.5_p0.25_s1,8,pop_category,0.054398,0.040616,0.068961
phi_V500_ELOW_z0.5_p0.25_s1,8,pop_price,0.052990,0.038968,0.068332
phi_V500_ELOW_z0.5_p0.25_s1,8,content_knn_1,0.000000,0.000000,0.000000
phi_V500_ELOW_z0.5_p0.25_s1,8,content_knn_3,0.000000,0.000000,0.000000
phi_V500_ELOW_z0.5_p0.25_s1,8,content_knn_5,0.000000,0.000000,0.000000
phi_V500_ELOW_z0.5_p0.25_s1,8,last_item_nbhd,0.000000,0.000000,0.000000
phi_V500_ELOW_z0.5_p0.25_s1,8,pop_scaled_content,0.048202,0.035371,0.063433
phi_V500_ELOW_z0.5_p0.25_s1,8,co_purchase,0.006350,0.001486,0.012030
phi_V500_ELOW_z0.5_p0.25_s1,8,lambda_hybrid_0.25,0.013373,0.004458,0.023774
phi_V500_ELOW_z0.5_p0.25_s1,8,lambda_hybrid_0.5,0.002972,0.000000,0.007429
phi_V500_ELOW_z0.5_p0.25_s1,8,lambda_hybrid_0.75,0.000000,0.000000,0.000000
phi_V500_ELOW_z0.5_p0.5_s0,0,pop_global,0.685814,0.662639,0.709189
phi_V500_ELOW_z0.5_p0.5_s0,0,recency_pop_0.1,0.073178,0.058455,0.086918
phi_V500_ELOW_z0.5_p0.5_s0,0,recency_pop_0.5,0.222538,0.202925,0.241657
phi_V500_ELOW_z0.5_p0.5_s0,0,recency_pop_1.0,0.229628,0.209466,0.250457
phi_V500_ELOW_z0.5_p0.5_s0,0,pop_category,0.685814,0.663490,0.708177
phi_V500_ELOW_z0.5_p0.5_s0,0,pop_price,0.659996,0.637190,0.686237
phi_V500_ELOW_z0.5_p0.5_s0,0,lambda_hybrid_0.25,0.685814,0.663033,0.708627
phi_V500_ELOW_z0.5_p0.5_s0,0,lambda_hybrid_0.5,0.685814,0.662367,0.708215
phi_V500_ELOW_z0.5_p0.5_s0,0,lambda_hybrid_0.75,0.685814,0.662961,0.706875
phi_V500_ELOW_z0.5_p0.5_s0,0,active_elic2,0.675993,0.652110,0.698699
phi_V500_ELOW_z0.5_p0.5_s0,1,pop_global,0.315412,0.291115,0.341359
phi_V500_ELOW_z0.5_p0.5_s0,1,recency_pop_0.1,0.104983,0.089402,0.121158
phi_V500_ELOW_z0.5_p0.5_s0,1,recency_pop_0.5,0.210916,0.186389,0.234832
phi_V500_ELOW_z0.5_p0.5_s0,1,recency_pop_1.0,0.214606,0.191057,0.238632
phi_V500_ELOW_z0.5_p0.5_s0,1,pop_category,0.315412,0.289778,0.339659
phi_V500_ELOW_z0.5_p0.5_s0,1,pop_price,0.305371,0.281821,0.329779
phi_V500_ELOW_z0.5_p0.5_s0,1,content_knn_1,0.006190,0.003482,0.009284
phi_V500_ELOW_z0.5_p0.5_s0,1,content_knn_3,0.006716,0.003444,0.010074
phi_V500_ELOW_z0.5_p0.5_s0,1,content_knn_5,0.007146,0.003788,0.010548
phi_V500_ELOW_z0.5_p0.5_s0,1,last_item_nbhd,0.006576,0.003482,0.010058
phi_V500_ELOW_z0.5_p0.5_s0,1,pop_scaled_content,0.277129,0.255089,0.298299
phi_V500_ELOW_z0.5_p0.5_s0,1,co_purchase,0.017280,0.010814,0.024733
phi_V500_ELOW_z0.5_p0.5_s0,1,lambda_hybrid_0.25,0.271028,0.247386,0.294767
phi_V500_ELOW_z0.5_p0.5_s0,1,lambda_hybrid_0.5,0.189283,0.167008,0.213773
phi_V500_ELOW_z0.5_p0.5_s0,1,lambda_hybrid_0.75,0.069631,0.053631,0.085895
phi_V500_ELOW_z0.5_p0.5_s0,2,pop_global,0.244782,0.223029,0.265321
phi_V500_ELOW_z0.5_p0.5_s0,2,recency_pop_0.1,0.127949,0.109506,0.147155
phi_V500_ELOW_z0.5_p0.5_s0,2,recency_pop_0.5,0.152408,0.132464,0.172498
phi_V500_ELOW_z0.5_p0.5_s0,2,recency_pop_1.0,0.152408,0.132941,0.175047
phi_V500_ELOW_z0.5_p0.5_s0,2,pop_category,0.244782,0.222399,0.268313
phi_V500_ELOW_z0.5_p0.5_s0,2,pop_price,0.235435,0.211885,0.259214
phi_V500_ELOW_z0.5_p0.5_s0,2,content_knn_1,0.004095,0.001547,0.007259
phi_V500_ELOW_z0.5_p0.5_s0,2,content_knn_3,0.006080,0.002883,0.009650
phi_V500_ELOW_z0.5_p0.5_s0,2,content_knn_5,0.005825,0.003040,0.009135
phi_V500_ELOW_z0.5_p0.5_s0,2,last_item_nbhd,0.004095,0.001547,0.007255
phi_V500_ELOW_z0.5_p0.5_s0,2,pop_scaled_content,0.229551,0.210558,0.250418
phi_V500_ELOW_z0.5_p0.5_s0,2,co_purchase,0.007379,0.003017,0.012620
phi_V500_ELOW_z0.5_p0.5_s0,2,lambda_hybrid_0.25,0.204234,0.183347,0.225895
phi_V500_ELOW_z0.5_p0.5_s0,2,lambda_hybrid_0.5,0.146110,0.125371,0.167148
phi_V500_ELOW_z0.5_p0.5_s0,2,lambda_hybrid_0.75,0.079847,0.063785,0.097885
phi_V500_ELOW_z0.5_p0.5_s0,3,pop_global,0.209864,0.189346,0.231452
phi_V500_ELOW_z0.5_p0.5_s0,3,recency_pop_0.1,0.098643,0.080701,0.116783
phi_V500_ELOW_z0.5_p0.5_s0,3,recency_pop_0.5,0.103965,0.085729,0.122721
phi_V500_ELOW_z0.5_p0.5_s0,3,recency_pop_1.0,0.105187,0.086779,0.122805
phi_V500_ELOW_z0.5_p0.5_s0,3,pop_category,0.209864,0.187907,0.232877
phi_V500_ELOW_z0.5_p0.5_s0,3,pop_price,0.204727,0.184565,0.227074
phi_V500_ELOW_z0.5_p0.5_s0,3,content_knn_1,0.005537,0.003139,0.008720
phi_V500_ELOW_z0.5_p0.5_s0,3,content_knn_3,0.005937,0.002969,0.009343
phi_V500_ELOW_z0.5_p0.5_s0,3,content_knn_5,0.007729,0.004278,0.011660
phi_V500_ELOW_z0.5_p0.5_s0,3,last_item_nbhd,0.005100,0.002746,0.008239
phi_V500_ELOW_z0.5_p0.5_s0,3,pop_scaled_content,0.210558,0.188204,0.232351
phi_V500_ELOW_z0.5_p0.5_s0,3,co_purchase,0.004494,0.001014,0.008991
phi_V500_ELOW_z0.5_p0.5_s0,3,lambda_hybrid_0.25,0.184885,0.163443,0.209849
phi_V500_ELOW_z0.5_p0.5_s0,3,lambda_hybrid_0.5,0.128501,0.108426,0.148575
phi_V500_ELOW_z0.5_p0.5_s0,3,lambda_hybrid_0.75,0.050853,0.038388,0.064680
phi_V500_ELOW_z0.5_p0.5_s0,5,pop_global,0.216133,0.193140,0.239756
phi_V500_ELOW_z0.5_p0.5_s0,5,recency_pop_0.1,0.123815,0.103890,0.143080
phi_V500_ELOW_z0.5_p0.5_s0,5,recency_pop_0.5,0.130542,0.110171,0.152158
phi_V500_ELOW_z0.5_p0.5_s0,5,recency_pop_1.0,0.130589,0.110384,0.149516
phi_V500_ELOW_z0.5_p0.5_s0,5,pop_category,0.216133,0.190282,0.240850
phi_V500_ELOW_z0.5_p0.5_s0,5,pop_price,0.212098,0.186926,0.236858
phi_V500_ELOW_z0.5_p0.5_s0,5,content_knn_1,0.012312,0.008422,0.016571
phi_V500_ELOW_z0.5_p0.5_s0,5,content_knn_3,0.013114,0.008620,0.017894
phi_V500_ELOW_z0.5_p0.5_s0,5,content_knn_5,0.016093,0.010655,0.021778
phi_V500_ELOW_z0.5_p0.5_s0,5,last_item_nbhd,0.011184,0.006925,0.015780
phi_V500_ELOW_z0.5_p0.5_s0,5,pop_scaled_content,0.216959,0.195069,0.239133
phi_V500_ELOW_z0.5_p0.5_s0,5,co_purchase,0.006459,0.002153,0.011841
phi_V500_ELOW_z0.5_p0.5_s0,5,lambda_hybrid_0.25,0.186172,0.163486,0.211635
phi_V500_ELOW_z0.5_p0.5_s0,5,lambda_hybrid_0.5,0.120465,0.100725,0.140154
phi_V500_ELOW_z0.5_p0.5_s0,5,lambda_hybrid_0.75,0.063575,0.049353,0.080122
phi_V500_ELOW_z0.5_p0.5_s0,8,pop_global,0.140301,0.116214,0.166658
phi_V500_ELOW_z0.5_p0.5_s0,8,recency_pop_0.1,0.116692,0.092680,0.141206
phi_V500_ELOW_z0.5_p0.5_s0,8,recency_pop_0.5,0.117249,0.093753,0.141291
phi_V500_ELOW_z0.5_p0.5_s0,8,recency_pop_1.0,0.117773,0.094132,0.142018
phi_V500_ELOW_z0.5_p0.5_s0,8,pop_category,0.140301,0.114192,0.167968
phi_V500_ELOW_z0.5_p0.5_s0,8,pop_price,0.139251,0.113249,0.164584
phi_V500_ELOW_z0.5_p0.5_s0,8,content_knn_1,0.004792,0.001772,0.008337
phi_V500_ELOW_z0.5_p0.5_s0,8,content_knn_3,0.004536,0.001315,0.008414
phi_V500_ELOW_z0.5_p0.5_s0,8,content_knn_5,0.005957,0.002078,0.009982
phi_V500_ELOW_z0.5_p0.5_s0,8,last_item_nbhd,0.004201,0.001248,0.007355
phi_V500_ELOW_z0.5_p0.5_s0,8,pop_scaled_content,0.144269,0.119057,0.170095
phi_V500_ELOW_z0.5_p0.5_s0,8,co_purchase,0.003053,0.000000,0.007634
phi_V500_ELOW_z0.5_p0.5_s0,8,lambda_hybrid_0.25,0.127753,0.102521,0.152260
phi_V500_ELOW_z0.5_p0.5_s0,8,lambda_hybrid_0.5,0.061999,0.043922,0.080692
phi_V500_ELOW_z0.5_p0.5_s0,8,lambda_hybrid_0.75,0.025112,0.013926,0.037877
phi_V500_ELOW_z0.5_p0.5_s1,0,pop_global,0.743587,0.721970,0.764734
phi_V500_ELOW_z0.5_p0.5_s1,0,recency_pop_0.1,0.110087,0.093764,0.126461
phi_V500_ELOW_z0.5_p0.5_s1,0,recency_pop_0.5,0.195300,0.171929,0.219300
phi_V500_ELOW_z0.5_p0.5_s1,0,recency_pop_1.0,0.196270,0.171452,0.220087
phi_V500_ELOW_z0.5_p0.5_s1,0,pop_category,0.722638,0.701831,0.744071
phi_V500_ELOW_z0.5_p0.5_s1,0,pop_price,0.734456,0.711859,0.755753
phi_V500_ELOW_z0.5_p0.5_s1,0,lambda_hybrid_0.25,0.743587,0.723499,0.764470
phi_V500_ELOW_z0.5_p0.5_s1,0,lambda_hybrid_0.5,0.743587,0.721328,0.763889
phi_V500_ELOW_z0.5_p0.5_s1,0,lambda_hybrid_0.75,0.743587,0.721518,0.765338
phi_V500_ELOW_z0.5_p0.5_s1,0,active_elic2,0.626426,0.598525,0.653772
phi_V500_ELOW_z0.5_p0.5_s1,1,pop_global,0.395539,0.369191,0.422596
phi_V500_ELOW_z0.5_p0.5_s1,1,recency_pop_0.1,0.144834,0.124457,0.166407
phi_V500_ELOW_z0.5_p0.5_s1,1,recency_pop_0.5,0.175088,0.153068,0.197329
phi_V500_ELOW_z0.5_p0.5_s1,1,recency_pop_1.0,0.177152,0.155455,0.198423
phi_V500_ELOW_z0.5_p0.5_s1,1,pop_category,0.373490,0.347307,0.402516
phi_V500_ELOW_z0.5_p0.5_s1,1,pop_price,0.380122,0.353794,0.408674
phi_V500_ELOW_z0.5_p0.5_s1,1,content_knn_1,0.001631,0.000000,0.003524
phi_V500_ELOW_z0.5_p0.5_s1,1,content_knn_3,0.001000,0.000000,0.002500
phi_V500_ELOW_z0.5_p0.5_s1,1,content_knn_5,0.000774,0.000000,0.001934
phi_V500_ELOW_z0.5_p0.5_s1,1,last_item_nbhd,0.001000,0.000000,0.002500
phi_V500_ELOW_z0.5_p0.5_s1,1,pop_scaled_content,0.373436,0.346016,0.402647
phi_V500_ELOW_z0.5_p0.5_s1,1,co_purchase,0.018714,0.012473,0.026277
phi_V500_ELOW_z0.5_p0.5_s1,1,lambda_hybrid_0.25,0.332280,0.303678,0.363609
phi_V500_ELOW_z0.5_p0.5_s1,1,lambda_hybrid_0.5,0.235133,0.208150,0.260603
phi_V500_ELOW_z0.5_p0.5_s1,1,lambda_hybrid_0.75,0.034490,0.024744,0.044510
phi_V500_ELOW_z0.5_p0.5_s1,2,pop_global,0.222328,0.198957,0.247136
phi_V500_ELOW_z0.5_p0.5_s1,2,recency_pop_0.1,0.100490,0.084937,0.117604
phi_V500_ELOW_z0.5_p0.5_s1,2,recency_pop_0.5,0.162422,0.142279,0.183691
phi_V500_ELOW_z0.5_p0.5_s1,2,recency_pop_1.0,0.165978,0.145502,0.187536
phi_V500_ELOW_z0.5_p0.5_s1,2,pop_category,0.217578,0.194076,0.240551
phi_V500_ELOW_z0.5_p0.5_s1,2,pop_price,0.201851,0.177826,0.225475
phi_V500_ELOW_z0.5_p0.5_s1,2,content_knn_1,0.000887,0.000000,0.002274
phi_V500_ELOW_z0.5_p0.5_s1,2,content_knn_3,0.000631,0.000000,0.001893
phi_V500_ELOW_z0.5_p0.5_s1,2,content_knn_5,0.000500,0.000000,0.001500
phi_V500_ELOW_z0.5_p0.5_s1,2,last_item_nbhd,0.000387,0.000000,0.001161
phi_V500_ELOW_z0.5_p0.5_s1,2,pop_scaled_content,0.199659,0.177047,0.222443
phi_V500_ELOW_z0.5_p0.5_s1,2,co_purchase,0.008135,0.003520,0.013296
phi_V500_ELOW_z0.5_p0.5_s1,2,lambda_hybrid_0.25,0.151226,0.130770,0.172053
phi_V500_ELOW_z0.5_p0.5_s1,2,lambda_hybrid_0.5,0.106431,0.087851,0.125445
phi_V500_ELOW_z0.5_p0.5_s1,2,lambda_hybrid_0.75,0.018714,0.011740,0.026291
phi_V500_ELOW_z0.5_p0.5_s1,3,pop_global,0.152842,0.130407,0.170830
phi_V500_ELOW_z0.5_p0.5_s1,3,recency_pop_0.1,0.101165,0.084417,0.117743
phi_V500_ELOW_z0.5_p0.5_s1,3,recency_pop_0.5,0.130134,0.110222,0.149380
phi_V500_ELOW_z0.5_p0.5_s1,3,recency_pop_1.0,0.131248,0.112304,0.152226
phi_V500_ELOW_z0.5_p0.5_s1,3,pop_category,0.148422,0.128683,0.167787
phi_V500_ELOW_z0.5_p0.5_s1,3,pop_price,0.139633,0.120171,0.160780
phi_V500_ELOW_z0.5_p0.5_s1,3,content_knn_1,0.000000,0.000000,0.000000
phi_V500_ELOW_z0.5_p0.5_s1,3,content_knn_3,0.000635,0.000000,0.002539
phi_V500_ELOW_z0.5_p0.5_s1,3,content_knn_5,0.001269,0.000000,0.003174
phi_V500_ELOW_z0.5_p0.5_s1,3,last_item_nbhd,0.000867,0.000000,0.002166
phi_V500_ELOW_z0.5_p0.5_s1,3,pop_scaled_content,0.142530,0.122161,0.163374
phi_V500_ELOW_z0.5_p0.5_s1,3,co_purchase,0.005236,0.001597,0.009693
phi_V500_ELOW_z0.5_p0.5_s1,3,lambda_hybrid_0.25,0.099729,0.082120,0.118844
phi_V500_ELOW_z0.5_p0.5_s1,3,lambda_hybrid_0.5,0.054326,0.040241,0.067430
phi_V500_ELOW_z0.5_p0.5_s1,3,lambda_hybrid_0.75,0.015542,0.008311,0.023160
phi_V500_ELOW_z0.5_p0.5_s1,5,pop_global,0.074742,0.059562,0.089855
phi_V500_ELOW_z0.5_p0.5_s1,5,recency_pop_0.1,0.065682,0.051390,0.079384
phi_V500_ELOW_z0.5_p0.5_s1,5,recency_pop_0.5,0.069658,0.054873,0.083437
phi_V500_ELOW_z0.5_p0.5_s1,5,recency_pop_1.0,0.069132,0.055731,0.082962
phi_V500_ELOW_z0.5_p0.5_s1,5,pop_category,0.070125,0.056840,0.083872
phi_V500_ELOW_z0.5_p0.5_s1,5,pop_price,0.062094,0.050077,0.076076
phi_V500_ELOW_z0.5_p0.5_s1,5,content_knn_1,0.000454,0.000000,0.001363
phi_V500_ELOW_z0.5_p0.5_s1,5,content_knn_3,0.000000,0.000000,0.000000
phi_V500_ELOW_z0.5_p0.5_s1,5,content_knn_5,0.000408,0.000000,0.001224
phi_V500_ELOW_z0.5_p0.5_s1,5,last_item_nbhd,0.000454,0.000000,0.001363
phi_V500_ELOW_z0.5_p0.5_s1,5,pop_scaled_content,0.064686,0.051277,0.079161
phi_V500_ELOW_z0.5_p0.5_s1,5,co_purchase,0.005550,0.001720,0.010435
phi_V500_ELOW_z0.5_p0.5_s1,5,lambda_hybrid_0.25,0.030609,0.020702,0.042627
phi_V500_ELOW_z0.5_p0.5_s1,5,lambda_hybrid_0.5,0.018387,0.011003,0.027880
phi_V500_ELOW_z0.5_p0.5_s1,5,lambda_hybrid_0.75,0.004962,0.001580,0.009377
phi_V500_ELOW_z0.5_p0.5_s1,8,pop_global,0.057487,0.042439,0.073819
phi_V500_ELOW_z0.5_p0.5_s1,8,recency_pop_0.1,0.048490,0.034829,0.064367
phi_V500_ELOW_z0.5_p0.5_s1,8,recency_pop_0.5,0.050730,0.036050,0.066719
phi_V500_ELOW_z0.5_p0.5_s1,8,recency_pop_1.0,0.050226,0.036158,0.065538
phi_V500_ELOW_z0.5_p0.5_s1,8,pop_category,0.049860,0.036098,0.063881
phi_V500_ELOW_z0.5_p0.5_s1,8,pop_price,0.044809,0.032141,0.058363
phi_V500_ELOW_z0.5_p0.5_s1,8,content_knn_1,0.000000,0.000000,0.000000
phi_V500_ELOW_z0.5_p0.5_s1,8,content_knn_3,0.000000,0.000000,0.000000
phi_V500_ELOW_z0.5_p0.5_s1,8,content_knn_5,0.000000,0.000000,0.000000
phi_V500_ELOW_z0.5_p0.5_s1,8,last_item_nbhd,0.000000,0.000000,0.000000
phi_V500_ELOW_z0.5_p0.5_s1,8,pop_scaled_content,0.043468,0.030932,0.056705
phi_V500_ELOW_z0.5_p0.5_s1,8,co_purchase,0.003612,0.000000,0.008709
phi_V500_ELOW_z0.5_p0.5_s1,8,lambda_hybrid_0.25,0.013373,0.005906,0.023774
phi_V500_ELOW_z0.5_p0.5_s1,8,lambda_hybrid_0.5,0.001486,0.000000,0.004458
phi_V500_ELOW_z0.5_p0.5_s1,8,lambda_hybrid_0.75,0.000000,0.000000,0.000000
phi_V500_ELOW_z0.5_p0.5_s2,0,pop_global,0.725834,0.704064,0.747578
phi_V500_ELOW_z0.5_p0.5_s2,0,recency_pop_0.1,0.059873,0.046732,0.073353
phi_V500_ELOW_z0.5_p0.5_s2,0,recency_pop_0.5,0.107429,0.089411,0.125318
phi_V500_ELOW_z0.5_p0.5_s2,0,recency_pop_1.0,0.108215,0.090349,0.127078
phi_V500_ELOW_z0.5_p0.5_s2,0,pop_category,0.724792,0.703609,0.746301
phi_V500_ELOW_z0.5_p0.5_s2,0,pop_price,0.724287,0.699883,0.745723
phi_V500_ELOW_z0.5_p0.5_s2,0,lambda_hybrid_0.25,0.725834,0.703205,0.747291
phi_V500_ELOW_z0.5_p0.5_s2,0,lambda_hybrid_0.5,0.725834,0.703618,0.746835
phi_V500_ELOW_z0.5_p0.5_s2,0,lambda_hybrid_0.75,0.725834,0.703774,0.746650
phi_V500_ELOW_z0.5_p0.5_s2,0,active_elic2,0.678206,0.650901,0.705148
phi_V500_ELOW_z0.5_p0.5_s2,1,pop_global,0.393876,0.368574,0.420237
phi_V500_ELOW_z0.5_p0.5_s2,1,recency_pop_0.1,0.132115,0.113648,0.150760
phi_V500_ELOW_z0.5_p0.5_s2,1,recency_pop_0.5,0.221240,0.199082,0.244807
phi_V500_ELOW_z0.5_p0.5_s2,1,recency_pop_1.0,0.221240,0.200181,0.243740
phi_V500_ELOW_z0.5_p0.5_s2,1,pop_category,0.389252,0.363694,0.415946
phi_V500_ELOW_z0.5_p0.5_s2,1,pop_price,0.392759,0.366665,0.417938
phi_V500_ELOW_z0.5_p0.5_s2,1,content_knn_1,0.001000,0.000000,0.002500
phi_V500_ELOW_z0.5_p0.5_s2,1,content_knn_3,0.001000,0.000000,0.002500
phi_V500_ELOW_z0.5_p0.5_s2,1,content_knn_5,0.001000,0.000000,0.002500
phi_V500_ELOW_z0.5_p0.5_s2,1,last_item_nbhd,0.001000,0.000000,0.002500
phi_V500_ELOW_z0.5_p0.5_s2,1,pop_scaled_content,0.360755,0.334212,0.388385
phi_V500_ELOW_z0.5_p0.5_s2,1,co_purchase,0.011376,0.006029,0.017928
phi_V500_ELOW_z0.5_p0.5_s2,1,lambda_hybrid_0.25,0.367299,0.339112,0.394164
phi_V500_ELOW_z0.5_p0.5_s2,1,lambda_hybrid_0.5,0.289956,0.263190,0.316148
phi_V500_ELOW_z0.5_p0.5_s2,1,lambda_hybrid_0.75,0.030709,0.020692,0.041483
phi_V500_ELOW_z0.5_p0.5_s2,2,pop_global,0.286025,0.261815,0.309813
phi_V500_ELOW_z0.5_p0.5_s2,2,recency_pop_0.1,0.123069,0.105293,0.142307
phi_V500_ELOW_z0.5_p0.5_s2,2,recency_pop_0.5,0.145389,0.127165,0.165167
phi_V500_ELOW_z0.5_p0.5_s2,2,recency_pop_1.0,0.148173,0.127005,0.169937
phi_V500_ELOW_z0.5_p0.5_s2,2,pop_category,0.285448,0.259662,0.310602
phi_V500_ELOW_z0.5_p0.5_s2,2,pop_price,0.281331,0.255699,0.304699
phi_V500_ELOW_z0.5_p0.5_s2,2,content_knn_1,0.001661,0.000387,0.003388
phi_V500_ELOW_z0.5_p0.5_s2,2,content_knn_3,0.001431,0.000000,0.003223
phi_V500_ELOW_z0.5_p0.5_s2,2,content_knn_5,0.000774,0.000000,0.001934
phi_V500_ELOW_z0.5_p0.5_s2,2,last_item_nbhd,0.002000,0.000500,0.004500
phi_V500_ELOW_z0.5_p0.5_s2,2,pop_scaled_content,0.272097,0.248698,0.298369
phi_V500_ELOW_z0.5_p0.5_s2,2,co_purchase,0.006679,0.002817,0.010998
phi_V500_ELOW_z0.5_p0.5_s2,2,lambda_hybrid_0.25,0.251891,0.226226,0.277667
phi_V500_ELOW_z0.5_p0.5_s2,2,lambda_hybrid_0.5,0.169947,0.147470,0.192179
phi_V500_ELOW_z0.5_p0.5_s2,2,lambda_hybrid_0.75,0.048922,0.036279,0.062015
phi_V500_ELOW_z0.5_p0.5_s2,3,pop_global,0.233842,0.211350,0.256918
phi_V500_ELOW_z0.5_p0.5_s2,3,recency_pop_0.1,0.117100,0.099807,0.135680
phi_V500_ELOW_z0.5_p0.5_s2,3,recency_pop_0.5,0.122421,0.102986,0.140945
phi_V500_ELOW_z0.5_p0.5_s2,3,recency_pop_1.0,0.123187,0.104575,0.140285
phi_V500_ELOW_z0.5_p0.5_s2,3,pop_category,0.225097,0.202112,0.249086
phi_V500_ELOW_z0.5_p0.5_s2,3,pop_price,0.221533,0.199326,0.245661
phi_V500_ELOW_z0.5_p0.5_s2,3,content_knn_1,0.002044,0.000000,0.004710
phi_V500_ELOW_z0.5_p0.5_s2,3,content_knn_3,0.002044,0.000000,0.004976
phi_V500_ELOW_z0.5_p0.5_s2,3,content_knn_5,0.001450,0.000000,0.003912
phi_V500_ELOW_z0.5_p0.5_s2,3,last_item_nbhd,0.002044,0.000000,0.005001
phi_V500_ELOW_z0.5_p0.5_s2,3,pop_scaled_content,0.216358,0.192686,0.242207
phi_V500_ELOW_z0.5_p0.5_s2,3,co_purchase,0.010890,0.005066,0.017682
phi_V500_ELOW_z0.5_p0.5_s2,3,lambda_hybrid_0.25,0.199222,0.176353,0.224625
phi_V500_ELOW_z0.5_p0.5_s2,3,lambda_hybrid_0.5,0.125187,0.105178,0.145473
phi_V500_ELOW_z0.5_p0.5_s2,3,lambda_hybrid_0.75,0.034388,0.023718,0.046091
phi_V500_ELOW_z0.5_p0.5_s2,5,pop_global,0.210107,0.187812,0.231180
phi_V500_ELOW_z0.5_p0.5_s2,5,recency_pop_0.1,0.134369,0.115497,0.154593
phi_V500_ELOW_z0.5_p0.5_s2,5,recency_pop_0.5,0.144886,0.126215,0.165150
phi_V500_ELOW_z0.5_p0.5_s2,5,recency_pop_1.0,0.144707,0.124089,0.164355
phi_V500_ELOW_z0.5_p0.5_s2,5,pop_category,0.207709,0.184634,0.230119
phi_V500_ELOW_z0.5_p0.5_s2,5,pop_price,0.193219,0.170768,0.216324
phi_V500_ELOW_z0.5_p0.5_s2,5,content_knn_1,0.000913,0.000000,0.002284
phi_V500_ELOW_z0.5_p0.5_s2,5,content_knn_3,0.001324,0.000000,0.003104
phi_V500_ELOW_z0.5_p0.5_s2,5,content_knn_5,0.001397,0.000000,0.003178
phi_V500_ELOW_z0.5_p0.5_s2,5,last_item_nbhd,0.001610,0.000000,0.003888
phi_V500_ELOW_z0.5_p0.5_s2,5,pop_scaled_content,0.191479,0.169850,0.215121
phi_V500_ELOW_z0.5_p0.5_s2,5,co_purchase,0.004930,0.001471,0.009865
phi_V500_ELOW_z0.5_p0.5_s2,5,lambda_hybrid_0.25,0.151431,0.131353,0.174023
phi_V500_ELOW_z0.5_p0.5_s2,5,lambda_hybrid_0.5,0.084781,0.067058,0.101335
phi_V500_ELOW_z0.5_p0.5_s2,5,lambda_hybrid_0.75,0.016355,0.009323,0.024482
phi_V500_ELOW_z0.5_p0.5_s2,8,pop_global,0.167778,0.143994,0.191722
phi_V500_ELOW_z0.5_p0.5_s2,8,recency_pop_0.1,0.152713,0.129544,0.178147
phi_V500_ELOW_z0.5_p0.5_s2,8,recency_pop_0.5,0.151762,0.127326,0.173817
phi_V500_ELOW_z0.5_p0.5_s2,8,recency_pop_1.0,0.152222,0.127944,0.174745
phi_V500_ELOW_z0.5_p0.5_s2,8,pop_category,0.144035,0.120922,0.167273
phi_V500_ELOW_z0.5_p0.5_s2,8,pop_price,0.130068,0.107970,0.152791
phi_V500_ELOW_z0.5_p0.5_s2,8,content_knn_1,0.001397,0.000000,0.003548
phi_V500_ELOW_z0.5_p0.5_s2,8,content_knn_3,0.000647,0.000000,0.002587
phi_V500_ELOW_z0.5_p0.5_s2,8,content_knn_5,0.002345,0.000000,0.005443
phi_V500_ELOW_z0.5_p0.5_s2,8,last_item_nbhd,0.001397,0.000000,0.003441
phi_V500_ELOW_z0.5_p0.5_s2,8,pop_scaled_content,0.158608,0.136153,0.180773
phi_V500_ELOW_z0.5_p0.5_s2,8,co_purchase,0.002082,0.000000,0.006247
phi_V500_ELOW_z0.5_p0.5_s2,8,lambda_hybrid_0.25,0.114794,0.093123,0.138564
phi_V500_ELOW_z0.5_p0.5_s2,8,lambda_hybrid_0.5,0.051281,0.036089,0.068938
phi_V500_ELOW_z0.5_p0.5_s2,8,lambda_hybrid_0.75,0.011539,0.005137,0.019301
phi_V500_ELOW_z0.5_p0_s0,0,pop_global,0.688161,0.666906,0.710300
phi_V500_ELOW_z0.5_p0_s0,0,recency_pop_0.1,0.068718,0.054016,0.082535
phi_V500_ELOW_z0.5_p0_s0,0,recency_pop_0.5,0.222526,0.202363,0.242234
phi_V500_ELOW_z0.5_p0_s0,0,recency_pop_1.0,0.240300,0.219095,0.261897
phi_V500_ELOW_z0.5_p0_s0,0,pop_category,0.688161,0.665973,0.712491
phi_V500_ELOW_z0.5_p0_s0,0,pop_price,0.671468,0.645694,0.696280
phi_V500_ELOW_z0.5_p0_s0,0,lambda_hybrid_0.25,0.688161,0.664206,0.710847
phi_V500_ELOW_z0.5_p0_s0,0,lambda_hybrid_0.5,0.688161,0.666029,0.709950
phi_V500_ELOW_z0.5_p0_s0,0,lambda_hybrid_0.75,0.688161,0.664032,0.709480
phi_V500_ELOW_z0.5_p0_s0,0,active_elic2,0.673213,0.647605,0.698267
phi_V500_ELOW_z0.5_p0_s0,1,pop_global,0.330951,0.306411,0.356506
phi_V500_ELOW_z0.5_p0_s0,1,recency_pop_0.1,0.127713,0.110627,0.143998
phi_V500_ELOW_z0.5_p0_s0,1,recency_pop_0.5,0.228811,0.204560,0.252951
phi_V500_ELOW_z0.5_p0_s0,1,recency_pop_1.0,0.233222,0.209534,0.259537
phi_V500_ELOW_z0.5_p0_s0,1,pop_category,0.330951,0.304584,0.355569
phi_V500_ELOW_z0.5_p0_s0,1,pop_price,0.311640,0.288450,0.339294
phi_V500_ELOW_z0.5_p0_s0,1,content_knn_1,0.006576,0.003869,0.010058
phi_V500_ELOW_z0.5_p0_s0,1,content_knn_3,0.007146,0.003875,0.010847
phi_V500_ELOW_z0.5_p0_s0,1,content_knn_5,0.007577,0.004219,0.011023
phi_V500_ELOW_z0.5_p0_s0,1,last_item_nbhd,0.006963,0.003869,0.010445
phi_V500_ELOW_z0.5_p0_s0,1,pop_scaled_content,0.284400,0.261217,0.306487
phi_V500_ELOW_z0.5_p0_s0,1,co_purchase,0.012845,0.007383,0.018509
phi_V500_ELOW_z0.5_p0_s0,1,lambda_hybrid_0.25,0.291450,0.265156,0.315411
phi_V500_ELOW_z0.5_p0_s0,1,lambda_hybrid_0.5,0.208333,0.184665,0.231737
phi_V500_ELOW_z0.5_p0_s0,1,lambda_hybrid_0.75,0.069262,0.055128,0.087003
phi_V500_ELOW_z0.5_p0_s0,2,pop_global,0.265298,0.243182,0.289315
phi_V500_ELOW_z0.5_p0_s0,2,recency_pop_0.1,0.143530,0.124182,0.163156
phi_V500_ELOW_z0.5_p0_s0,2,recency_pop_0.5,0.169170,0.147934,0.191583
phi_V500_ELOW_z0.5_p0_s0,2,recency_pop_1.0,0.169170,0.147553,0.192675
phi_V500_ELOW_z0.5_p0_s0,2,pop_category,0.265298,0.242871,0.288714
phi_V500_ELOW_z0.5_p0_s0,2,pop_price,0.239442,0.215061,0.264415
phi_V500_ELOW_z0.5_p0_s0,2,content_knn_1,0.002422,0.000625,0.004702
phi_V500_ELOW_z0.5_p0_s0,2,content_knn_3,0.005846,0.002554,0.010111
phi_V500_ELOW_z0.5_p0_s0,2,content_knn_5,0.008949,0.004814,0.013359
phi_V500_ELOW_z0.5_p0_s0,2,last_item_nbhd,0.002422,0.000631,0.004845
phi_V500_ELOW_z0.5_p0_s0,2,pop_scaled_content,0.246852,0.224595,0.269794
phi_V500_ELOW_z0.5_p0_s0,2,co_purchase,0.010791,0.005178,0.017019
phi_V500_ELOW_z0.5_p0_s0,2,lambda_hybrid_0.25,0.221663,0.199106,0.244087
phi_V500_ELOW_z0.5_p0_s0,2,lambda_hybrid_0.5,0.170577,0.147640,0.192647
phi_V500_ELOW_z0.5_p0_s0,2,lambda_hybrid_0.75,0.074375,0.059939,0.089433
phi_V500_ELOW_z0.5_p0_s0,3,pop_global,0.228107,0.205987,0.249051
phi_V500_ELOW_z0.5_p0_s0,3,recency_pop_0.1,0.102819,0.085954,0.122040
phi_V500_ELOW_z0.5_p0_s0,3,recency_pop_0.5,0.110993,0.093145,0.128752
phi_V500_ELOW_z0.5_p0_s0,3,recency_pop_1.0,0.112171,0.094376,0.129155
phi_V500_ELOW_z0.5_p0_s0,3,pop_category,0.228107,0.205579,0.252729
phi_V500_ELOW_z0.5_p0_s0,3,pop_price,0.214308,0.190446,0.236425
phi_V500_ELOW_z0.5_p0_s0,3,content_knn_1,0.006785,0.003923,0.010430
phi_V500_ELOW_z0.5_p0_s0,3,content_knn_3,0.007870,0.004368,0.011986
phi_V500_ELOW_z0.5_p0_s0,3,content_knn_5,0.008206,0.004368,0.012403
phi_V500_ELOW_z0.5_p0_s0,3,last_item_nbhd,0.006392,0.003643,0.009646
phi_V500_ELOW_z0.5_p0_s0,3,pop_scaled_content,0.228863,0.208159,0.252970
phi_V500_ELOW_z0.5_p0_s0,3,co_purchase,0.005063,0.001715,0.009386
phi_V500_ELOW_z0.5_p0_s0,3,lambda_hybrid_0.25,0.191702,0.168759,0.215073
phi_V500_ELOW_z0.5_p0_s0,3,lambda_hybrid_0.5,0.139204,0.118743,0.158468
phi_V500_ELOW_z0.5_p0_s0,3,lambda_hybrid_0.75,0.064239,0.049343,0.079805
phi_V500_ELOW_z0.5_p0_s0,5,pop_global,0.200004,0.177354,0.223416
phi_V500_ELOW_z0.5_p0_s0,5,recency_pop_0.1,0.110954,0.094306,0.128282
phi_V500_ELOW_z0.5_p0_s0,5,recency_pop_0.5,0.118843,0.099896,0.139926
phi_V500_ELOW_z0.5_p0_s0,5,recency_pop_1.0,0.119259,0.100189,0.138738
phi_V500_ELOW_z0.5_p0_s0,5,pop_category,0.200004,0.175403,0.224476
phi_V500_ELOW_z0.5_p0_s0,5,pop_price,0.187490,0.163041,0.209911
phi_V500_ELOW_z0.5_p0_s0,5,content_knn_1,0.011278,0.007113,0.015537
phi_V500_ELOW_z0.5_p0_s0,5,content_knn_3,0.011165,0.007087,0.015707
phi_V500_ELOW_z0.5_p0_s0,5,content_knn_5,0.011785,0.007443,0.016880
phi_V500_ELOW_z0.5_p0_s0,5,last_item_nbhd,0.009055,0.005260,0.013004
phi_V500_ELOW_z0.5_p0_s0,5,pop_scaled_content,0.200085,0.177757,0.223571
phi_V500_ELOW_z0.5_p0_s0,5,co_purchase,0.009216,0.003759,0.015666
phi_V500_ELOW_z0.5_p0_s0,5,lambda_hybrid_0.25,0.163212,0.140582,0.186948
phi_V500_ELOW_z0.5_p0_s0,5,lambda_hybrid_0.5,0.100761,0.082273,0.119238
phi_V500_ELOW_z0.5_p0_s0,5,lambda_hybrid_0.75,0.058334,0.043113,0.073879
phi_V500_ELOW_z0.5_p0_s0,8,pop_global,0.140833,0.116026,0.165856
phi_V500_ELOW_z0.5_p0_s0,8,recency_pop_0.1,0.108306,0.086755,0.132338
phi_V500_ELOW_z0.5_p0_s0,8,recency_pop_0.5,0.109708,0.087325,0.132521
phi_V500_ELOW_z0.5_p0_s0,8,recency_pop_1.0,0.109708,0.087865,0.134359
phi_V500_ELOW_z0.5_p0_s0,8,pop_category,0.140833,0.115502,0.165126
phi_V500_ELOW_z0.5_p0_s0,8,pop_price,0.138832,0.112965,0.164495
phi_V500_ELOW_z0.5_p0_s0,8,content_knn_1,0.005488,0.002362,0.009036
phi_V500_ELOW_z0.5_p0_s0,8,content_knn_3,0.006547,0.003154,0.010818
phi_V500_ELOW_z0.5_p0_s0,8,content_knn_5,0.006413,0.002629,0.010784
phi_V500_ELOW_z0.5_p0_s0,8,last_item_nbhd,0.004898,0.001772,0.008271
phi_V500_ELOW_z0.5_p0_s0,8,pop_scaled_content,0.139595,0.116118,0.164746
phi_V500_ELOW_z0.5_p0_s0,8,co_purchase,0.000000,0.000000,0.000000
phi_V500_ELOW_z0.5_p0_s0,8,lambda_hybrid_0.25,0.126608,0.102589,0.153341
phi_V500_ELOW_z0.5_p0_s0,8,lambda_hybrid_0.5,0.057524,0.040898,0.076618
phi_V500_ELOW_z0.5_p0_s0,8,lambda_hybrid_0.75,0.022537,0.012085,0.034751
phi_V500_ELOW_z0.5_p0_s1,0,pop_global,0.748395,0.727723,0.769196
phi_V500_ELOW_z0.5_p0_s1,0,recency_pop_0.1,0.111806,0.094854,0.128776
phi_V500_ELOW_z0.5_p0_s1,0,recency_pop_0.5,0.203147,0.179639,0.226139
phi_V500_ELOW_z0.5_p0_s1,0,recency_pop_1.0,0.204742,0.178878,0.229840
phi_V500_ELOW_z0.5_p0_s1,0,pop_category,0.748395,0.727244,0.768338
phi_V500_ELOW_z0.5_p0_s1,0,pop_price,0.739045,0.717676,0.759344
phi_V500_ELOW_z0.5_p0_s1,0,lambda_hybrid_0.25,0.748395,0.728310,0.769613
phi_V500_ELOW_z0.5_p0_s1,0,lambda_hybrid_0.5,0.748395,0.726098,0.768272
phi_V500_ELOW_z0.5_p0_s1,0,lambda_hybrid_0.75,0.748395,0.726746,0.769882
phi_V500_ELOW_z0.5_p0_s1,0,active_elic2,0.627647,0.598789,0.654003
phi_V500_ELOW_z0.5_p0_s1,1,pop_global,0.405943,0.379685,0.432692
phi_V500_ELOW_z0.5_p0_s1,1,recency_pop_0.1,0.153518,0.131487,0.176054
phi_V500_ELOW_z0.5_p0_s1,1,recency_pop_0.5,0.190514,0.167090,0.211526
phi_V500_ELOW_z0.5_p0_s1,1,recency_pop_1.0,0.196238,0.173194,0.218950
phi_V500_ELOW_z0.5_p0_s1,1,pop_category,0.405943,0.375644,0.435571
phi_V500_ELOW_z0.5_p0_s1,1,pop_price,0.393810,0.366950,0.422259
phi_V500_ELOW_z0.5_p0_s1,1,content_knn_1,0.001000,0.000000,0.002500
phi_V500_ELOW_z0.5_p0_s1,1,content_knn_3,0.001000,0.000000,0.002500
phi_V500_ELOW_z0.5_p0_s1,1,content_knn_5,0.003928,0.001262,0.007083
phi_V500_ELOW_z0.5_p0_s1,1,last_item_nbhd,0.002934,0.000887,0.005209
phi_V500_ELOW_z0.5_p0_s1,1,pop_scaled_content,0.384903,0.358953,0.414834
phi_V500_ELOW_z0.5_p0_s1,1,co_purchase,0.017908,0.011314,0.025138
phi_V500_ELOW_z0.5_p0_s1,1,lambda_hybrid_0.25,0.348529,0.320763,0.377727
phi_V500_ELOW_z0.5_p0_s1,1,lambda_hybrid_0.5,0.245677,0.219271,0.269867
phi_V500_ELOW_z0.5_p0_s1,1,lambda_hybrid_0.75,0.033552,0.023605,0.043514
phi_V500_ELOW_z0.5_p0_s1,2,pop_global,0.207493,0.185226,0.231669
phi_V500_ELOW_z0.5_p0_s1,2,recency_pop_0.1,0.094855,0.080496,0.111098
phi_V500_ELOW_z0.5_p0_s1,2,recency_pop_0.5,0.162201,0.141392,0.184265
phi_V500_ELOW_z0.5_p0_s1,2,recency_pop_1.0,0.167794,0.147103,0.188231
phi_V500_ELOW_z0.5_p0_s1,2,pop_category,0.208267,0.184742,0.233019
phi_V500_ELOW_z0.5_p0_s1,2,pop_price,0.193450,0.171809,0.217873
phi_V500_ELOW_z0.5_p0_s1,2,content_knn_1,0.000631,0.000000,0.001893
phi_V500_ELOW_z0.5_p0_s1,2,content_knn_3,0.000631,0.000000,0.001893
phi_V500_ELOW_z0.5_p0_s1,2,content_knn_5,0.002524,0.000631,0.005678
phi_V500_ELOW_z0.5_p0_s1,2,last_item_nbhd,0.001661,0.000387,0.003547
phi_V500_ELOW_z0.5_p0_s1,2,pop_scaled_content,0.194687,0.172073,0.217862
phi_V500_ELOW_z0.5_p0_s1,2,co_purchase,0.002887,0.000387,0.006000
phi_V500_ELOW_z0.5_p0_s1,2,lambda_hybrid_0.25,0.149607,0.127824,0.171544
phi_V500_ELOW_z0.5_p0_s1,2,lambda_hybrid_0.5,0.108923,0.090427,0.129187
phi_V500_ELOW_z0.5_p0_s1,2,lambda_hybrid_0.75,0.019485,0.011945,0.027419
phi_V500_ELOW_z0.5_p0_s1,3,pop_global,0.127258,0.106040,0.145293
phi_V500_ELOW_z0.5_p0_s1,3,recency_pop_0.1,0.090285,0.073603,0.105796
phi_V500_ELOW_z0.5_p0_s1,3,recency_pop_0.5,0.114921,0.097764,0.133498
phi_V500_ELOW_z0.5_p0_s1,3,recency_pop_1.0,0.116035,0.096288,0.134650
phi_V500_ELOW_z0.5_p0_s1,3,pop_category,0.129593,0.110637,0.149573
phi_V500_ELOW_z0.5_p0_s1,3,pop_price,0.120870,0.102920,0.140071
phi_V500_ELOW_z0.5_p0_s1,3,content_knn_1,0.000389,0.000000,0.001168
phi_V500_ELOW_z0.5_p0_s1,3,content_knn_3,0.000000,0.000000,0.000000
phi_V500_ELOW_z0.5_p0_s1,3,content_knn_5,0.000635,0.000000,0.001904
phi_V500_ELOW_z0.5_p0_s1,3,last_item_nbhd,0.000503,0.000000,0.001509
phi_V500_ELOW_z0.5_p0_s1,3,pop_scaled_content,0.119661,0.101467,0.140058
phi_V500_ELOW_z0.5_p0_s1,3,co_purchase,0.007695,0.003036,0.013749
phi_V500_ELOW_z0.5_p0_s1,3,lambda_hybrid_0.25,0.084531,0.069177,0.102006
phi_V500_ELOW_z0.5_p0_s1,3,lambda_hybrid_0.5,0.045272,0.032193,0.058350
phi_V500_ELOW_z0.5_p0_s1,3,lambda_hybrid_0.75,0.006990,0.002789,0.012410
phi_V500_ELOW_z0.5_p0_s1,5,pop_global,0.070112,0.056107,0.084581
phi_V500_ELOW_z0.5_p0_s1,5,recency_pop_0.1,0.067145,0.053685,0.081964
phi_V500_ELOW_z0.5_p0_s1,5,recency_pop_0.5,0.068597,0.054123,0.082091
phi_V500_ELOW_z0.5_p0_s1,5,recency_pop_1.0,0.068116,0.054665,0.082058
phi_V500_ELOW_z0.5_p0_s1,5,pop_category,0.068887,0.054406,0.082877
phi_V500_ELOW_z0.5_p0_s1,5,pop_price,0.064869,0.051759,0.078519
phi_V500_ELOW_z0.5_p0_s1,5,content_knn_1,0.000000,0.000000,0.000000
phi_V500_ELOW_z0.5_p0_s1,5,content_knn_3,0.000000,0.000000,0.000000
phi_V500_ELOW_z0.5_p0_s1,5,content_knn_5,0.001859,0.000000,0.004106
phi_V500_ELOW_z0.5_p0_s1,5,last_item_nbhd,0.001509,0.000000,0.003546
phi_V500_ELOW_z0.5_p0_s1,5,pop_scaled_content,0.068009,0.053920,0.082221
phi_V500_ELOW_z0.5_p0_s1,5,co_purchase,0.003165,0.000000,0.007384
phi_V500_ELOW_z0.5_p0_s1,5,lambda_hybrid_0.25,0.032054,0.021505,0.044071
phi_V500_ELOW_z0.5_p0_s1,5,lambda_hybrid_0.5,0.016277,0.009336,0.024716
phi_V500_ELOW_z0.5_p0_s1,5,lambda_hybrid_0.75,0.005027,0.001871,0.009013
phi_V500_ELOW_z0.5_p0_s1,8,pop_global,0.059129,0.043621,0.074548
phi_V500_ELOW_z0.5_p0_s1,8,recency_pop_0.1,0.050863,0.037341,0.065380
phi_V500_ELOW_z0.5_p0_s1,8,recency_pop_0.5,0.055439,0.041153,0.072659
phi_V500_ELOW_z0.5_p0_s1,8,recency_pop_1.0,0.055336,0.039980,0.070693
phi_V500_ELOW_z0.5_p0_s1,8,pop_category,0.056320,0.041601,0.072187
phi_V500_ELOW_z0.5_p0_s1,8,pop_price,0.046404,0.032917,0.060448
phi_V500_ELOW_z0.5_p0_s1,8,content_knn_1,0.000000,0.000000,0.000000
phi_V500_ELOW_z0.5_p0_s1,8,content_knn_3,0.000000,0.000000,0.000000
phi_V500_ELOW_z0.5_p0_s1,8,content_knn_5,0.000000,0.000000,0.000000
phi_V500_ELOW_z0.5_p0_s1,8,last_item_nbhd,0.000000,0.000000,0.000000
phi_V500_ELOW_z0.5_p0_s1,8,pop_scaled_content,0.045791,0.032370,0.060749
phi_V500_ELOW_z0.5_p0_s1,8,co_purchase,0.008264,0.002869,0.015785
phi_V500_ELOW_z0.5_p0_s1,8,lambda_hybrid_0.25,0.015796,0.007429,0.026587
phi_V500_ELOW_z0.5_p0_s1,8,lambda_hybrid_0.5,0.002061,0.000000,0.005616
phi_V500_ELOW_z0.5_p0_s1,8,lambda_hybrid_0.75,0.000000,0.000000,0.000000
phi_V500_ELOW_z0.5_p1_s0,0,pop_global,0.673014,0.651370,0.697692
phi_V500_ELOW_z0.5_p1_s0,0,recency_pop_0.1,0.074283,0.059336,0.089099
phi_V500_ELOW_z0.5_p1_s0,0,recency_pop_0.5,0.190035,0.170376,0.209914
phi_V500_ELOW_z0.5_p1_s0,0,recency_pop_1.0,0.196713,0.176268,0.217013
phi_V500_ELOW_z0.5_p1_s0,0,pop_category,0.673014,0.650446,0.694514
phi_V500_ELOW_z0.5_p1_s0,0,pop_price,0.645394,0.619789,0.670187
phi_V500_ELOW_z0.5_p1_s0,0,lambda_hybrid_0.25,0.673014,0.649503,0.695407
phi_V500_ELOW_z0.5_p1_s0,0,lambda_hybrid_0.5,0.673014,0.650886,0.696082
phi_V500_ELOW_z0.5_p1_s0,0,lambda_hybrid_0.75,0.673014,0.650306,0.694489
phi_V500_ELOW_z0.5_p1_s0,0,active_elic2,0.662333,0.638599,0.686058
phi_V500_ELOW_z0.5_p1_s0,1,pop_global,0.321513,0.296871,0.348411
phi_V500_ELOW_z0.5_p1_s0,1,recency_pop_0.1,0.132621,0.116263,0.148901
phi_V500_ELOW_z0.5_p1_s0,1,recency_pop_0.5,0.217044,0.192769,0.240651
phi_V500_ELOW_z0.5_p1_s0,1,recency_pop_1.0,0.223687,0.199704,0.248935
phi_V500_ELOW_z0.5_p1_s0,1,pop_category,0.321513,0.294621,0.345070
phi_V500_ELOW_z0.5_p1_s0,1,pop_price,0.310202,0.285145,0.338624
phi_V500_ELOW_z0.5_p1_s0,1,content_knn_1,0.008576,0.004869,0.012741
phi_V500_ELOW_z0.5_p1_s0,1,content_knn_3,0.009102,0.005036,0.013373
phi_V500_ELOW_z0.5_p1_s0,1,content_knn_5,0.009533,0.005466,0.014250
phi_V500_ELOW_z0.5_p1_s0,1,last_item_nbhd,0.008576,0.004869,0.013058
phi_V500_ELOW_z0.5_p1_s0,1,pop_scaled_content,0.277597,0.256878,0.298965
phi_V500_ELOW_z0.5_p1_s0,1,co_purchase,0.011219,0.006665,0.016708
phi_V500_ELOW_z0.5_p1_s0,1,lambda_hybrid_0.25,0.291465,0.265056,0.314876
phi_V500_ELOW_z0.5_p1_s0,1,lambda_hybrid_0.5,0.199975,0.177116,0.224982
phi_V500_ELOW_z0.5_p1_s0,1,lambda_hybrid_0.75,0.072631,0.057500,0.088634
phi_V500_ELOW_z0.5_p1_s0,2,pop_global,0.262923,0.240634,0.285873
phi_V500_ELOW_z0.5_p1_s0,2,recency_pop_0.1,0.146932,0.127906,0.166863
phi_V500_ELOW_z0.5_p1_s0,2,recency_pop_0.5,0.180986,0.158378,0.204263
phi_V500_ELOW_z0.5_p1_s0,2,recency_pop_1.0,0.180986,0.158443,0.204032
phi_V500_ELOW_z0.5_p1_s0,2,pop_category,0.262923,0.239564,0.287178
phi_V500_ELOW_z0.5_p1_s0,2,pop_price,0.257406,0.233314,0.280287
phi_V500_ELOW_z0.5_p1_s0,2,content_knn_1,0.004458,0.001934,0.007613
phi_V500_ELOW_z0.5_p1_s0,2,content_knn_3,0.006153,0.002292,0.011015
phi_V500_ELOW_z0.5_p1_s0,2,content_knn_5,0.007239,0.003853,0.011354
phi_V500_ELOW_z0.5_p1_s0,2,last_item_nbhd,0.004458,0.001791,0.007755
phi_V500_ELOW_z0.5_p1_s0,2,pop_scaled_content,0.244727,0.225315,0.266136
phi_V500_ELOW_z0.5_p1_s0,2,co_purchase,0.009966,0.004773,0.016161
phi_V500_ELOW_z0.5_p1_s0,2,lambda_hybrid_0.25,0.238675,0.217777,0.261150
phi_V500_ELOW_z0.5_p1_s0,2,lambda_hybrid_0.5,0.171285,0.149967,0.194601
phi_V500_ELOW_z0.5_p1_s0,2,lambda_hybrid_0.75,0.087526,0.072261,0.105588
phi_V500_ELOW_z0.5_p1_s0,3,pop_global,0.219618,0.197886,0.242170
phi_V500_ELOW_z0.5_p1_s0,3,recency_pop_0.1,0.104099,0.086232,0.121747
phi_V500_ELOW_z0.5_p1_s0,3,recency_pop_0.5,0.115220,0.096719,0.134089
phi_V500_ELOW_z0.5_p1_s0,3,recency_pop_1.0,0.115613,0.097645,0.132863
phi_V500_ELOW_z0.5_p1_s0,3,pop_category,0.219618,0.196402,0.242735
phi_V500_ELOW_z0.5_p1_s0,3,pop_price,0.216049,0.195074,0.238136
phi_V500_ELOW_z0.5_p1_s0,3,content_knn_1,0.007729,0.004563,0.011608
phi_V500_ELOW_z0.5_p1_s0,3,content_knn_3,0.008421,0.004670,0.012404
phi_V500_ELOW_z0.5_p1_s0,3,content_knn_5,0.008965,0.005311,0.013020
phi_V500_ELOW_z0.5_p1_s0,3,last_item_nbhd,0.008165,0.004797,0.012045
phi_V500_ELOW_z0.5_p1_s0,3,pop_scaled_content,0.216113,0.194582,0.238313
phi_V500_ELOW_z0.5_p1_s0,3,co_purchase,0.007029,0.002463,0.012607
phi_V500_ELOW_z0.5_p1_s0,3,lambda_hybrid_0.25,0.198613,0.177555,0.222384
phi_V500_ELOW_z0.5_p1_s0,3,lambda_hybrid_0.5,0.140372,0.121774,0.160758
phi_V500_ELOW_z0.5_p1_s0,3,lambda_hybrid_0.75,0.054231,0.041224,0.069223
phi_V500_ELOW_z0.5_p1_s0,5,pop_global,0.204635,0.183623,0.229262
phi_V500_ELOW_z0.5_p1_s0,5,recency_pop_0.1,0.117607,0.099650,0.136179
phi_V500_ELOW_z0.5_p1_s0,5,recency_pop_0.5,0.127316,0.108986,0.148112
phi_V500_ELOW_z0.5_p1_s0,5,recency_pop_1.0,0.127316,0.108532,0.146124
phi_V500_ELOW_z0.5_p1_s0,5,pop_category,0.204635,0.181438,0.228508
phi_V500_ELOW_z0.5_p1_s0,5,pop_price,0.196306,0.174077,0.219054
phi_V500_ELOW_z0.5_p1_s0,5,content_knn_1,0.007590,0.004211,0.011339
phi_V500_ELOW_z0.5_p1_s0,5,content_knn_3,0.010238,0.006527,0.014686
phi_V500_ELOW_z0.5_p1_s0,5,content_knn_5,0.012928,0.008229,0.018228
phi_V500_ELOW_z0.5_p1_s0,5,last_item_nbhd,0.007173,0.003842,0.010646
phi_V500_ELOW_z0.5_p1_s0,5,pop_scaled_content,0.205392,0.181916,0.229584
phi_V500_ELOW_z0.5_p1_s0,5,co_purchase,0.006525,0.002153,0.012304
phi_V500_ELOW_z0.5_p1_s0,5,lambda_hybrid_0.25,0.181678,0.158311,0.205514
phi_V500_ELOW_z0.5_p1_s0,5,lambda_hybrid_0.5,0.108302,0.089577,0.126241
phi_V500_ELOW_z0.5_p1_s0,5,lambda_hybrid_0.75,0.062599,0.046568,0.080624
phi_V500_ELOW_z0.5_p1_s0,8,pop_global,0.149319,0.123965,0.175786
phi_V500_ELOW_z0.5_p1_s0,8,recency_pop_0.1,0.120423,0.098588,0.144987
phi_V500_ELOW_z0.5_p1_s0,8,recency_pop_0.5,0.119842,0.097630,0.145115
phi_V500_ELOW_z0.5_p1_s0,8,recency_pop_1.0,0.119775,0.096969,0.144564
phi_V500_ELOW_z0.5_p1_s0,8,pop_category,0.149319,0.124040,0.176368
phi_V500_ELOW_z0.5_p1_s0,8,pop_price,0.153920,0.127951,0.180980
phi_V500_ELOW_z0.5_p1_s0,8,content_knn_1,0.003020,0.000591,0.006040
phi_V500_ELOW_z0.5_p1_s0,8,content_knn_3,0.003878,0.001248,0.007756
phi_V500_ELOW_z0.5_p1_s0,8,content_knn_5,0.003878,0.001248,0.007166
phi_V500_ELOW_z0.5_p1_s0,8,last_item_nbhd,0.002953,0.000591,0.005906
phi_V500_ELOW_z0.5_p1_s0,8,pop_scaled_content,0.148783,0.124126,0.175674
phi_V500_ELOW_z0.5_p1_s0,8,co_purchase,0.000000,0.000000,0.000000
phi_V500_ELOW_z0.5_p1_s0,8,lambda_hybrid_0.25,0.137265,0.111498,0.165132
phi_V500_ELOW_z0.5_p1_s0,8,lambda_hybrid_0.5,0.066306,0.047100,0.087039
phi_V500_ELOW_z0.5_p1_s0,8,lambda_hybrid_0.75,0.028138,0.015925,0.041879
phi_V500_ELOW_z0.5_p1_s1,0,pop_global,0.743587,0.721970,0.764734
phi_V500_ELOW_z0.5_p1_s1,0,recency_pop_0.1,0.110087,0.093764,0.126461
phi_V500_ELOW_z0.5_p1_s1,0,recency_pop_0.5,0.195300,0.171929,0.219300
phi_V500_ELOW_z0.5_p1_s1,0,recency_pop_1.0,0.196270,0.171452,0.220087
phi_V500_ELOW_z0.5_p1_s1,0,pop_category,0.722638,0.701831,0.744071
phi_V500_ELOW_z0.5_p1_s1,0,pop_price,0.734456,0.711859,0.755753
phi_V500_ELOW_z0.5_p1_s1,0,lambda_hybrid_0.25,0.743587,0.723499,0.764470
phi_V500_ELOW_z0.5_p1_s1,0,lambda_hybrid_0.5,0.743587,0.721328,0.763889
phi_V500_ELOW_z0.5_p1_s1,0,lambda_hybrid_0.75,0.743587,0.721518,0.765338
phi_V500_ELOW_z0.5_p1_s1,0,active_elic2,0.626426,0.598525,0.653772
phi_V500_ELOW_z0.5_p1_s1,1,pop_global,0.395539,0.369191,0.422596
phi_V500_ELOW_z0.5_p1_s1,1,recency_pop_0.1,0.144834,0.124457,0.166407
phi_V500_ELOW_z0.5_p1_s1,1,recency_pop_0.5,0.175088,0.153068,0.197329
phi_V500_ELOW_z0.5_p1_s1,1,recency_pop_1.0,0.177152,0.155455,0.198423
phi_V500_ELOW_z0.5_p1_s1,1,pop_category,0.373490,0.347307,0.402516
phi_V500_ELOW_z0.5_p1_s1,1,pop_price,0.380122,0.353794,0.408674
phi_V500_ELOW_z0.5_p1_s1,1,content_knn_1,0.001631,0.000000,0.003524
phi_V500_ELOW_z0.5_p1_s1,1,content_knn_3,0.001000,0.000000,0.002500
phi_V500_ELOW_z0.5_p1_s1,1,content_knn_5,0.000774,0.000000,0.001934
phi_V500_ELOW_z0.5_p1_s1,1,last_item_nbhd,0.001000,0.000000,0.002500
phi_V500_ELOW_z0.5_p1_s1,1,pop_scaled_content,0.373436,0.346016,0.402647
phi_V500_ELOW_z0.5_p1_s1,1,co_purchase,0.018714,0.012473,0.026277
phi_V500_ELOW_z0.5_p1_s1,1,lambda_hybrid_0.25,0.332280,0.303678,0.363609
phi_V500_ELOW_z0.5_p1_s1,1,lambda_hybrid_0.5,0.235133,0.208150,0.260603
phi_V500_ELOW_z0.5_p1_s1,1,lambda_hybrid_0.75,0.034490,0.024744,0.044510
phi_V500_ELOW_z0.5_p1_s1,2,pop_global,0.222328,0.198957,0.247136
phi_V500_ELOW_z0.5_p1_s1,2,recency_pop_0.1,0.100490,0.084937,0.117604
phi_V500_ELOW_z0.5_p1_s1,2,recency_pop_0.5,0.162422,0.142279,0.183691
phi_V500_ELOW_z0.5_p1_s1,2,recency_pop_1.0,0.165978,0.145502,0.187536
phi_V500_ELOW_z0.5_p1_s1,2,pop_category,0.217578,0.194076,0.240551
phi_V500_ELOW_z0.5_p1_s1,2,pop_price,0.201851,0.177826,0.225475
phi_V500_ELOW_z0.5_p1_s1,2,content_knn_1,0.000887,0.000000,0.002274
phi_V500_ELOW_z0.5_p1_s1,2,content_knn_3,0.000631,0.000000,0.001893
phi_V500_ELOW_z0.5_p1_s1,2,content_knn_5,0.000500,0.000000,0.001500
phi_V500_ELOW_z0.5_p1_s1,2,last_item_nbhd,0.000387,0.000000,0.001161
phi_V500_ELOW_z0.5_p1_s1,2,pop_scaled_content,0.199659,0.177047,0.222443
phi_V500_ELOW_z0.5_p1_s1,2,co_purchase,0.008135,0.003520,0.013296
phi_V500_ELOW_z0.5_p1_s1,2,lambda_hybrid_0.25,0.151226,0.130770,0.172053
phi_V500_ELOW_z0.5_p1_s1,2,lambda_hybrid_0.5,0.106431,0.087851,0.125445
phi_V500_ELOW_z0.5_p1_s1,2,lambda_hybrid_0.75,0.018714,0.011740,0.026291
phi_V500_ELOW_z0.5_p1_s1,3,pop_global,0.152842,0.130407,0.170830
phi_V500_ELOW_z0.5_p1_s1,3,recency_pop_0.1,0.101165,0.084417,0.117743
phi_V500_ELOW_z0.5_p1_s1,3,recency_pop_0.5,0.130134,0.110222,0.149380
phi_V500_ELOW_z0.5_p1_s1,3,recency_pop_1.0,0.131248,0.112304,0.152226
phi_V500_ELOW_z0.5_p1_s1,3,pop_category,0.148422,0.128683,0.167787
phi_V500_ELOW_z0.5_p1_s1,3,pop_price,0.139633,0.120171,0.160780
phi_V500_ELOW_z0.5_p1_s1,3,content_knn_1,0.000000,0.000000,0.000000
phi_V500_ELOW_z0.5_p1_s1,3,content_knn_3,0.000635,0.000000,0.002539
phi_V500_ELOW_z0.5_p1_s1,3,content_knn_5,0.001269,0.000000,0.003174
phi_V500_ELOW_z0.5_p1_s1,3,last_item_nbhd,0.000867,0.000000,0.002166
phi_V500_ELOW_z0.5_p1_s1,3,pop_scaled_content,0.142530,0.122161,0.163374
phi_V500_ELOW_z0.5_p1_s1,3,co_purchase,0.005236,0.001597,0.009693
phi_V500_ELOW_z0.5_p1_s1,3,lambda_hybrid_0.25,0.099729,0.082120,0.118844
phi_V500_ELOW_z0.5_p1_s1,3,lambda_hybrid_0.5,0.054326,0.040241,0.067430
phi_V500_ELOW_z0.5_p1_s1,3,lambda_hybrid_0.75,0.015542,0.008311,0.023160
phi_V500_ELOW_z0.5_p1_s1,5,pop_global,0.074742,0.059562,0.089855
phi_V500_ELOW_z0.5_p1_s1,5,recency_pop_0.1,0.065682,0.051390,0.079384
phi_V500_ELOW_z0.5_p1_s1,5,recency_pop_0.5,0.069658,0.054873,0.083437
phi_V500_ELOW_z0.5_p1_s1,5,recency_pop_1.0,0.069132,0.055731,0.082962
phi_V500_ELOW_z0.5_p1_s1,5,pop_category,0.070125,0.056840,0.083872
phi_V500_ELOW_z0.5_p1_s1,5,pop_price,0.062094,0.050077,0.076076
phi_V500_ELOW_z0.5_p1_s1,5,content_knn_1,0.000454,0.000000,0.001363
phi_V500_ELOW_z0.5_p1_s1,5,content_knn_3,0.000000,0.000000,0.000000
phi_V500_ELOW_z0.5_p1_s1,5,content_knn_5,0.000408,0.000000,0.001224
phi_V500_ELOW_z0.5_p1_s1,5,last_item_nbhd,0.000454,0.000000,0.001363
phi_V500_ELOW_z0.5_p1_s1,5,pop_scaled_content,0.064686,0.051277,0.079161
phi_V500_ELOW_z0.5_p1_s1,5,co_purchase,0.005550,0.001720,0.010435
phi_V500_ELOW_z0.5_p1_s1,5,lambda_hybrid_0.25,0.030609,0.020702,0.042627
phi_V500_ELOW_z0.5_p1_s1,5,lambda_hybrid_0.5,0.018387,0.011003,0.027880
phi_V500_ELOW_z0.5_p1_s1,5,lambda_hybrid_0.75,0.004962,0.001580,0.009377
phi_V500_ELOW_z0.5_p1_s1,8,pop_global,0.057487,0.042439,0.073819
phi_V500_ELOW_z0.5_p1_s1,8,recency_pop_0.1,0.048490,0.034829,0.064367
phi_V500_ELOW_z0.5_p1_s1,8,recency_pop_0.5,0.050730,0.036050,0.066719
phi_V500_ELOW_z0.5_p1_s1,8,recency_pop_1.0,0.050226,0.036158,0.065538
phi_V500_ELOW_z0.5_p1_s1,8,pop_category,0.049860,0.036098,0.063881
phi_V500_ELOW_z0.5_p1_s1,8,pop_price,0.044809,0.032141,0.058363
phi_V500_ELOW_z0.5_p1_s1,8,content_knn_1,0.000000,0.000000,0.000000
phi_V500_ELOW_z0.5_p1_s1,8,content_knn_3,0.000000,0.000000,0.000000
phi_V500_ELOW_z0.5_p1_s1,8,content_knn_5,0.000000,0.000000,0.000000
phi_V500_ELOW_z0.5_p1_s1,8,last_item_nbhd,0.000000,0.000000,0.000000
phi_V500_ELOW_z0.5_p1_s1,8,pop_scaled_content,0.043468,0.030932,0.056705
phi_V500_ELOW_z0.5_p1_s1,8,co_purchase,0.003612,0.000000,0.008709
phi_V500_ELOW_z0.5_p1_s1,8,lambda_hybrid_0.25,0.013373,0.005906,0.023774
phi_V500_ELOW_z0.5_p1_s1,8,lambda_hybrid_0.5,0.001486,0.000000,0.004458
phi_V500_ELOW_z0.5_p1_s1,8,lambda_hybrid_0.75,0.000000,0.000000,0.000000
phi_V500_ELOW_z1.5_p0.25_s0,0,pop_global,0.069813,0.058137,0.082627
phi_V500_ELOW_z1.5_p0.25_s0,0,recency_pop_0.1,0.017086,0.010605,0.023638
phi_V500_ELOW_z1.5_p0.25_s0,0,recency_pop_0.5,0.033206,0.023431,0.043452
phi_V500_ELOW_z1.5_p0.25_s0,0,recency_pop_1.0,0.034787,0.024786,0.045411
phi_V500_ELOW_z1.5_p0.25_s0,0,pop_category,0.064397,0.053134,0.076213
phi_V500_ELOW_z1.5_p0.25_s0,0,pop_price,0.071174,0.058920,0.084128
phi_V500_ELOW_z1.5_p0.25_s0,0,lambda_hybrid_0.25,0.069813,0.057421,0.080597
phi_V500_ELOW_z1.5_p0.25_s0,0,lambda_hybrid_0.5,0.069813,0.057861,0.081756
phi_V500_ELOW_z1.5_p0.25_s0,0,lambda_hybrid_0.75,0.069813,0.057322,0.081905
phi_V500_ELOW_z1.5_p0.25_s0,0,active_elic2,0.041520,0.032715,0.051417
phi_V500_ELOW_z1.5_p0.25_s0,1,pop_global,0.097300,0.082577,0.113086
phi_V500_ELOW_z1.5_p0.25_s0,1,recency_pop_0.1,0.023088,0.015737,0.031375
phi_V500_ELOW_z1.5_p0.25_s0,1,recency_pop_0.5,0.031262,0.022209,0.040911
phi_V500_ELOW_z1.5_p0.25_s0,1,recency_pop_1.0,0.032806,0.024174,0.042323
phi_V500_ELOW_z1.5_p0.25_s0,1,pop_category,0.095454,0.080138,0.110758
phi_V500_ELOW_z1.5_p0.25_s0,1,pop_price,0.096968,0.081184,0.112356
phi_V500_ELOW_z1.5_p0.25_s0,1,content_knn_1,0.006619,0.003226,0.010587
phi_V500_ELOW_z1.5_p0.25_s0,1,content_knn_3,0.006268,0.003170,0.009684
phi_V500_ELOW_z1.5_p0.25_s0,1,content_knn_5,0.006694,0.003097,0.010678
phi_V500_ELOW_z1.5_p0.25_s0,1,last_item_nbhd,0.006232,0.002722,0.009929
phi_V500_ELOW_z1.5_p0.25_s0,1,pop_scaled_content,0.088965,0.074349,0.105108
phi_V500_ELOW_z1.5_p0.25_s0,1,co_purchase,0.008066,0.003860,0.012972
phi_V500_ELOW_z1.5_p0.25_s0,1,lambda_hybrid_0.25,0.085101,0.070411,0.101079
phi_V500_ELOW_z1.5_p0.25_s0,1,lambda_hybrid_0.5,0.049812,0.036793,0.063171
phi_V500_ELOW_z1.5_p0.25_s0,1,lambda_hybrid_0.75,0.028732,0.019782,0.039206
phi_V500_ELOW_z1.5_p0.25_s0,2,pop_global,0.107316,0.091861,0.124695
phi_V500_ELOW_z1.5_p0.25_s0,2,recency_pop_0.1,0.051229,0.040267,0.063242
phi_V500_ELOW_z1.5_p0.25_s0,2,recency_pop_0.5,0.064373,0.050652,0.077941
phi_V500_ELOW_z1.5_p0.25_s0,2,recency_pop_1.0,0.064065,0.050917,0.077730
phi_V500_ELOW_z1.5_p0.25_s0,2,pop_category,0.104970,0.089857,0.121710
phi_V500_ELOW_z1.5_p0.25_s0,2,pop_price,0.104875,0.089310,0.120960
phi_V500_ELOW_z1.5_p0.25_s0,2,content_knn_1,0.007550,0.003945,0.011880
phi_V500_ELOW_z1.5_p0.25_s0,2,content_knn_3,0.006663,0.003240,0.010410
phi_V500_ELOW_z1.5_p0.25_s0,2,content_knn_5,0.006288,0.003065,0.009918
phi_V500_ELOW_z1.5_p0.25_s0,2,last_item_nbhd,0.007719,0.004113,0.012116
phi_V500_ELOW_z1.5_p0.25_s0,2,pop_scaled_content,0.101608,0.086070,0.117601
phi_V500_ELOW_z1.5_p0.25_s0,2,co_purchase,0.004478,0.001816,0.007909
phi_V500_ELOW_z1.5_p0.25_s0,2,lambda_hybrid_0.25,0.102002,0.086102,0.117615
phi_V500_ELOW_z1.5_p0.25_s0,2,lambda_hybrid_0.5,0.071179,0.056367,0.085969
phi_V500_ELOW_z1.5_p0.25_s0,2,lambda_hybrid_0.75,0.044869,0.033077,0.058747
phi_V500_ELOW_z1.5_p0.25_s0,3,pop_global,0.131860,0.114735,0.150170
phi_V500_ELOW_z1.5_p0.25_s0,3,recency_pop_0.1,0.065168,0.052259,0.078385
phi_V500_ELOW_z1.5_p0.25_s0,3,recency_pop_0.5,0.077884,0.064059,0.093587
phi_V500_ELOW_z1.5_p0.25_s0,3,recency_pop_1.0,0.077522,0.062318,0.093336
phi_V500_ELOW_z1.5_p0.25_s0,3,pop_category,0.131860,0.112735,0.150762
phi_V500_ELOW_z1.5_p0.25_s0,3,pop_price,0.130110,0.112088,0.148235
phi_V500_ELOW_z1.5_p0.25_s0,3,content_knn_1,0.006017,0.002589,0.009988
phi_V500_ELOW_z1.5_p0.25_s0,3,content_knn_3,0.007172,0.003598,0.011394
phi_V500_ELOW_z1.5_p0.25_s0,3,content_knn_5,0.005152,0.002091,0.009055
phi_V500_ELOW_z1.5_p0.25_s0,3,last_item_nbhd,0.005981,0.002813,0.009895
phi_V500_ELOW_z1.5_p0.25_s0,3,pop_scaled_content,0.127247,0.108631,0.146364
phi_V500_ELOW_z1.5_p0.25_s0,3,co_purchase,0.001336,0.000000,0.003039
phi_V500_ELOW_z1.5_p0.25_s0,3,lambda_hybrid_0.25,0.130397,0.112135,0.149100
phi_V500_ELOW_z1.5_p0.25_s0,3,lambda_hybrid_0.5,0.101673,0.084580,0.119305
phi_V500_ELOW_z1.5_p0.25_s0,3,lambda_hybrid_0.75,0.078559,0.062197,0.094345
phi_V500_ELOW_z1.5_p0.25_s0,5,pop_global,0.172948,0.150554,0.196783
phi_V500_ELOW_z1.5_p0.25_s0,5,recency_pop_0.1,0.108092,0.092949,0.124172
phi_V500_ELOW_z1.5_p0.25_s0,5,recency_pop_0.5,0.113790,0.096405,0.131856
phi_V500_ELOW_z1.5_p0.25_s0,5,recency_pop_1.0,0.111154,0.092454,0.130036
phi_V500_ELOW_z1.5_p0.25_s0,5,pop_category,0.175368,0.152480,0.199659
phi_V500_ELOW_z1.5_p0.25_s0,5,pop_price,0.169971,0.146393,0.192620
phi_V500_ELOW_z1.5_p0.25_s0,5,content_knn_1,0.007228,0.003204,0.012152
phi_V500_ELOW_z1.5_p0.25_s0,5,content_knn_3,0.008646,0.004658,0.013356
phi_V500_ELOW_z1.5_p0.25_s0,5,content_knn_5,0.007369,0.003319,0.011875
phi_V500_ELOW_z1.5_p0.25_s0,5,last_item_nbhd,0.006886,0.003240,0.011645
phi_V500_ELOW_z1.5_p0.25_s0,5,pop_scaled_content,0.178239,0.154553,0.202302
phi_V500_ELOW_z1.5_p0.25_s0,5,co_purchase,0.002777,0.000679,0.005459
phi_V500_ELOW_z1.5_p0.25_s0,5,lambda_hybrid_0.25,0.174720,0.152416,0.198494
phi_V500_ELOW_z1.5_p0.25_s0,5,lambda_hybrid_0.5,0.155614,0.134083,0.178420
phi_V500_ELOW_z1.5_p0.25_s0,5,lambda_hybrid_0.75,0.128905,0.108136,0.150325
phi_V500_ELOW_z1.5_p0.25_s0,8,pop_global,0.156449,0.131365,0.183563
phi_V500_ELOW_z1.5_p0.25_s0,8,recency_pop_0.1,0.144589,0.122625,0.169776
phi_V500_ELOW_z1.5_p0.25_s0,8,recency_pop_0.5,0.143723,0.119949,0.167501
phi_V500_ELOW_z1.5_p0.25_s0,8,recency_pop_1.0,0.140449,0.112514,0.165603
phi_V500_ELOW_z1.5_p0.25_s0,8,pop_category,0.158198,0.130347,0.185294
phi_V500_ELOW_z1.5_p0.25_s0,8,pop_price,0.154571,0.129434,0.179581
phi_V500_ELOW_z1.5_p0.25_s0,8,content_knn_1,0.004834,0.001181,0.009451
phi_V500_ELOW_z1.5_p0.25_s0,8,content_knn_3,0.005949,0.002277,0.010327
phi_V500_ELOW_z1.5_p0.25_s0,8,content_knn_5,0.008076,0.003765,0.013483
phi_V500_ELOW_z1.5_p0.25_s0,8,last_item_nbhd,0.005759,0.001904,0.010202
phi_V500_ELOW_z1.5_p0.25_s0,8,pop_scaled_content,0.155780,0.131207,0.183271
phi_V500_ELOW_z1.5_p0.25_s0,8,co_purchase,0.002290,0.000000,0.006107
phi_V500_ELOW_z1.5_p0.25_s0,8,lambda_hybrid_0.25,0.155417,0.131093,0.182096
phi_V500_ELOW_z1.5_p0.25_s0,8,lambda_hybrid_0.5,0.132567,0.110427,0.157174
phi_V500_ELOW_z1.5_p0.25_s0,8,lambda_hybrid_0.75,0.106234,0.084011,0.131992
phi_V500_ELOW_z1.5_p0.25_s1,0,pop_global,0.088938,0.073056,0.103211
phi_V500_ELOW_z1.5_p0.25_s1,0,recency_pop_0.1,0.021730,0.014035,0.029673
phi_V500_ELOW_z1.5_p0.25_s1,0,recency_pop_0.5,0.024092,0.015640,0.032764
phi_V500_ELOW_z1.5_p0.25_s1,0,recency_pop_1.0,0.025366,0.017026,0.034564
phi_V500_ELOW_z1.5_p0.25_s1,0,pop_category,0.070776,0.056527,0.085102
phi_V500_ELOW_z1.5_p0.25_s1,0,pop_price,0.085493,0.070315,0.100726
phi_V500_ELOW_z1.5_p0.25_s1,0,lambda_hybrid_0.25,0.088938,0.073742,0.104418
phi_V500_ELOW_z1.5_p0.25_s1,0,lambda_hybrid_0.5,0.088938,0.075404,0.103375
phi_V500_ELOW_z1.5_p0.25_s1,0,lambda_hybrid_0.75,0.088938,0.075055,0.104294
phi_V500_ELOW_z1.5_p0.25_s1,0,active_elic2,0.080633,0.065290,0.096197
phi_V500_ELOW_z1.5_p0.25_s1,1,pop_global,0.092522,0.077706,0.108150
phi_V500_ELOW_z1.5_p0.25_s1,1,recency_pop_0.1,0.034680,0.026743,0.043834
phi_V500_ELOW_z1.5_p0.25_s1,1,recency_pop_0.5,0.043939,0.033302,0.055649
phi_V500_ELOW_z1.5_p0.25_s1,1,recency_pop_1.0,0.043939,0.033075,0.054899
phi_V500_ELOW_z1.5_p0.25_s1,1,pop_category,0.082713,0.067744,0.099476
phi_V500_ELOW_z1.5_p0.25_s1,1,pop_price,0.091277,0.075506,0.106401
phi_V500_ELOW_z1.5_p0.25_s1,1,content_knn_1,0.004542,0.001631,0.008065
phi_V500_ELOW_z1.5_p0.25_s1,1,content_knn_3,0.006193,0.002560,0.010263
phi_V500_ELOW_z1.5_p0.25_s1,1,content_knn_5,0.005024,0.001762,0.008917
phi_V500_ELOW_z1.5_p0.25_s1,1,last_item_nbhd,0.004155,0.001259,0.007417
phi_V500_ELOW_z1.5_p0.25_s1,1,pop_scaled_content,0.082014,0.068021,0.096986
phi_V500_ELOW_z1.5_p0.25_s1,1,co_purchase,0.005623,0.001992,0.009765
phi_V500_ELOW_z1.5_p0.25_s1,1,lambda_hybrid_0.25,0.091331,0.076225,0.107681
phi_V500_ELOW_z1.5_p0.25_s1,1,lambda_hybrid_0.5,0.065647,0.051335,0.079498
phi_V500_ELOW_z1.5_p0.25_s1,1,lambda_hybrid_0.75,0.026716,0.017666,0.036797
phi_V500_ELOW_z1.5_p0.25_s1,2,pop_global,0.121648,0.104156,0.138993
phi_V500_ELOW_z1.5_p0.25_s1,2,recency_pop_0.1,0.054595,0.044105,0.066695
phi_V500_ELOW_z1.5_p0.25_s1,2,recency_pop_0.5,0.063236,0.050047,0.076574
phi_V500_ELOW_z1.5_p0.25_s1,2,recency_pop_1.0,0.063236,0.051230,0.076422
phi_V500_ELOW_z1.5_p0.25_s1,2,pop_category,0.109244,0.092013,0.125465
phi_V500_ELOW_z1.5_p0.25_s1,2,pop_price,0.115323,0.098779,0.132033
phi_V500_ELOW_z1.5_p0.25_s1,2,content_knn_1,0.007397,0.003678,0.012134
phi_V500_ELOW_z1.5_p0.25_s1,2,content_knn_3,0.006522,0.002748,0.011341
phi_V500_ELOW_z1.5_p0.25_s1,2,content_knn_5,0.006853,0.003147,0.011317
phi_V500_ELOW_z1.5_p0.25_s1,2,last_item_nbhd,0.008427,0.004609,0.012496
phi_V500_ELOW_z1.5_p0.25_s1,2,pop_scaled_content,0.116552,0.099207,0.133742
phi_V500_ELOW_z1.5_p0.25_s1,2,co_purchase,0.002897,0.000818,0.005483
phi_V500_ELOW_z1.5_p0.25_s1,2,lambda_hybrid_0.25,0.117610,0.100066,0.135641
phi_V500_ELOW_z1.5_p0.25_s1,2,lambda_hybrid_0.5,0.092492,0.076053,0.109587
phi_V500_ELOW_z1.5_p0.25_s1,2,lambda_hybrid_0.75,0.052751,0.040101,0.067094
phi_V500_ELOW_z1.5_p0.25_s1,3,pop_global,0.136930,0.118468,0.154295
phi_V500_ELOW_z1.5_p0.25_s1,3,recency_pop_0.1,0.077266,0.063970,0.090429
phi_V500_ELOW_z1.5_p0.25_s1,3,recency_pop_0.5,0.092796,0.077186,0.108511
phi_V500_ELOW_z1.5_p0.25_s1,3,recency_pop_1.0,0.092796,0.076969,0.107727
phi_V500_ELOW_z1.5_p0.25_s1,3,pop_category,0.124440,0.106515,0.144248
phi_V500_ELOW_z1.5_p0.25_s1,3,pop_price,0.132707,0.115594,0.152738
phi_V500_ELOW_z1.5_p0.25_s1,3,content_knn_1,0.006335,0.002644,0.010655
phi_V500_ELOW_z1.5_p0.25_s1,3,content_knn_3,0.006479,0.002826,0.011030
phi_V500_ELOW_z1.5_p0.25_s1,3,content_knn_5,0.008272,0.003795,0.013800
phi_V500_ELOW_z1.5_p0.25_s1,3,last_item_nbhd,0.005122,0.001942,0.008963
phi_V500_ELOW_z1.5_p0.25_s1,3,pop_scaled_content,0.135182,0.117876,0.153856
phi_V500_ELOW_z1.5_p0.25_s1,3,co_purchase,0.003583,0.000635,0.007176
phi_V500_ELOW_z1.5_p0.25_s1,3,lambda_hybrid_0.25,0.138964,0.121435,0.157385
phi_V500_ELOW_z1.5_p0.25_s1,3,lambda_hybrid_0.5,0.110873,0.093719,0.129704
phi_V500_ELOW_z1.5_p0.25_s1,3,lambda_hybrid_0.75,0.067019,0.052556,0.082217
phi_V500_ELOW_z1.5_p0.25_s1,5,pop_global,0.135615,0.117473,0.154404
phi_V500_ELOW_z1.5_p0.25_s1,5,recency_pop_0.1,0.140884,0.122385,0.160314
phi_V500_ELOW_z1.5_p0.25_s1,5,recency_pop_0.5,0.138543,0.119582,0.156326
phi_V500_ELOW_z1.5_p0.25_s1,5,recency_pop_1.0,0.138589,0.121261,0.155639
phi_V500_ELOW_z1.5_p0.25_s1,5,pop_category,0.135435,0.117623,0.154515
phi_V500_ELOW_z1.5_p0.25_s1,5,pop_price,0.130105,0.111893,0.149279
phi_V500_ELOW_z1.5_p0.25_s1,5,content_knn_1,0.006162,0.002386,0.010983
phi_V500_ELOW_z1.5_p0.25_s1,5,content_knn_3,0.004831,0.001509,0.008349
phi_V500_ELOW_z1.5_p0.25_s1,5,content_knn_5,0.003638,0.000982,0.007080
phi_V500_ELOW_z1.5_p0.25_s1,5,last_item_nbhd,0.005293,0.001460,0.009923
phi_V500_ELOW_z1.5_p0.25_s1,5,pop_scaled_content,0.133760,0.114787,0.152095
phi_V500_ELOW_z1.5_p0.25_s1,5,co_purchase,0.001331,0.000000,0.003328
phi_V500_ELOW_z1.5_p0.25_s1,5,lambda_hybrid_0.25,0.142713,0.125167,0.160601
phi_V500_ELOW_z1.5_p0.25_s1,5,lambda_hybrid_0.5,0.092323,0.074777,0.109017
phi_V500_ELOW_z1.5_p0.25_s1,5,lambda_hybrid_0.75,0.058044,0.043600,0.072628
phi_V500_ELOW_z1.5_p0.25_s1,8,pop_global,0.129853,0.108625,0.150518
phi_V500_ELOW_z1.5_p0.25_s1,8,recency_pop_0.1,0.158706,0.135690,0.180065
phi_V500_ELOW_z1.5_p0.25_s1,8,recency_pop_0.5,0.147175,0.126604,0.168818
phi_V500_ELOW_z1.5_p0.25_s1,8,recency_pop_1.0,0.141996,0.122612,0.165040
phi_V500_ELOW_z1.5_p0.25_s1,8,pop_category,0.123440,0.103117,0.143327
phi_V500_ELOW_z1.5_p0.25_s1,8,pop_price,0.120947,0.100419,0.140948
phi_V500_ELOW_z1.5_p0.25_s1,8,content_knn_1,0.004510,0.001318,0.008809
phi_V500_ELOW_z1.5_p0.25_s1,8,content_knn_3,0.002998,0.000000,0.006359
phi_V500_ELOW_z1.5_p0.25_s1,8,content_knn_5,0.001680,0.000000,0.004298
phi_V500_ELOW_z1.5_p0.25_s1,8,last_item_nbhd,0.006907,0.001719,0.012877
phi_V500_ELOW_z1.5_p0.25_s1,8,pop_scaled_content,0.143149,0.120837,0.165075
phi_V500_ELOW_z1.5_p0.25_s1,8,co_purchase,0.000640,0.000000,0.001920
phi_V500_ELOW_z1.5_p0.25_s1,8,lambda_hybrid_0.25,0.136376,0.115250,0.158717
phi_V500_ELOW_z1.5_p0.25_s1,8,lambda_hybrid_0.5,0.088327,0.067884,0.108013
phi_V500_ELOW_z1.5_p0.25_s1,8,lambda_hybrid_0.75,0.051325,0.036439,0.066421
phi_V500_ELOW_z1.5_p0.5_s0,0,pop_global,0.072711,0.060095,0.085060
phi_V500_ELOW_z1.5_p0.5_s0,0,recency_pop_0.1,0.015221,0.009715,0.020801
phi_V500_ELOW_z1.5_p0.5_s0,0,recency_pop_0.5,0.032167,0.022621,0.042800
phi_V500_ELOW_z1.5_p0.5_s0,0,recency_pop_1.0,0.032675,0.023443,0.043369
phi_V500_ELOW_z1.5_p0.5_s0,0,pop_category,0.065922,0.054896,0.078705
phi_V500_ELOW_z1.5_p0.5_s0,0,pop_price,0.067674,0.056278,0.080582
phi_V500_ELOW_z1.5_p0.5_s0,0,lambda_hybrid_0.25,0.072711,0.060228,0.085817
phi_V500_ELOW_z1.5_p0.5_s0,0,lambda_hybrid_0.5,0.072711,0.060339,0.085329
phi_V500_ELOW_z1.5_p0.5_s0,0,lambda_hybrid_0.75,0.072711,0.061755,0.084801
phi_V500_ELOW_z1.5_p0.5_s0,0,active_elic2,0.031669,0.023275,0.040870
phi_V500_ELOW_z1.5_p0.5_s0,1,pop_global,0.093382,0.079346,0.108021
phi_V500_ELOW_z1.5_p0.5_s0,1,recency_pop_0.1,0.021827,0.014375,0.030099
phi_V500_ELOW_z1.5_p0.5_s0,1,recency_pop_0.5,0.036575,0.026675,0.047431
phi_V500_ELOW_z1.5_p0.5_s0,1,recency_pop_1.0,0.036732,0.026901,0.047043
phi_V500_ELOW_z1.5_p0.5_s0,1,pop_category,0.089981,0.075562,0.104857
phi_V500_ELOW_z1.5_p0.5_s0,1,pop_price,0.090674,0.076370,0.105429
phi_V500_ELOW_z1.5_p0.5_s0,1,content_knn_1,0.009038,0.004670,0.013784
phi_V500_ELOW_z1.5_p0.5_s0,1,content_knn_3,0.009768,0.005326,0.015607
phi_V500_ELOW_z1.5_p0.5_s0,1,content_knn_5,0.007732,0.003922,0.012286
phi_V500_ELOW_z1.5_p0.5_s0,1,last_item_nbhd,0.008351,0.004140,0.013306
phi_V500_ELOW_z1.5_p0.5_s0,1,pop_scaled_content,0.078890,0.064443,0.094866
phi_V500_ELOW_z1.5_p0.5_s0,1,co_purchase,0.004335,0.001248,0.008309
phi_V500_ELOW_z1.5_p0.5_s0,1,lambda_hybrid_0.25,0.084652,0.070294,0.099979
phi_V500_ELOW_z1.5_p0.5_s0,1,lambda_hybrid_0.5,0.047464,0.035727,0.059392
phi_V500_ELOW_z1.5_p0.5_s0,1,lambda_hybrid_0.75,0.023758,0.016080,0.032477
phi_V500_ELOW_z1.5_p0.5_s0,2,pop_global,0.105585,0.089001,0.122587
phi_V500_ELOW_z1.5_p0.5_s0,2,recency_pop_0.1,0.051293,0.039947,0.063294
phi_V500_ELOW_z1.5_p0.5_s0,2,recency_pop_0.5,0.071291,0.057162,0.085849
phi_V500_ELOW_z1.5_p0.5_s0,2,recency_pop_1.0,0.070553,0.056322,0.085089
phi_V500_ELOW_z1.5_p0.5_s0,2,pop_category,0.103119,0.087096,0.120010
phi_V500_ELOW_z1.5_p0.5_s0,2,pop_price,0.104097,0.087871,0.120120
phi_V500_ELOW_z1.5_p0.5_s0,2,content_knn_1,0.006945,0.003451,0.011534
phi_V500_ELOW_z1.5_p0.5_s0,2,content_knn_3,0.007645,0.003704,0.012133
phi_V500_ELOW_z1.5_p0.5_s0,2,content_knn_5,0.008094,0.004397,0.012204
phi_V500_ELOW_z1.5_p0.5_s0,2,last_item_nbhd,0.005163,0.002308,0.008466
phi_V500_ELOW_z1.5_p0.5_s0,2,pop_scaled_content,0.100760,0.084082,0.115956
phi_V500_ELOW_z1.5_p0.5_s0,2,co_purchase,0.002948,0.000498,0.005897
phi_V500_ELOW_z1.5_p0.5_s0,2,lambda_hybrid_0.25,0.099898,0.083944,0.116024
phi_V500_ELOW_z1.5_p0.5_s0,2,lambda_hybrid_0.5,0.068637,0.054554,0.083362
phi_V500_ELOW_z1.5_p0.5_s0,2,lambda_hybrid_0.75,0.041825,0.030629,0.053990
phi_V500_ELOW_z1.5_p0.5_s0,3,pop_global,0.133908,0.116132,0.152448
phi_V500_ELOW_z1.5_p0.5_s0,3,recency_pop_0.1,0.069698,0.057506,0.084441
phi_V500_ELOW_z1.5_p0.5_s0,3,recency_pop_0.5,0.087370,0.073017,0.104142
phi_V500_ELOW_z1.5_p0.5_s0,3,recency_pop_1.0,0.087159,0.071203,0.102896
phi_V500_ELOW_z1.5_p0.5_s0,3,pop_category,0.129485,0.110932,0.149769
phi_V500_ELOW_z1.5_p0.5_s0,3,pop_price,0.130190,0.112145,0.148214
phi_V500_ELOW_z1.5_p0.5_s0,3,content_knn_1,0.004345,0.001569,0.007573
phi_V500_ELOW_z1.5_p0.5_s0,3,content_knn_3,0.007551,0.003242,0.012159
phi_V500_ELOW_z1.5_p0.5_s0,3,content_knn_5,0.006765,0.003630,0.011066
phi_V500_ELOW_z1.5_p0.5_s0,3,last_item_nbhd,0.005760,0.002325,0.010087
phi_V500_ELOW_z1.5_p0.5_s0,3,pop_scaled_content,0.130563,0.113247,0.148967
phi_V500_ELOW_z1.5_p0.5_s0,3,co_purchase,0.003890,0.001014,0.007737
phi_V500_ELOW_z1.5_p0.5_s0,3,lambda_hybrid_0.25,0.131889,0.113716,0.150060
phi_V500_ELOW_z1.5_p0.5_s0,3,lambda_hybrid_0.5,0.097590,0.080671,0.115106
phi_V500_ELOW_z1.5_p0.5_s0,3,lambda_hybrid_0.75,0.074896,0.059206,0.090195
phi_V500_ELOW_z1.5_p0.5_s0,5,pop_global,0.162427,0.140410,0.186647
phi_V500_ELOW_z1.5_p0.5_s0,5,recency_pop_0.1,0.094655,0.078590,0.110962
phi_V500_ELOW_z1.5_p0.5_s0,5,recency_pop_0.5,0.113126,0.094310,0.131446
phi_V500_ELOW_z1.5_p0.5_s0,5,recency_pop_1.0,0.110663,0.092580,0.128456
phi_V500_ELOW_z1.5_p0.5_s0,5,pop_category,0.164174,0.140907,0.188714
phi_V500_ELOW_z1.5_p0.5_s0,5,pop_price,0.166242,0.143308,0.187368
phi_V500_ELOW_z1.5_p0.5_s0,5,content_knn_1,0.007149,0.003154,0.011872
phi_V500_ELOW_z1.5_p0.5_s0,5,content_knn_3,0.009628,0.004839,0.015214
phi_V500_ELOW_z1.5_p0.5_s0,5,content_knn_5,0.010068,0.004769,0.015443
phi_V500_ELOW_z1.5_p0.5_s0,5,last_item_nbhd,0.008849,0.004571,0.013989
phi_V500_ELOW_z1.5_p0.5_s0,5,pop_scaled_content,0.164476,0.141932,0.187107
phi_V500_ELOW_z1.5_p0.5_s0,5,co_purchase,0.002078,0.000000,0.004844
phi_V500_ELOW_z1.5_p0.5_s0,5,lambda_hybrid_0.25,0.164282,0.143738,0.186815
phi_V500_ELOW_z1.5_p0.5_s0,5,lambda_hybrid_0.5,0.144696,0.123780,0.167814
phi_V500_ELOW_z1.5_p0.5_s0,5,lambda_hybrid_0.75,0.119291,0.099026,0.139225
phi_V500_ELOW_z1.5_p0.5_s0,8,pop_global,0.180053,0.153679,0.207193
phi_V500_ELOW_z1.5_p0.5_s0,8,recency_pop_0.1,0.157544,0.131732,0.183729
phi_V500_ELOW_z1.5_p0.5_s0,8,recency_pop_0.5,0.163360,0.137939,0.188970
phi_V500_ELOW_z1.5_p0.5_s0,8,recency_pop_1.0,0.158351,0.132693,0.186426
phi_V500_ELOW_z1.5_p0.5_s0,8,pop_category,0.181067,0.152710,0.208385
phi_V500_ELOW_z1.5_p0.5_s0,8,pop_price,0.180893,0.153461,0.210614
phi_V500_ELOW_z1.5_p0.5_s0,8,content_knn_1,0.005750,0.001771,0.010212
phi_V500_ELOW_z1.5_p0.5_s0,8,content_knn_3,0.005159,0.001315,0.009555
phi_V500_ELOW_z1.5_p0.5_s0,8,content_knn_5,0.006607,0.002496,0.011634
phi_V500_ELOW_z1.5_p0.5_s0,8,last_item_nbhd,0.005637,0.001527,0.011169
phi_V500_ELOW_z1.5_p0.5_s0,8,pop_scaled_content,0.192277,0.165476,0.223386
phi_V500_ELOW_z1.5_p0.5_s0,8,co_purchase,0.002881,0.000000,0.007288
phi_V500_ELOW_z1.5_p0.5_s0,8,lambda_hybrid_0.25,0.188154,0.161891,0.215592
phi_V500_ELOW_z1.5_p0.5_s0,8,lambda_hybrid_0.5,0.163467,0.138381,0.189819
phi_V500_ELOW_z1.5_p0.5_s0,8,lambda_hybrid_0.75,0.122507,0.100004,0.148820
phi_V500_ELOW_z1.5_p0.5_s1,0,pop_global,0.093133,0.077330,0.108010
phi_V500_ELOW_z1.5_p0.5_s1,0,recency_pop_0.1,0.015224,0.008632,0.021252
phi_V500_ELOW_z1.5_p0.5_s1,0,recency_pop_0.5,0.019048,0.012475,0.026588
phi_V500_ELOW_z1.5_p0.5_s1,0,recency_pop_1.0,0.019274,0.012444,0.027162
phi_V500_ELOW_z1.5_p0.5_s1,0,pop_category,0.075635,0.060823,0.090572
phi_V500_ELOW_z1.5_p0.5_s1,0,pop_price,0.093133,0.077254,0.109138
phi_V500_ELOW_z1.5_p0.5_s1,0,lambda_hybrid_0.25,0.093133,0.077783,0.109366
phi_V500_ELOW_z1.5_p0.5_s1,0,lambda_hybrid_0.5,0.093133,0.079536,0.109482
phi_V500_ELOW_z1.5_p0.5_s1,0,lambda_hybrid_0.75,0.093133,0.078512,0.108610
phi_V500_ELOW_z1.5_p0.5_s1,0,active_elic2,0.079580,0.064723,0.095427
phi_V500_ELOW_z1.5_p0.5_s1,1,pop_global,0.087499,0.072609,0.102656
phi_V500_ELOW_z1.5_p0.5_s1,1,recency_pop_0.1,0.035767,0.027674,0.044890
phi_V500_ELOW_z1.5_p0.5_s1,1,recency_pop_0.5,0.044971,0.034022,0.056609
phi_V500_ELOW_z1.5_p0.5_s1,1,recency_pop_1.0,0.046518,0.035258,0.057544
phi_V500_ELOW_z1.5_p0.5_s1,1,pop_category,0.079490,0.064379,0.095023
phi_V500_ELOW_z1.5_p0.5_s1,1,pop_price,0.087886,0.073300,0.103242
phi_V500_ELOW_z1.5_p0.5_s1,1,content_knn_1,0.007335,0.003387,0.012297
phi_V500_ELOW_z1.5_p0.5_s1,1,content_knn_3,0.007597,0.003422,0.012679
phi_V500_ELOW_z1.5_p0.5_s1,1,content_knn_5,0.007510,0.003378,0.012055
phi_V500_ELOW_z1.5_p0.5_s1,1,last_item_nbhd,0.007591,0.003590,0.012365
phi_V500_ELOW_z1.5_p0.5_s1,1,pop_scaled_content,0.073431,0.059846,0.087733
phi_V500_ELOW_z1.5_p0.5_s1,1,co_purchase,0.006415,0.002678,0.010989
phi_V500_ELOW_z1.5_p0.5_s1,1,lambda_hybrid_0.25,0.087323,0.072354,0.103155
phi_V500_ELOW_z1.5_p0.5_s1,1,lambda_hybrid_0.5,0.062133,0.049133,0.074577
phi_V500_ELOW_z1.5_p0.5_s1,1,lambda_hybrid_0.75,0.025294,0.016899,0.034431
phi_V500_ELOW_z1.5_p0.5_s1,2,pop_global,0.108784,0.092030,0.125613
phi_V500_ELOW_z1.5_p0.5_s1,2,recency_pop_0.1,0.056455,0.046250,0.068124
phi_V500_ELOW_z1.5_p0.5_s1,2,recency_pop_0.5,0.064333,0.050868,0.078045
phi_V500_ELOW_z1.5_p0.5_s1,2,recency_pop_1.0,0.063902,0.051901,0.077076
phi_V500_ELOW_z1.5_p0.5_s1,2,pop_category,0.102886,0.086702,0.118783
phi_V500_ELOW_z1.5_p0.5_s1,2,pop_price,0.108784,0.092999,0.125629
phi_V500_ELOW_z1.5_p0.5_s1,2,content_knn_1,0.005097,0.001630,0.009239
phi_V500_ELOW_z1.5_p0.5_s1,2,content_knn_3,0.006127,0.002818,0.010085
phi_V500_ELOW_z1.5_p0.5_s1,2,content_knn_5,0.005985,0.002292,0.010616
phi_V500_ELOW_z1.5_p0.5_s1,2,last_item_nbhd,0.003204,0.000774,0.006774
phi_V500_ELOW_z1.5_p0.5_s1,2,pop_scaled_content,0.111586,0.094208,0.128771
phi_V500_ELOW_z1.5_p0.5_s1,2,co_purchase,0.004566,0.001679,0.007840
phi_V500_ELOW_z1.5_p0.5_s1,2,lambda_hybrid_0.25,0.111479,0.095182,0.129039
phi_V500_ELOW_z1.5_p0.5_s1,2,lambda_hybrid_0.5,0.085617,0.069553,0.101685
phi_V500_ELOW_z1.5_p0.5_s1,2,lambda_hybrid_0.75,0.054224,0.040001,0.068599
phi_V500_ELOW_z1.5_p0.5_s1,3,pop_global,0.134506,0.115647,0.154734
phi_V500_ELOW_z1.5_p0.5_s1,3,recency_pop_0.1,0.071770,0.059410,0.084934
phi_V500_ELOW_z1.5_p0.5_s1,3,recency_pop_0.5,0.085046,0.070117,0.099689
phi_V500_ELOW_z1.5_p0.5_s1,3,recency_pop_1.0,0.084901,0.069886,0.099961
phi_V500_ELOW_z1.5_p0.5_s1,3,pop_category,0.121575,0.103848,0.141668
phi_V500_ELOW_z1.5_p0.5_s1,3,pop_price,0.134506,0.116702,0.154275
phi_V500_ELOW_z1.5_p0.5_s1,3,content_knn_1,0.006120,0.002694,0.010346
phi_V500_ELOW_z1.5_p0.5_s1,3,content_knn_3,0.011161,0.006419,0.016603
phi_V500_ELOW_z1.5_p0.5_s1,3,content_knn_5,0.008881,0.004274,0.014308
phi_V500_ELOW_z1.5_p0.5_s1,3,last_item_nbhd,0.005342,0.002189,0.009171
phi_V500_ELOW_z1.5_p0.5_s1,3,pop_scaled_content,0.122868,0.106064,0.141522
phi_V500_ELOW_z1.5_p0.5_s1,3,co_purchase,0.002537,0.000778,0.004935
phi_V500_ELOW_z1.5_p0.5_s1,3,lambda_hybrid_0.25,0.132172,0.114618,0.152626
phi_V500_ELOW_z1.5_p0.5_s1,3,lambda_hybrid_0.5,0.104878,0.087195,0.122989
phi_V500_ELOW_z1.5_p0.5_s1,3,lambda_hybrid_0.75,0.060432,0.045655,0.074719
phi_V500_ELOW_z1.5_p0.5_s1,5,pop_global,0.126798,0.108486,0.143709
phi_V500_ELOW_z1.5_p0.5_s1,5,recency_pop_0.1,0.130638,0.114494,0.148779
phi_V500_ELOW_z1.5_p0.5_s1,5,recency_pop_0.5,0.133163,0.116158,0.152177
phi_V500_ELOW_z1.5_p0.5_s1,5,recency_pop_1.0,0.134683,0.117399,0.151934
phi_V500_ELOW_z1.5_p0.5_s1,5,pop_category,0.133431,0.116593,0.153056
phi_V500_ELOW_z1.5_p0.5_s1,5,pop_price,0.123079,0.105275,0.140255
phi_V500_ELOW_z1.5_p0.5_s1,5,content_knn_1,0.005161,0.001720,0.009553
phi_V500_ELOW_z1.5_p0.5_s1,5,content_knn_3,0.008830,0.004229,0.014109
phi_V500_ELOW_z1.5_p0.5_s1,5,content_knn_5,0.006294,0.002674,0.011020
phi_V500_ELOW_z1.5_p0.5_s1,5,last_item_nbhd,0.007560,0.003334,0.012611
phi_V500_ELOW_z1.5_p0.5_s1,5,pop_scaled_content,0.138338,0.120127,0.156484
phi_V500_ELOW_z1.5_p0.5_s1,5,co_purchase,0.001917,0.000000,0.004527
phi_V500_ELOW_z1.5_p0.5_s1,5,lambda_hybrid_0.25,0.144097,0.126493,0.162090
phi_V500_ELOW_z1.5_p0.5_s1,5,lambda_hybrid_0.5,0.099621,0.081955,0.117506
phi_V500_ELOW_z1.5_p0.5_s1,5,lambda_hybrid_0.75,0.057833,0.043690,0.071295
phi_V500_ELOW_z1.5_p0.5_s1,8,pop_global,0.134143,0.110984,0.156155
phi_V500_ELOW_z1.5_p0.5_s1,8,recency_pop_0.1,0.146242,0.124844,0.169048
phi_V500_ELOW_z1.5_p0.5_s1,8,recency_pop_0.5,0.143056,0.121029,0.165914
phi_V500_ELOW_z1.5_p0.5_s1,8,recency_pop_1.0,0.140588,0.119231,0.163223
phi_V500_ELOW_z1.5_p0.5_s1,8,pop_category,0.123299,0.105714,0.143812
phi_V500_ELOW_z1.5_p0.5_s1,8,pop_price,0.119990,0.099319,0.139554
phi_V500_ELOW_z1.5_p0.5_s1,8,content_knn_1,0.004381,0.000640,0.009038
phi_V500_ELOW_z1.5_p0.5_s1,8,content_knn_3,0.001150,0.000000,0.002874
phi_V500_ELOW_z1.5_p0.5_s1,8,content_knn_5,0.000000,0.000000,0.000000
phi_V500_ELOW_z1.5_p0.5_s1,8,last_item_nbhd,0.003741,0.000575,0.008199
phi_V500_ELOW_z1.5_p0.5_s1,8,pop_scaled_content,0.137288,0.115279,0.160093
phi_V500_ELOW_z1.5_p0.5_s1,8,co_purchase,0.000575,0.000000,0.001724
phi_V500_ELOW_z1.5_p0.5_s1,8,lambda_hybrid_0.25,0.130427,0.108908,0.151411
phi_V500_ELOW_z1.5_p0.5_s1,8,lambda_hybrid_0.5,0.075665,0.057770,0.094992
phi_V500_ELOW_z1.5_p0.5_s1,8,lambda_hybrid_0.75,0.040355,0.026780,0.053785
phi_V500_ELOW_z1.5_p0.5_s2,0,pop_global,0.034032,0.026242,0.042432
phi_V500_ELOW_z1.5_p0.5_s2,0,recency_pop_0.1,0.011510,0.005892,0.017685
phi_V500_ELOW_z1.5_p0.5_s2,0,recency_pop_0.5,0.012710,0.006892,0.019249
phi_V500_ELOW_z1.5_p0.5_s2,0,recency_pop_1.0,0.014184,0.007535,0.021190
phi_V500_ELOW_z1.5_p0.5_s2,0,pop_category,0.045388,0.035630,0.055216
phi_V500_ELOW_z1.5_p0.5_s2,0,pop_price,0.020871,0.014209,0.028692
phi_V500_ELOW_z1.5_p0.5_s2,0,lambda_hybrid_0.25,0.034032,0.026652,0.041967
phi_V500_ELOW_z1.5_p0.5_s2,0,lambda_hybrid_0.5,0.034032,0.025921,0.042754
phi_V500_ELOW_z1.5_p0.5_s2,0,lambda_hybrid_0.75,0.034032,0.025895,0.042361
phi_V500_ELOW_z1.5_p0.5_s2,0,active_elic2,0.046161,0.035810,0.055615
phi_V500_ELOW_z1.5_p0.5_s2,1,pop_global,0.040149,0.031405,0.048531
phi_V500_ELOW_z1.5_p0.5_s2,1,recency_pop_0.1,0.024278,0.016766,0.032611
phi_V500_ELOW_z1.5_p0.5_s2,1,recency_pop_0.5,0.026954,0.018449,0.037409
phi_V500_ELOW_z1.5_p0.5_s2,1,recency_pop_1.0,0.029036,0.020925,0.038130
phi_V500_ELOW_z1.5_p0.5_s2,1,pop_category,0.040775,0.031036,0.050269
phi_V500_ELOW_z1.5_p0.5_s2,1,pop_price,0.037005,0.027138,0.047116
phi_V500_ELOW_z1.5_p0.5_s2,1,content_knn_1,0.013320,0.007512,0.020035
phi_V500_ELOW_z1.5_p0.5_s2,1,content_knn_3,0.010076,0.005101,0.015535
phi_V500_ELOW_z1.5_p0.5_s2,1,content_knn_5,0.009280,0.004998,0.014452
phi_V500_ELOW_z1.5_p0.5_s2,1,last_item_nbhd,0.011820,0.006083,0.018150
phi_V500_ELOW_z1.5_p0.5_s2,1,pop_scaled_content,0.055310,0.043267,0.067887
phi_V500_ELOW_z1.5_p0.5_s2,1,co_purchase,0.004854,0.001860,0.008716
phi_V500_ELOW_z1.5_p0.5_s2,1,lambda_hybrid_0.25,0.042555,0.033727,0.052168
phi_V500_ELOW_z1.5_p0.5_s2,1,lambda_hybrid_0.5,0.044720,0.035237,0.055108
phi_V500_ELOW_z1.5_p0.5_s2,1,lambda_hybrid_0.75,0.025002,0.017008,0.033488
phi_V500_ELOW_z1.5_p0.5_s2,2,pop_global,0.058846,0.047300,0.071120
phi_V500_ELOW_z1.5_p0.5_s2,2,recency_pop_0.1,0.042851,0.033250,0.053857
phi_V500_ELOW_z1.5_p0.5_s2,2,recency_pop_0.5,0.050454,0.039539,0.061335
phi_V500_ELOW_z1.5_p0.5_s2,2,recency_pop_1.0,0.049066,0.038671,0.060367
phi_V500_ELOW_z1.5_p0.5_s2,2,pop_category,0.057694,0.046275,0.070127
phi_V500_ELOW_z1.5_p0.5_s2,2,pop_price,0.057701,0.045623,0.070127
phi_V500_ELOW_z1.5_p0.5_s2,2,content_knn_1,0.009563,0.005670,0.014308
phi_V500_ELOW_z1.5_p0.5_s2,2,content_knn_3,0.010203,0.005141,0.016141
phi_V500_ELOW_z1.5_p0.5_s2,2,content_knn_5,0.008464,0.004411,0.013101
phi_V500_ELOW_z1.5_p0.5_s2,2,last_item_nbhd,0.007841,0.004203,0.011853
phi_V500_ELOW_z1.5_p0.5_s2,2,pop_scaled_content,0.072801,0.059940,0.084917
phi_V500_ELOW_z1.5_p0.5_s2,2,co_purchase,0.004131,0.000991,0.008500
phi_V500_ELOW_z1.5_p0.5_s2,2,lambda_hybrid_0.25,0.065878,0.053734,0.078481
phi_V500_ELOW_z1.5_p0.5_s2,2,lambda_hybrid_0.5,0.071191,0.058697,0.084875
phi_V500_ELOW_z1.5_p0.5_s2,2,lambda_hybrid_0.75,0.034661,0.025841,0.045129
phi_V500_ELOW_z1.5_p0.5_s2,3,pop_global,0.069542,0.056186,0.082689
phi_V500_ELOW_z1.5_p0.5_s2,3,recency_pop_0.1,0.052943,0.041090,0.065613
phi_V500_ELOW_z1.5_p0.5_s2,3,recency_pop_0.5,0.058181,0.045276,0.071076
phi_V500_ELOW_z1.5_p0.5_s2,3,recency_pop_1.0,0.055808,0.043619,0.069303
phi_V500_ELOW_z1.5_p0.5_s2,3,pop_category,0.070136,0.056922,0.083742
phi_V500_ELOW_z1.5_p0.5_s2,3,pop_price,0.069090,0.056065,0.081924
phi_V500_ELOW_z1.5_p0.5_s2,3,content_knn_1,0.008156,0.004688,0.011724
phi_V500_ELOW_z1.5_p0.5_s2,3,content_knn_3,0.007402,0.003631,0.011510
phi_V500_ELOW_z1.5_p0.5_s2,3,content_knn_5,0.008011,0.003542,0.012297
phi_V500_ELOW_z1.5_p0.5_s2,3,last_item_nbhd,0.008118,0.004428,0.012452
phi_V500_ELOW_z1.5_p0.5_s2,3,pop_scaled_content,0.078212,0.064722,0.092534
phi_V500_ELOW_z1.5_p0.5_s2,3,co_purchase,0.002625,0.000392,0.005480
phi_V500_ELOW_z1.5_p0.5_s2,3,lambda_hybrid_0.25,0.075533,0.062730,0.089497
phi_V500_ELOW_z1.5_p0.5_s2,3,lambda_hybrid_0.5,0.082914,0.068444,0.098164
phi_V500_ELOW_z1.5_p0.5_s2,3,lambda_hybrid_0.75,0.047571,0.036392,0.060084
phi_V500_ELOW_z1.5_p0.5_s2,5,pop_global,0.096970,0.081566,0.114029
phi_V500_ELOW_z1.5_p0.5_s2,5,recency_pop_0.1,0.091996,0.076401,0.107765
phi_V500_ELOW_z1.5_p0.5_s2,5,recency_pop_0.5,0.093802,0.079136,0.110952
phi_V500_ELOW_z1.5_p0.5_s2,5,recency_pop_1.0,0.091918,0.077123,0.107529
phi_V500_ELOW_z1.5_p0.5_s2,5,pop_category,0.093900,0.078830,0.109500
phi_V500_ELOW_z1.5_p0.5_s2,5,pop_price,0.104537,0.089036,0.120836
phi_V500_ELOW_z1.5_p0.5_s2,5,content_knn_1,0.007867,0.004309,0.012263
phi_V500_ELOW_z1.5_p0.5_s2,5,content_knn_3,0.008444,0.004395,0.012816
phi_V500_ELOW_z1.5_p0.5_s2,5,content_knn_5,0.008888,0.004589,0.013718
phi_V500_ELOW_z1.5_p0.5_s2,5,last_item_nbhd,0.012109,0.006432,0.018173
phi_V500_ELOW_z1.5_p0.5_s2,5,pop_scaled_content,0.102601,0.085922,0.118193
phi_V500_ELOW_z1.5_p0.5_s2,5,co_purchase,0.000940,0.000000,0.002531
phi_V500_ELOW_z1.5_p0.5_s2,5,lambda_hybrid_0.25,0.103986,0.087437,0.120026
phi_V500_ELOW_z1.5_p0.5_s2,5,lambda_hybrid_0.5,0.106095,0.089499,0.123046
phi_V500_ELOW_z1.5_p0.5_s2,5,lambda_hybrid_0.75,0.056948,0.043809,0.070129
phi_V500_ELOW_z1.5_p0.5_s2,8,pop_global,0.138817,0.115932,0.163789
phi_V500_ELOW_z1.5_p0.5_s2,8,recency_pop_0.1,0.158202,0.132393,0.184623
phi_V500_ELOW_z1.5_p0.5_s2,8,recency_pop_0.5,0.153873,0.131191,0.176996
phi_V500_ELOW_z1.5_p0.5_s2,8,recency_pop_1.0,0.151960,0.128426,0.175733
phi_V500_ELOW_z1.5_p0.5_s2,8,pop_category,0.129794,0.109345,0.151184
phi_V500_ELOW_z1.5_p0.5_s2,8,pop_price,0.153483,0.132287,0.176754
phi_V500_ELOW_z1.5_p0.5_s2,8,content_knn_1,0.004493,0.000947,0.009843
phi_V500_ELOW_z1.5_p0.5_s2,8,content_knn_3,0.004707,0.001293,0.009109
phi_V500_ELOW_z1.5_p0.5_s2,8,content_knn_5,0.006920,0.002559,0.011797
phi_V500_ELOW_z1.5_p0.5_s2,8,last_item_nbhd,0.008461,0.002968,0.015220
phi_V500_ELOW_z1.5_p0.5_s2,8,pop_scaled_content,0.146709,0.124455,0.171759
phi_V500_ELOW_z1.5_p0.5_s2,8,co_purchase,0.001594,0.000000,0.004436
phi_V500_ELOW_z1.5_p0.5_s2,8,lambda_hybrid_0.25,0.149600,0.126064,0.173922
phi_V500_ELOW_z1.5_p0.5_s2,8,lambda_hybrid_0.5,0.149443,0.125704,0.172163
phi_V500_ELOW_z1.5_p0.5_s2,8,lambda_hybrid_0.75,0.083866,0.065335,0.103028
phi_V500_ELOW_z1.5_p0_s0,0,pop_global,0.074451,0.062135,0.087311
phi_V500_ELOW_z1.5_p0_s0,0,recency_pop_0.1,0.013842,0.008189,0.019634
phi_V500_ELOW_z1.5_p0_s0,0,recency_pop_0.5,0.029648,0.020217,0.039678
phi_V500_ELOW_z1.5_p0_s0,0,recency_pop_1.0,0.030484,0.021791,0.040108
phi_V500_ELOW_z1.5_p0_s0,0,pop_category,0.067101,0.054878,0.079843
phi_V500_ELOW_z1.5_p0_s0,0,pop_price,0.068349,0.056762,0.081728
phi_V500_ELOW_z1.5_p0_s0,0,lambda_hybrid_0.25,0.074451,0.062386,0.086475
phi_V500_ELOW_z1.5_p0_s0,0,lambda_hybrid_0.5,0.074451,0.062859,0.086192
phi_V500_ELOW_z1.5_p0_s0,0,lambda_hybrid_0.75,0.074451,0.061425,0.086808
phi_V500_ELOW_z1.5_p0_s0,0,active_elic2,0.043682,0.034078,0.053967
phi_V500_ELOW_z1.5_p0_s0,1,pop_global,0.094997,0.080630,0.109353
phi_V500_ELOW_z1.5_p0_s0,1,recency_pop_0.1,0.023585,0.016057,0.032448
phi_V500_ELOW_z1.5_p0_s0,1,recency_pop_0.5,0.029258,0.021078,0.038404
phi_V500_ELOW_z1.5_p0_s0,1,recency_pop_1.0,0.029875,0.021690,0.038604
phi_V500_ELOW_z1.5_p0_s0,1,pop_category,0.092421,0.076614,0.107155
phi_V500_ELOW_z1.5_p0_s0,1,pop_price,0.093289,0.077539,0.108248
phi_V500_ELOW_z1.5_p0_s0,1,content_knn_1,0.005371,0.002066,0.009295
phi_V500_ELOW_z1.5_p0_s0,1,content_knn_3,0.006145,0.002696,0.010247
phi_V500_ELOW_z1.5_p0_s0,1,content_knn_5,0.005284,0.002178,0.009490
phi_V500_ELOW_z1.5_p0_s0,1,last_item_nbhd,0.004941,0.001835,0.008795
phi_V500_ELOW_z1.5_p0_s0,1,pop_scaled_content,0.089069,0.073755,0.104062
phi_V500_ELOW_z1.5_p0_s0,1,co_purchase,0.006470,0.002752,0.010438
phi_V500_ELOW_z1.5_p0_s0,1,lambda_hybrid_0.25,0.081988,0.068325,0.097191
phi_V500_ELOW_z1.5_p0_s0,1,lambda_hybrid_0.5,0.045351,0.033598,0.058396
phi_V500_ELOW_z1.5_p0_s0,1,lambda_hybrid_0.75,0.023310,0.015222,0.032286
phi_V500_ELOW_z1.5_p0_s0,2,pop_global,0.107221,0.090568,0.123329
phi_V500_ELOW_z1.5_p0_s0,2,recency_pop_0.1,0.053345,0.040807,0.067380
phi_V500_ELOW_z1.5_p0_s0,2,recency_pop_0.5,0.063636,0.049479,0.077698
phi_V500_ELOW_z1.5_p0_s0,2,recency_pop_1.0,0.066841,0.052962,0.080945
phi_V500_ELOW_z1.5_p0_s0,2,pop_category,0.104013,0.087887,0.121268
phi_V500_ELOW_z1.5_p0_s0,2,pop_price,0.103976,0.088326,0.120509
phi_V500_ELOW_z1.5_p0_s0,2,content_knn_1,0.010563,0.005821,0.016342
phi_V500_ELOW_z1.5_p0_s0,2,content_knn_3,0.007790,0.003528,0.013157
phi_V500_ELOW_z1.5_p0_s0,2,content_knn_5,0.007206,0.003608,0.011293
phi_V500_ELOW_z1.5_p0_s0,2,last_item_nbhd,0.007046,0.003492,0.011188
phi_V500_ELOW_z1.5_p0_s0,2,pop_scaled_content,0.102613,0.086634,0.118554
phi_V500_ELOW_z1.5_p0_s0,2,co_purchase,0.005254,0.001761,0.009608
phi_V500_ELOW_z1.5_p0_s0,2,lambda_hybrid_0.25,0.107513,0.091836,0.124051
phi_V500_ELOW_z1.5_p0_s0,2,lambda_hybrid_0.5,0.077087,0.061386,0.092143
phi_V500_ELOW_z1.5_p0_s0,2,lambda_hybrid_0.75,0.052383,0.039944,0.065831
phi_V500_ELOW_z1.5_p0_s0,3,pop_global,0.134450,0.116015,0.153404
phi_V500_ELOW_z1.5_p0_s0,3,recency_pop_0.1,0.074033,0.059351,0.090020
phi_V500_ELOW_z1.5_p0_s0,3,recency_pop_0.5,0.077676,0.063891,0.092998
phi_V500_ELOW_z1.5_p0_s0,3,recency_pop_1.0,0.076450,0.062318,0.091531
phi_V500_ELOW_z1.5_p0_s0,3,pop_category,0.136179,0.116345,0.155553
phi_V500_ELOW_z1.5_p0_s0,3,pop_price,0.132178,0.113924,0.151231
phi_V500_ELOW_z1.5_p0_s0,3,content_knn_1,0.009578,0.005156,0.014827
phi_V500_ELOW_z1.5_p0_s0,3,content_knn_3,0.009442,0.004886,0.014603
phi_V500_ELOW_z1.5_p0_s0,3,content_knn_5,0.010740,0.005427,0.016576
phi_V500_ELOW_z1.5_p0_s0,3,last_item_nbhd,0.011517,0.006779,0.016780
phi_V500_ELOW_z1.5_p0_s0,3,pop_scaled_content,0.132386,0.112525,0.152760
phi_V500_ELOW_z1.5_p0_s0,3,co_purchase,0.005632,0.002294,0.009729
phi_V500_ELOW_z1.5_p0_s0,3,lambda_hybrid_0.25,0.135643,0.117124,0.154444
phi_V500_ELOW_z1.5_p0_s0,3,lambda_hybrid_0.5,0.107288,0.089536,0.125493
phi_V500_ELOW_z1.5_p0_s0,3,lambda_hybrid_0.75,0.081742,0.066529,0.097622
phi_V500_ELOW_z1.5_p0_s0,5,pop_global,0.180528,0.156116,0.204620
phi_V500_ELOW_z1.5_p0_s0,5,recency_pop_0.1,0.101441,0.084873,0.118380
phi_V500_ELOW_z1.5_p0_s0,5,recency_pop_0.5,0.123870,0.103733,0.143424
phi_V500_ELOW_z1.5_p0_s0,5,recency_pop_1.0,0.117706,0.098725,0.137045
phi_V500_ELOW_z1.5_p0_s0,5,pop_category,0.183561,0.158101,0.208234
phi_V500_ELOW_z1.5_p0_s0,5,pop_price,0.184187,0.160433,0.207542
phi_V500_ELOW_z1.5_p0_s0,5,content_knn_1,0.006077,0.002855,0.010254
phi_V500_ELOW_z1.5_p0_s0,5,content_knn_3,0.007027,0.003050,0.011802
phi_V500_ELOW_z1.5_p0_s0,5,content_knn_5,0.006704,0.002776,0.011292
phi_V500_ELOW_z1.5_p0_s0,5,last_item_nbhd,0.005425,0.002372,0.009039
phi_V500_ELOW_z1.5_p0_s0,5,pop_scaled_content,0.185355,0.162918,0.208653
phi_V500_ELOW_z1.5_p0_s0,5,co_purchase,0.002616,0.000464,0.005382
phi_V500_ELOW_z1.5_p0_s0,5,lambda_hybrid_0.25,0.184663,0.162087,0.208001
phi_V500_ELOW_z1.5_p0_s0,5,lambda_hybrid_0.5,0.160499,0.138076,0.184165
phi_V500_ELOW_z1.5_p0_s0,5,lambda_hybrid_0.75,0.126918,0.106306,0.147827
phi_V500_ELOW_z1.5_p0_s0,8,pop_global,0.147201,0.120568,0.173265
phi_V500_ELOW_z1.5_p0_s0,8,recency_pop_0.1,0.143678,0.121311,0.165747
phi_V500_ELOW_z1.5_p0_s0,8,recency_pop_0.5,0.146063,0.122776,0.170649
phi_V500_ELOW_z1.5_p0_s0,8,recency_pop_1.0,0.125875,0.103576,0.149984
phi_V500_ELOW_z1.5_p0_s0,8,pop_category,0.153452,0.128157,0.179550
phi_V500_ELOW_z1.5_p0_s0,8,pop_price,0.154711,0.132729,0.181041
phi_V500_ELOW_z1.5_p0_s0,8,content_knn_1,0.007152,0.002384,0.013284
phi_V500_ELOW_z1.5_p0_s0,8,content_knn_3,0.007582,0.002488,0.013623
phi_V500_ELOW_z1.5_p0_s0,8,content_knn_5,0.007364,0.002490,0.013675
phi_V500_ELOW_z1.5_p0_s0,8,last_item_nbhd,0.006322,0.002140,0.011423
phi_V500_ELOW_z1.5_p0_s0,8,pop_scaled_content,0.160981,0.134873,0.188578
phi_V500_ELOW_z1.5_p0_s0,8,co_purchase,0.003053,0.000000,0.007634
phi_V500_ELOW_z1.5_p0_s0,8,lambda_hybrid_0.25,0.156301,0.132639,0.183271
phi_V500_ELOW_z1.5_p0_s0,8,lambda_hybrid_0.5,0.134303,0.111199,0.159326
phi_V500_ELOW_z1.5_p0_s0,8,lambda_hybrid_0.75,0.112295,0.087303,0.137767
phi_V500_ELOW_z1.5_p0_s1,0,pop_global,0.078428,0.064215,0.093601
phi_V500_ELOW_z1.5_p0_s1,0,recency_pop_0.1,0.011228,0.006227,0.017877
phi_V500_ELOW_z1.5_p0_s1,0,recency_pop_0.5,0.016220,0.009520,0.023380
phi_V500_ELOW_z1.5_p0_s1,0,recency_pop_1.0,0.018979,0.011924,0.025983
phi_V500_ELOW_z1.5_p0_s1,0,pop_category,0.086017,0.071591,0.101364
phi_V500_ELOW_z1.5_p0_s1,0,pop_price,0.079325,0.064889,0.094951
phi_V500_ELOW_z1.5_p0_s1,0,lambda_hybrid_0.25,0.078428,0.063371,0.093746
phi_V500_ELOW_z1.5_p0_s1,0,lambda_hybrid_0.5,0.078428,0.064030,0.092403
phi_V500_ELOW_z1.5_p0_s1,0,lambda_hybrid_0.75,0.078428,0.064146,0.094076
phi_V500_ELOW_z1.5_p0_s1,0,active_elic2,0.077042,0.061877,0.092013
phi_V500_ELOW_z1.5_p0_s1,1,pop_global,0.082957,0.067592,0.098228
phi_V500_ELOW_z1.5_p0_s1,1,recency_pop_0.1,0.033684,0.025306,0.042972
phi_V500_ELOW_z1.5_p0_s1,1,recency_pop_0.5,0.047589,0.036275,0.060025
phi_V500_ELOW_z1.5_p0_s1,1,recency_pop_1.0,0.048363,0.036604,0.060369
phi_V500_ELOW_z1.5_p0_s1,1,pop_category,0.085768,0.070209,0.101619
phi_V500_ELOW_z1.5_p0_s1,1,pop_price,0.083125,0.067845,0.098747
phi_V500_ELOW_z1.5_p0_s1,1,content_knn_1,0.010790,0.006209,0.016404
phi_V500_ELOW_z1.5_p0_s1,1,content_knn_3,0.010603,0.005297,0.016429
phi_V500_ELOW_z1.5_p0_s1,1,content_knn_5,0.009746,0.005176,0.015070
phi_V500_ELOW_z1.5_p0_s1,1,last_item_nbhd,0.011563,0.006575,0.017121
phi_V500_ELOW_z1.5_p0_s1,1,pop_scaled_content,0.072954,0.059145,0.087686
phi_V500_ELOW_z1.5_p0_s1,1,co_purchase,0.003623,0.000929,0.007084
phi_V500_ELOW_z1.5_p0_s1,1,lambda_hybrid_0.25,0.085427,0.070143,0.099762
phi_V500_ELOW_z1.5_p0_s1,1,lambda_hybrid_0.5,0.063940,0.050699,0.078302
phi_V500_ELOW_z1.5_p0_s1,1,lambda_hybrid_0.75,0.026870,0.018316,0.035902
phi_V500_ELOW_z1.5_p0_s1,2,pop_global,0.113717,0.097033,0.131554
phi_V500_ELOW_z1.5_p0_s1,2,recency_pop_0.1,0.053123,0.042081,0.063797
phi_V500_ELOW_z1.5_p0_s1,2,recency_pop_0.5,0.062552,0.049420,0.075694
phi_V500_ELOW_z1.5_p0_s1,2,recency_pop_1.0,0.062209,0.049465,0.075980
phi_V500_ELOW_z1.5_p0_s1,2,pop_category,0.117607,0.101709,0.134941
phi_V500_ELOW_z1.5_p0_s1,2,pop_price,0.113582,0.096255,0.131744
phi_V500_ELOW_z1.5_p0_s1,2,content_knn_1,0.009982,0.005454,0.015045
phi_V500_ELOW_z1.5_p0_s1,2,content_knn_3,0.011915,0.006530,0.017813
phi_V500_ELOW_z1.5_p0_s1,2,content_knn_5,0.008353,0.004079,0.013669
phi_V500_ELOW_z1.5_p0_s1,2,last_item_nbhd,0.009582,0.005466,0.014659
phi_V500_ELOW_z1.5_p0_s1,2,pop_scaled_content,0.116262,0.097332,0.133254
phi_V500_ELOW_z1.5_p0_s1,2,co_purchase,0.002579,0.000631,0.004946
phi_V500_ELOW_z1.5_p0_s1,2,lambda_hybrid_0.25,0.120166,0.102318,0.139345
phi_V500_ELOW_z1.5_p0_s1,2,lambda_hybrid_0.5,0.095083,0.078516,0.112460
phi_V500_ELOW_z1.5_p0_s1,2,lambda_hybrid_0.75,0.057004,0.043634,0.071014
phi_V500_ELOW_z1.5_p0_s1,3,pop_global,0.138941,0.119943,0.157987
phi_V500_ELOW_z1.5_p0_s1,3,recency_pop_0.1,0.086661,0.072855,0.100691
phi_V500_ELOW_z1.5_p0_s1,3,recency_pop_0.5,0.101673,0.086660,0.118483
phi_V500_ELOW_z1.5_p0_s1,3,recency_pop_1.0,0.100983,0.085562,0.117677
phi_V500_ELOW_z1.5_p0_s1,3,pop_category,0.141986,0.123907,0.162462
phi_V500_ELOW_z1.5_p0_s1,3,pop_price,0.140472,0.123358,0.159409
phi_V500_ELOW_z1.5_p0_s1,3,content_knn_1,0.002012,0.000503,0.004024
phi_V500_ELOW_z1.5_p0_s1,3,content_knn_3,0.005000,0.002078,0.008561
phi_V500_ELOW_z1.5_p0_s1,3,content_knn_5,0.005723,0.002581,0.009323
phi_V500_ELOW_z1.5_p0_s1,3,last_item_nbhd,0.004803,0.001784,0.008716
phi_V500_ELOW_z1.5_p0_s1,3,pop_scaled_content,0.132349,0.114640,0.152359
phi_V500_ELOW_z1.5_p0_s1,3,co_purchase,0.001659,0.000000,0.003952
phi_V500_ELOW_z1.5_p0_s1,3,lambda_hybrid_0.25,0.140552,0.122696,0.159716
phi_V500_ELOW_z1.5_p0_s1,3,lambda_hybrid_0.5,0.105935,0.088298,0.124924
phi_V500_ELOW_z1.5_p0_s1,3,lambda_hybrid_0.75,0.067567,0.053405,0.083355
phi_V500_ELOW_z1.5_p0_s1,5,pop_global,0.142580,0.123121,0.161976
phi_V500_ELOW_z1.5_p0_s1,5,recency_pop_0.1,0.142167,0.123863,0.160524
phi_V500_ELOW_z1.5_p0_s1,5,recency_pop_0.5,0.142058,0.123711,0.160887
phi_V500_ELOW_z1.5_p0_s1,5,recency_pop_1.0,0.146693,0.127462,0.165236
phi_V500_ELOW_z1.5_p0_s1,5,pop_category,0.142519,0.124571,0.161802
phi_V500_ELOW_z1.5_p0_s1,5,pop_price,0.141320,0.123051,0.160817
phi_V500_ELOW_z1.5_p0_s1,5,content_knn_1,0.009165,0.004808,0.014794
phi_V500_ELOW_z1.5_p0_s1,5,content_knn_3,0.007248,0.003102,0.012024
phi_V500_ELOW_z1.5_p0_s1,5,content_knn_5,0.004561,0.001331,0.008670
phi_V500_ELOW_z1.5_p0_s1,5,last_item_nbhd,0.005917,0.002537,0.009867
phi_V500_ELOW_z1.5_p0_s1,5,pop_scaled_content,0.151443,0.130935,0.170684
phi_V500_ELOW_z1.5_p0_s1,5,co_purchase,0.002794,0.000408,0.005714
phi_V500_ELOW_z1.5_p0_s1,5,lambda_hybrid_0.25,0.152013,0.133892,0.171533
phi_V500_ELOW_z1.5_p0_s1,5,lambda_hybrid_0.5,0.111548,0.092952,0.131040
phi_V500_ELOW_z1.5_p0_s1,5,lambda_hybrid_0.75,0.069275,0.054394,0.085053
phi_V500_ELOW_z1.5_p0_s1,8,pop_global,0.153001,0.131616,0.175245
phi_V500_ELOW_z1.5_p0_s1,8,recency_pop_0.1,0.174863,0.151385,0.201338
phi_V500_ELOW_z1.5_p0_s1,8,recency_pop_0.5,0.155775,0.135003,0.180929
phi_V500_ELOW_z1.5_p0_s1,8,recency_pop_1.0,0.159548,0.137414,0.183324
phi_V500_ELOW_z1.5_p0_s1,8,pop_category,0.140721,0.120171,0.162099
phi_V500_ELOW_z1.5_p0_s1,8,pop_price,0.133627,0.112186,0.156351
phi_V500_ELOW_z1.5_p0_s1,8,content_knn_1,0.003806,0.000640,0.008163
phi_V500_ELOW_z1.5_p0_s1,8,content_knn_3,0.003509,0.000640,0.007657
phi_V500_ELOW_z1.5_p0_s1,8,content_knn_5,0.002152,0.000000,0.004965
phi_V500_ELOW_z1.5_p0_s1,8,last_item_nbhd,0.002023,0.000000,0.004686
phi_V500_ELOW_z1.5_p0_s1,8,pop_scaled_content,0.149991,0.128756,0.171111
phi_V500_ELOW_z1.5_p0_s1,8,co_purchase,0.000000,0.000000,0.000000
phi_V500_ELOW_z1.5_p0_s1,8,lambda_hybrid_0.25,0.156371,0.134294,0.180161
phi_V500_ELOW_z1.5_p0_s1,8,lambda_hybrid_0.5,0.083605,0.065340,0.104083
phi_V500_ELOW_z1.5_p0_s1,8,lambda_hybrid_0.75,0.049871,0.034835,0.065326
phi_V500_ELOW_z1.5_p1_s0,0,pop_global,0.071816,0.059102,0.083339
phi_V500_ELOW_z1.5_p1_s0,0,recency_pop_0.1,0.019425,0.012155,0.027454
phi_V500_ELOW_z1.5_p1_s0,0,recency_pop_0.5,0.030678,0.021782,0.040298
phi_V500_ELOW_z1.5_p1_s0,0,recency_pop_1.0,0.032629,0.022981,0.043122
phi_V500_ELOW_z1.5_p1_s0,0,pop_category,0.071816,0.059054,0.084780
phi_V500_ELOW_z1.5_p1_s0,0,pop_price,0.077105,0.064894,0.091585
phi_V500_ELOW_z1.5_p1_s0,0,lambda_hybrid_0.25,0.071816,0.059729,0.085128
phi_V500_ELOW_z1.5_p1_s0,0,lambda_hybrid_0.5,0.071816,0.059175,0.084833
phi_V500_ELOW_z1.5_p1_s0,0,lambda_hybrid_0.75,0.071816,0.060352,0.084519
phi_V500_ELOW_z1.5_p1_s0,0,active_elic2,0.042404,0.034012,0.052911
phi_V500_ELOW_z1.5_p1_s0,1,pop_global,0.084218,0.070711,0.098886
phi_V500_ELOW_z1.5_p1_s0,1,recency_pop_0.1,0.019546,0.012728,0.026607
phi_V500_ELOW_z1.5_p1_s0,1,recency_pop_0.5,0.026354,0.018835,0.035011
phi_V500_ELOW_z1.5_p1_s0,1,recency_pop_1.0,0.026564,0.018111,0.036026
phi_V500_ELOW_z1.5_p1_s0,1,pop_category,0.085379,0.071690,0.101020
phi_V500_ELOW_z1.5_p1_s0,1,pop_price,0.091482,0.077661,0.105321
phi_V500_ELOW_z1.5_p1_s0,1,content_knn_1,0.010512,0.005609,0.016046
phi_V500_ELOW_z1.5_p1_s0,1,content_knn_3,0.008907,0.004326,0.013600
phi_V500_ELOW_z1.5_p1_s0,1,content_knn_5,0.009938,0.005597,0.015466
phi_V500_ELOW_z1.5_p1_s0,1,last_item_nbhd,0.010512,0.006088,0.015533
phi_V500_ELOW_z1.5_p1_s0,1,pop_scaled_content,0.077804,0.063833,0.092070
phi_V500_ELOW_z1.5_p1_s0,1,co_purchase,0.008984,0.004404,0.014324
phi_V500_ELOW_z1.5_p1_s0,1,lambda_hybrid_0.25,0.079099,0.064947,0.094566
phi_V500_ELOW_z1.5_p1_s0,1,lambda_hybrid_0.5,0.050918,0.039246,0.063839
phi_V500_ELOW_z1.5_p1_s0,1,lambda_hybrid_0.75,0.031451,0.022293,0.041922
phi_V500_ELOW_z1.5_p1_s0,2,pop_global,0.098042,0.083392,0.114857
phi_V500_ELOW_z1.5_p1_s0,2,recency_pop_0.1,0.051710,0.039764,0.064015
phi_V500_ELOW_z1.5_p1_s0,2,recency_pop_0.5,0.060510,0.047474,0.074114
phi_V500_ELOW_z1.5_p1_s0,2,recency_pop_1.0,0.061547,0.047681,0.075962
phi_V500_ELOW_z1.5_p1_s0,2,pop_category,0.098428,0.082500,0.116299
phi_V500_ELOW_z1.5_p1_s0,2,pop_price,0.100284,0.084042,0.116300
phi_V500_ELOW_z1.5_p1_s0,2,content_knn_1,0.010036,0.005587,0.015007
phi_V500_ELOW_z1.5_p1_s0,2,content_knn_3,0.011794,0.006666,0.017886
phi_V500_ELOW_z1.5_p1_s0,2,content_knn_5,0.013407,0.007705,0.020249
phi_V500_ELOW_z1.5_p1_s0,2,last_item_nbhd,0.008006,0.004656,0.012242
phi_V500_ELOW_z1.5_p1_s0,2,pop_scaled_content,0.100674,0.084485,0.116547
phi_V500_ELOW_z1.5_p1_s0,2,co_purchase,0.005097,0.002018,0.009428
phi_V500_ELOW_z1.5_p1_s0,2,lambda_hybrid_0.25,0.104732,0.089126,0.121630
phi_V500_ELOW_z1.5_p1_s0,2,lambda_hybrid_0.5,0.076553,0.061079,0.091337
phi_V500_ELOW_z1.5_p1_s0,2,lambda_hybrid_0.75,0.055423,0.042451,0.070153
phi_V500_ELOW_z1.5_p1_s0,3,pop_global,0.111559,0.094920,0.128530
phi_V500_ELOW_z1.5_p1_s0,3,recency_pop_0.1,0.062772,0.049809,0.076313
phi_V500_ELOW_z1.5_p1_s0,3,recency_pop_0.5,0.065740,0.052293,0.079347
phi_V500_ELOW_z1.5_p1_s0,3,recency_pop_1.0,0.066043,0.052975,0.079805
phi_V500_ELOW_z1.5_p1_s0,3,pop_category,0.110730,0.094609,0.129357
phi_V500_ELOW_z1.5_p1_s0,3,pop_price,0.109701,0.093915,0.127295
phi_V500_ELOW_z1.5_p1_s0,3,content_knn_1,0.013562,0.008186,0.019735
phi_V500_ELOW_z1.5_p1_s0,3,content_knn_3,0.013812,0.007968,0.019854
phi_V500_ELOW_z1.5_p1_s0,3,content_knn_5,0.013197,0.007622,0.020064
phi_V500_ELOW_z1.5_p1_s0,3,last_item_nbhd,0.013028,0.007853,0.018649
phi_V500_ELOW_z1.5_p1_s0,3,pop_scaled_content,0.116903,0.100560,0.134467
phi_V500_ELOW_z1.5_p1_s0,3,co_purchase,0.003123,0.000899,0.005885
phi_V500_ELOW_z1.5_p1_s0,3,lambda_hybrid_0.25,0.113706,0.097259,0.130847
phi_V500_ELOW_z1.5_p1_s0,3,lambda_hybrid_0.5,0.092241,0.076902,0.109928
phi_V500_ELOW_z1.5_p1_s0,3,lambda_hybrid_0.75,0.068538,0.054708,0.082593
phi_V500_ELOW_z1.5_p1_s0,5,pop_global,0.146520,0.126283,0.167715
phi_V500_ELOW_z1.5_p1_s0,5,recency_pop_0.1,0.080145,0.065530,0.095549
phi_V500_ELOW_z1.5_p1_s0,5,recency_pop_0.5,0.091573,0.076594,0.106978
phi_V500_ELOW_z1.5_p1_s0,5,recency_pop_1.0,0.087314,0.072027,0.103083
phi_V500_ELOW_z1.5_p1_s0,5,pop_category,0.151242,0.129431,0.174170
phi_V500_ELOW_z1.5_p1_s0,5,pop_price,0.143613,0.123719,0.164175
phi_V500_ELOW_z1.5_p1_s0,5,content_knn_1,0.010252,0.005603,0.015384
phi_V500_ELOW_z1.5_p1_s0,5,content_knn_3,0.011747,0.006184,0.017787
phi_V500_ELOW_z1.5_p1_s0,5,content_knn_5,0.009096,0.004778,0.014026
phi_V500_ELOW_z1.5_p1_s0,5,last_item_nbhd,0.009419,0.005075,0.014792
phi_V500_ELOW_z1.5_p1_s0,5,pop_scaled_content,0.155829,0.134337,0.178919
phi_V500_ELOW_z1.5_p1_s0,5,co_purchase,0.002832,0.000000,0.005946
phi_V500_ELOW_z1.5_p1_s0,5,lambda_hybrid_0.25,0.157513,0.136567,0.178754
phi_V500_ELOW_z1.5_p1_s0,5,lambda_hybrid_0.5,0.142738,0.122069,0.164719
phi_V500_ELOW_z1.5_p1_s0,5,lambda_hybrid_0.75,0.112489,0.093185,0.133228
phi_V500_ELOW_z1.5_p1_s0,8,pop_global,0.156161,0.130567,0.183504
phi_V500_ELOW_z1.5_p1_s0,8,recency_pop_0.1,0.133082,0.108744,0.158367
phi_V500_ELOW_z1.5_p1_s0,8,recency_pop_0.5,0.136624,0.113166,0.160807
phi_V500_ELOW_z1.5_p1_s0,8,recency_pop_1.0,0.137817,0.114587,0.163080
phi_V500_ELOW_z1.5_p1_s0,8,pop_category,0.152484,0.126453,0.177849
phi_V500_ELOW_z1.5_p1_s0,8,pop_price,0.151663,0.127341,0.177212
phi_V500_ELOW_z1.5_p1_s0,8,content_knn_1,0.007303,0.002868,0.012564
phi_V500_ELOW_z1.5_p1_s0,8,content_knn_3,0.005332,0.001306,0.010478
phi_V500_ELOW_z1.5_p1_s0,8,content_knn_5,0.006731,0.002117,0.012214
phi_V500_ELOW_z1.5_p1_s0,8,last_item_nbhd,0.007370,0.003087,0.013060
phi_V500_ELOW_z1.5_p1_s0,8,pop_scaled_content,0.153127,0.127144,0.180793
phi_V500_ELOW_z1.5_p1_s0,8,co_purchase,0.000763,0.000000,0.002290
phi_V500_ELOW_z1.5_p1_s0,8,lambda_hybrid_0.25,0.156299,0.133303,0.184367
phi_V500_ELOW_z1.5_p1_s0,8,lambda_hybrid_0.5,0.140846,0.116820,0.166826
phi_V500_ELOW_z1.5_p1_s0,8,lambda_hybrid_0.75,0.102403,0.082135,0.127027
phi_V500_ELOW_z1.5_p1_s1,0,pop_global,0.084774,0.070280,0.100208
phi_V500_ELOW_z1.5_p1_s1,0,recency_pop_0.1,0.015213,0.009203,0.021626
phi_V500_ELOW_z1.5_p1_s1,0,recency_pop_0.5,0.020820,0.013908,0.028265
phi_V500_ELOW_z1.5_p1_s1,0,recency_pop_1.0,0.021384,0.014141,0.029610
phi_V500_ELOW_z1.5_p1_s1,0,pop_category,0.074974,0.059987,0.090063
phi_V500_ELOW_z1.5_p1_s1,0,pop_price,0.085547,0.070361,0.100802
phi_V500_ELOW_z1.5_p1_s1,0,lambda_hybrid_0.25,0.084774,0.070159,0.100317
phi_V500_ELOW_z1.5_p1_s1,0,lambda_hybrid_0.5,0.084774,0.070581,0.100251
phi_V500_ELOW_z1.5_p1_s1,0,lambda_hybrid_0.75,0.084774,0.071136,0.100178
phi_V500_ELOW_z1.5_p1_s1,0,active_elic2,0.073814,0.060026,0.087970
phi_V500_ELOW_z1.5_p1_s1,1,pop_global,0.079807,0.065497,0.095016
phi_V500_ELOW_z1.5_p1_s1,1,recency_pop_0.1,0.034336,0.025968,0.042633
phi_V500_ELOW_z1.5_p1_s1,1,recency_pop_0.5,0.034836,0.026806,0.044305
phi_V500_ELOW_z1.5_p1_s1,1,recency_pop_1.0,0.042113,0.031944,0.053614
phi_V500_ELOW_z1.5_p1_s1,1,pop_category,0.076700,0.062123,0.090704
phi_V500_ELOW_z1.5_p1_s1,1,pop_price,0.083720,0.069431,0.099476
phi_V500_ELOW_z1.5_p1_s1,1,content_knn_1,0.013742,0.008293,0.020286
phi_V500_ELOW_z1.5_p1_s1,1,content_knn_3,0.012512,0.006789,0.019005
phi_V500_ELOW_z1.5_p1_s1,1,content_knn_5,0.011524,0.006700,0.017242
phi_V500_ELOW_z1.5_p1_s1,1,last_item_nbhd,0.014373,0.008426,0.020798
phi_V500_ELOW_z1.5_p1_s1,1,pop_scaled_content,0.088300,0.073140,0.103475
phi_V500_ELOW_z1.5_p1_s1,1,co_purchase,0.009603,0.004655,0.015146
phi_V500_ELOW_z1.5_p1_s1,1,lambda_hybrid_0.25,0.089075,0.073929,0.105879
phi_V500_ELOW_z1.5_p1_s1,1,lambda_hybrid_0.5,0.071335,0.056834,0.086759
phi_V500_ELOW_z1.5_p1_s1,1,lambda_hybrid_0.75,0.028647,0.019679,0.038178
phi_V500_ELOW_z1.5_p1_s1,2,pop_global,0.098544,0.082691,0.115078
phi_V500_ELOW_z1.5_p1_s1,2,recency_pop_0.1,0.054703,0.044380,0.066438
phi_V500_ELOW_z1.5_p1_s1,2,recency_pop_0.5,0.057629,0.044989,0.069579
phi_V500_ELOW_z1.5_p1_s1,2,recency_pop_1.0,0.064222,0.051028,0.077723
phi_V500_ELOW_z1.5_p1_s1,2,pop_category,0.097538,0.082219,0.114318
phi_V500_ELOW_z1.5_p1_s1,2,pop_price,0.098957,0.083975,0.115366
phi_V500_ELOW_z1.5_p1_s1,2,content_knn_1,0.009557,0.005126,0.014681
phi_V500_ELOW_z1.5_p1_s1,2,content_knn_3,0.010276,0.005465,0.015895
phi_V500_ELOW_z1.5_p1_s1,2,content_knn_5,0.009189,0.004313,0.015190
phi_V500_ELOW_z1.5_p1_s1,2,last_item_nbhd,0.009627,0.005053,0.015127
phi_V500_ELOW_z1.5_p1_s1,2,pop_scaled_content,0.098664,0.082766,0.114852
phi_V500_ELOW_z1.5_p1_s1,2,co_purchase,0.010246,0.005492,0.015755
phi_V500_ELOW_z1.5_p1_s1,2,lambda_hybrid_0.25,0.104815,0.089502,0.121828
phi_V500_ELOW_z1.5_p1_s1,2,lambda_hybrid_0.5,0.080299,0.064657,0.094784
phi_V500_ELOW_z1.5_p1_s1,2,lambda_hybrid_0.75,0.044316,0.031804,0.056796
phi_V500_ELOW_z1.5_p1_s1,3,pop_global,0.116748,0.099056,0.134148
phi_V500_ELOW_z1.5_p1_s1,3,recency_pop_0.1,0.071389,0.057969,0.084265
phi_V500_ELOW_z1.5_p1_s1,3,recency_pop_0.5,0.076926,0.063578,0.089890
phi_V500_ELOW_z1.5_p1_s1,3,recency_pop_1.0,0.082692,0.068245,0.097392
phi_V500_ELOW_z1.5_p1_s1,3,pop_category,0.108729,0.091571,0.127248
phi_V500_ELOW_z1.5_p1_s1,3,pop_price,0.117915,0.101538,0.136596
phi_V500_ELOW_z1.5_p1_s1,3,content_knn_1,0.009805,0.005197,0.015155
phi_V500_ELOW_z1.5_p1_s1,3,content_knn_3,0.010428,0.005749,0.015528
phi_V500_ELOW_z1.5_p1_s1,3,content_knn_5,0.007863,0.003645,0.012855
phi_V500_ELOW_z1.5_p1_s1,3,last_item_nbhd,0.011161,0.006347,0.016531
phi_V500_ELOW_z1.5_p1_s1,3,pop_scaled_content,0.108890,0.092937,0.126620
phi_V500_ELOW_z1.5_p1_s1,3,co_purchase,0.002174,0.000389,0.004964
phi_V500_ELOW_z1.5_p1_s1,3,lambda_hybrid_0.25,0.120239,0.103902,0.137200
phi_V500_ELOW_z1.5_p1_s1,3,lambda_hybrid_0.5,0.087231,0.071812,0.103974
phi_V500_ELOW_z1.5_p1_s1,3,lambda_hybrid_0.75,0.062656,0.048396,0.078419
phi_V500_ELOW_z1.5_p1_s1,5,pop_global,0.118710,0.100324,0.136097
phi_V500_ELOW_z1.5_p1_s1,5,recency_pop_0.1,0.119275,0.102121,0.135610
phi_V500_ELOW_z1.5_p1_s1,5,recency_pop_0.5,0.117274,0.101226,0.133287
phi_V500_ELOW_z1.5_p1_s1,5,recency_pop_1.0,0.116603,0.099228,0.132374
phi_V500_ELOW_z1.5_p1_s1,5,pop_category,0.118077,0.102016,0.135796
phi_V500_ELOW_z1.5_p1_s1,5,pop_price,0.109910,0.092642,0.126936
phi_V500_ELOW_z1.5_p1_s1,5,content_knn_1,0.006390,0.002824,0.011410
phi_V500_ELOW_z1.5_p1_s1,5,content_knn_3,0.007186,0.003536,0.011559
phi_V500_ELOW_z1.5_p1_s1,5,content_knn_5,0.008900,0.005027,0.013752
phi_V500_ELOW_z1.5_p1_s1,5,last_item_nbhd,0.008619,0.004861,0.012955
phi_V500_ELOW_z1.5_p1_s1,5,pop_scaled_content,0.121113,0.102990,0.137639
phi_V500_ELOW_z1.5_p1_s1,5,co_purchase,0.001055,0.000000,0.003165
phi_V500_ELOW_z1.5_p1_s1,5,lambda_hybrid_0.25,0.126315,0.109492,0.144496
phi_V500_ELOW_z1.5_p1_s1,5,lambda_hybrid_0.5,0.087270,0.070443,0.103533
phi_V500_ELOW_z1.5_p1_s1,5,lambda_hybrid_0.75,0.054217,0.041453,0.066767
phi_V500_ELOW_z1.5_p1_s1,8,pop_global,0.122920,0.102652,0.143671
phi_V500_ELOW_z1.5_p1_s1,8,recency_pop_0.1,0.138834,0.117741,0.160700
phi_V500_ELOW_z1.5_p1_s1,8,recency_pop_0.5,0.130498,0.109933,0.151820
phi_V500_ELOW_z1.5_p1_s1,8,recency_pop_1.0,0.129218,0.108138,0.150559
phi_V500_ELOW_z1.5_p1_s1,8,pop_category,0.123356,0.103819,0.143457
phi_V500_ELOW_z1.5_p1_s1,8,pop_price,0.118305,0.097403,0.139795
phi_V500_ELOW_z1.5_p1_s1,8,content_knn_1,0.008057,0.002998,0.013818
phi_V500_ELOW_z1.5_p1_s1,8,content_knn_3,0.004001,0.000743,0.007556
phi_V500_ELOW_z1.5_p1_s1,8,content_knn_5,0.005790,0.001576,0.010709
phi_V500_ELOW_z1.5_p1_s1,8,last_item_nbhd,0.007379,0.002533,0.013453
phi_V500_ELOW_z1.5_p1_s1,8,pop_scaled_content,0.128179,0.108292,0.150141
phi_V500_ELOW_z1.5_p1_s1,8,co_purchase,0.000000,0.000000,0.000000
phi_V500_ELOW_z1.5_p1_s1,8,lambda_hybrid_0.25,0.133361,0.112377,0.153500
phi_V500_ELOW_z1.5_p1_s1,8,lambda_hybrid_0.5,0.079279,0.060262,0.097323
phi_V500_ELOW_z1.5_p1_s1,8,lambda_hybrid_0.75,0.038268,0.025919,0.051488
