catalog_id,heuristic,k,published_ndcg5,mine_ndcg5,delta,pass_1e6,pass_print5
olist_all,pop_global,0,0.0905000,0.0904975,-2.535e-06,False,True
olist_all,recency_pop_0.1,0,0.0620800,0.0620790,-9.618e-07,True,True
olist_all,recency_pop_0.5,0,0.0830600,0.0830631,3.053e-06,False,True
olist_all,recency_pop_1.0,0,0.0699500,0.0699543,4.263e-06,False,True
olist_all,pop_category,0,0.0849100,0.0849078,-2.239e-06,False,True
olist_all,pop_price,0,0.0901900,0.0901918,1.806e-06,False,True
olist_all,lambda_hybrid_0.25,0,0.0905000,0.0904975,-2.535e-06,False,True
olist_all,lambda_hybrid_0.5,0,0.0905000,0.0904975,-2.535e-06,False,True
olist_all,lambda_hybrid_0.75,0,0.0905000,0.0904975,-2.535e-06,False,True
olist_all,active_elic2,0,0.0373900,0.0373858,-4.244e-06,False,True
olist_all,pop_global,1,0.0117700,0.0117652,-4.841e-06,False,True
olist_all,recency_pop_0.1,1,0.0035500,0.0035505,5.228e-07,True,True
olist_all,recency_pop_0.5,1,0.0110100,0.0110101,1.327e-07,True,True
olist_all,recency_pop_1.0,1,0.0110100,0.0110101,1.327e-07,True,True
olist_all,pop_category,1,0.0119100,0.0119117,1.727e-06,False,True
olist_all,pop_price,1,0.0144600,0.0144598,-2.481e-07,True,True
olist_all,content_knn_1,1,0.0201000,0.0201006,5.533e-07,True,True
olist_all,content_knn_3,1,0.0201000,0.0201006,5.533e-07,True,True
olist_all,content_knn_5,1,0.0215400,0.0215409,9.431e-07,True,True
olist_all,last_item_nbhd,1,0.0201000,0.0201006,5.533e-07,True,True
olist_all,pop_scaled_content,1,0.0223000,0.0222960,-4.031e-06,False,True
olist_all,co_purchase,1,0.0345300,0.0345266,-3.358e-06,False,True
olist_all,lambda_hybrid_0.25,1,0.0144100,0.0144141,4.088e-06,False,True
olist_all,lambda_hybrid_0.5,1,0.0268100,0.0268094,-6.292e-07,True,True
olist_all,lambda_hybrid_0.75,1,0.0292800,0.0292781,-1.932e-06,False,True
olist_all,pop_global,2,0.0069000,0.0068950,-4.996e-06,False,True
olist_all,recency_pop_0.1,2,0.0021100,0.0021101,1.330e-07,True,True
olist_all,recency_pop_0.5,2,0.0047800,0.0047849,4.871e-06,False,True
olist_all,recency_pop_1.0,2,0.0046400,0.0046383,-1.696e-06,False,True
olist_all,pop_category,2,0.0071300,0.0071269,-3.145e-06,False,True
olist_all,pop_price,2,0.0064600,0.0064571,-2.888e-06,False,True
olist_all,content_knn_1,2,0.0135800,0.0135840,3.968e-06,False,True
olist_all,content_knn_3,2,0.0135800,0.0135840,3.968e-06,False,True
olist_all,content_knn_5,2,0.0135800,0.0135840,3.968e-06,False,True
olist_all,last_item_nbhd,2,0.0135800,0.0135840,3.968e-06,False,True
olist_all,pop_scaled_content,2,0.0115300,0.0115333,3.308e-06,False,True
olist_all,co_purchase,2,0.0042200,0.0042203,2.659e-07,True,True
olist_all,lambda_hybrid_0.25,2,0.0075600,0.0075647,4.748e-06,False,True
olist_all,lambda_hybrid_0.5,2,0.0132100,0.0132055,-4.451e-06,False,True
olist_all,lambda_hybrid_0.75,2,0.0132100,0.0132055,-4.451e-06,False,True
olist_all,pop_global,3,0.0028300,0.0028334,3.398e-06,False,True
olist_all,recency_pop_0.1,3,0.0025500,0.0025451,-4.916e-06,False,True
olist_all,recency_pop_0.5,3,0.0028300,0.0028334,3.398e-06,False,True
olist_all,recency_pop_1.0,3,0.0025500,0.0025451,-4.916e-06,False,True
olist_all,pop_category,3,0.0032900,0.0032895,-5.263e-07,True,True
olist_all,pop_price,3,0.0032900,0.0032895,-5.263e-07,True,True
olist_all,content_knn_1,3,0.0107300,0.0107298,-1.990e-07,True,True
olist_all,content_knn_3,3,0.0107300,0.0107298,-1.990e-07,True,True
olist_all,content_knn_5,3,0.0107300,0.0107298,-1.990e-07,True,True
olist_all,last_item_nbhd,3,0.0107300,0.0107298,-1.990e-07,True,True
olist_all,pop_scaled_content,3,0.0041500,0.0041509,8.536e-07,True,True
olist_all,co_purchase,3,0.0173100,0.0173087,-1.252e-06,False,True
olist_all,lambda_hybrid_0.25,3,0.0041500,0.0041509,8.536e-07,True,True
olist_all,lambda_hybrid_0.5,3,0.0069800,0.0069843,4.252e-06,False,True
olist_all,lambda_hybrid_0.75,3,0.0069800,0.0069843,4.252e-06,False,True
olist_all,pop_global,5,0.0000000,0.0000000,0.000e+00,True,True
olist_all,recency_pop_0.1,5,0.0000000,0.0000000,0.000e+00,True,True
olist_all,recency_pop_0.5,5,0.0000000,0.0000000,0.000e+00,True,True
olist_all,recency_pop_1.0,5,0.0000000,0.0000000,0.000e+00,True,True
olist_all,pop_category,5,0.0000000,0.0000000,0.000e+00,True,True
olist_all,pop_price,5,0.0000000,0.0000000,0.000e+00,True,True
olist_all,content_knn_1,5,0.0000000,0.0000000,0.000e+00,True,True
olist_all,content_knn_3,5,0.0000000,0.0000000,0.000e+00,True,True
olist_all,content_knn_5,5,0.0000000,0.0000000,0.000e+00,True,True
olist_all,last_item_nbhd,5,0.0000000,0.0000000,0.000e+00,True,True
olist_all,pop_scaled_content,5,0.0000000,0.0000000,0.000e+00,True,True
olist_all,co_purchase,5,0.0000000,0.0000000,0.000e+00,True,True
olist_all,lambda_hybrid_0.25,5,0.0000000,0.0000000,0.000e+00,True,True
olist_all,lambda_hybrid_0.5,5,0.0000000,0.0000000,0.000e+00,True,True
olist_all,lambda_hybrid_0.75,5,0.0000000,0.0000000,0.000e+00,True,True
olist_all,pop_global,8,0.0000000,0.0000000,0.000e+00,True,True
olist_all,recency_pop_0.1,8,0.0000000,0.0000000,0.000e+00,True,True
olist_all,recency_pop_0.5,8,0.0000000,0.0000000,0.000e+00,True,True
olist_all,recency_pop_1.0,8,0.0000000,0.0000000,0.000e+00,True,True
olist_all,pop_category,8,0.0000000,0.0000000,0.000e+00,True,True
olist_all,pop_price,8,0.0000000,0.0000000,0.000e+00,True,True
olist_all,content_knn_1,8,0.0000000,0.0000000,0.000e+00,True,True
olist_all,content_knn_3,8,0.0000000,0.0000000,0.000e+00,True,True
olist_all,content_knn_5,8,0.0000000,0.0000000,0.000e+00,True,True
olist_all,last_item_nbhd,8,0.0000000,0.0000000,0.000e+00,True,True
olist_all,pop_scaled_content,8,0.0000000,0.0000000,0.000e+00,True,True
olist_all,co_purchase,8,0.0000000,0.0000000,0.000e+00,True,True
olist_all,lambda_hybrid_0.25,8,0.0000000,0.0000000,0.000e+00,True,True
olist_all,lambda_hybrid_0.5,8,0.0000000,0.0000000,0.000e+00,True,True
olist_all,lambda_hybrid_0.75,8,0.0000000,0.0000000,0.000e+00,True,True
olist_all,HEADROOM,,0.0033224,0.0033224,1.301e-17,True,True
olist_furniture_decor,pop_global,0,0.0591800,0.0591790,-9.538e-07,True,True
olist_furniture_decor,recency_pop_0.1,0,0.0414600,0.0414596,-3.614e-07,True,True
olist_furniture_decor,recency_pop_0.5,0,0.0448800,0.0448850,4.962e-06,False,True
olist_furniture_decor,recency_pop_1.0,0,0.0593500,0.0593470,-2.976e-06,False,True
olist_furniture_decor,pop_category,0,0.0591800,0.0591790,-9.538e-07,True,True
olist_furniture_decor,pop_price,0,0.0564500,0.0564516,1.613e-06,False,True
olist_furniture_decor,lambda_hybrid_0.25,0,0.0591800,0.0591790,-9.538e-07,True,True
olist_furniture_decor,lambda_hybrid_0.5,0,0.0591800,0.0591790,-9.538e-07,True,True
olist_furniture_decor,lambda_hybrid_0.75,0,0.0591800,0.0591790,-9.538e-07,True,True
olist_furniture_decor,active_elic2,0,0.0591800,0.0591790,-9.538e-07,True,True
olist_furniture_decor,pop_global,1,0.0000000,0.0000000,0.000e+00,True,True
olist_furniture_decor,recency_pop_0.1,1,0.0034700,0.0034732,3.198e-06,False,True
olist_furniture_decor,recency_pop_0.5,1,0.0000000,0.0000000,0.000e+00,True,True
olist_furniture_decor,recency_pop_1.0,1,0.0000000,0.0000000,0.000e+00,True,True
olist_furniture_decor,pop_category,1,0.0000000,0.0000000,0.000e+00,True,True
olist_furniture_decor,pop_price,1,0.0000000,0.0000000,0.000e+00,True,True
olist_furniture_decor,content_knn_1,1,0.0050900,0.0050881,-1.857e-06,False,True
olist_furniture_decor,content_knn_3,1,0.0050900,0.0050881,-1.857e-06,False,True
olist_furniture_decor,content_knn_5,1,0.0050900,0.0050881,-1.857e-06,False,True
olist_furniture_decor,last_item_nbhd,1,0.0050900,0.0050881,-1.857e-06,False,True
olist_furniture_decor,pop_scaled_content,1,0.0080600,0.0080645,4.516e-06,False,True
olist_furniture_decor,co_purchase,1,0.0080600,0.0080645,4.516e-06,False,True
olist_furniture_decor,lambda_hybrid_0.25,1,0.0031200,0.0031198,-2.193e-07,True,True
olist_furniture_decor,lambda_hybrid_0.5,1,0.0080600,0.0080645,4.516e-06,False,True
olist_furniture_decor,lambda_hybrid_0.75,1,0.0080600,0.0080645,4.516e-06,False,True
olist_furniture_decor,pop_global,2,0.0000000,0.0000000,0.000e+00,True,True
olist_furniture_decor,recency_pop_0.1,2,0.0000000,0.0000000,0.000e+00,True,True
olist_furniture_decor,recency_pop_0.5,2,0.0000000,0.0000000,0.000e+00,True,True
olist_furniture_decor,recency_pop_1.0,2,0.0000000,0.0000000,0.000e+00,True,True
olist_furniture_decor,pop_category,2,0.0000000,0.0000000,0.000e+00,True,True
olist_furniture_decor,pop_price,2,0.0000000,0.0000000,0.000e+00,True,True
olist_furniture_decor,content_knn_1,2,0.0000000,0.0000000,0.000e+00,True,True
olist_furniture_decor,content_knn_3,2,0.0000000,0.0000000,0.000e+00,True,True
olist_furniture_decor,content_knn_5,2,0.0000000,0.0000000,0.000e+00,True,True
olist_furniture_decor,last_item_nbhd,2,0.0000000,0.0000000,0.000e+00,True,True
olist_furniture_decor,pop_scaled_content,2,0.0000000,0.0000000,0.000e+00,True,True
olist_furniture_decor,co_purchase,2,0.0000000,0.0000000,0.000e+00,True,True
olist_furniture_decor,lambda_hybrid_0.25,2,0.0000000,0.0000000,0.000e+00,True,True
olist_furniture_decor,lambda_hybrid_0.5,2,0.0000000,0.0000000,0.000e+00,True,True
olist_furniture_decor,lambda_hybrid_0.75,2,0.0000000,0.0000000,0.000e+00,True,True
olist_furniture_decor,pop_global,3,0.0000000,0.0000000,0.000e+00,True,True
olist_furniture_decor,recency_pop_0.1,3,0.0000000,0.0000000,0.000e+00,True,True
olist_furniture_decor,recency_pop_0.5,3,0.0000000,0.0000000,0.000e+00,True,True
olist_furniture_decor,recency_pop_1.0,3,0.0000000,0.0000000,0.000e+00,True,True
olist_furniture_decor,pop_category,3,0.0000000,0.0000000,0.000e+00,True,True
olist_furniture_decor,pop_price,3,0.0000000,0.0000000,0.000e+00,True,True
olist_furniture_decor,content_knn_1,3,0.0000000,0.0000000,0.000e+00,True,True
olist_furniture_decor,content_knn_3,3,0.0000000,0.0000000,0.000e+00,True,True
olist_furniture_decor,content_knn_5,3,0.0000000,0.0000000,0.000e+00,True,True
olist_furniture_decor,last_item_nbhd,3,0.0000000,0.0000000,0.000e+00,True,True
olist_furniture_decor,pop_scaled_content,3,0.0000000,0.0000000,0.000e+00,True,True
olist_furniture_decor,co_purchase,3,0.0000000,0.0000000,0.000e+00,True,True
olist_furniture_decor,lambda_hybrid_0.25,3,0.0000000,0.0000000,0.000e+00,True,True
olist_furniture_decor,lambda_hybrid_0.5,3,0.0000000,0.0000000,0.000e+00,True,True
olist_furniture_decor,lambda_hybrid_0.75,3,0.0000000,0.0000000,0.000e+00,True,True
olist_furniture_decor,pop_global,5,0.0000000,0.0000000,0.000e+00,True,True
olist_furniture_decor,recency_pop_0.1,5,0.0000000,0.0000000,0.000e+00,True,True
olist_furniture_decor,recency_pop_0.5,5,0.0000000,0.0000000,0.000e+00,True,True
olist_furniture_decor,recency_pop_1.0,5,0.0000000,0.0000000,0.000e+00,True,True
olist_furniture_decor,pop_category,5,0.0000000,0.0000000,0.000e+00,True,True
olist_furniture_decor,pop_price,5,0.0000000,0.0000000,0.000e+00,True,True
olist_furniture_decor,content_knn_1,5,0.0000000,0.0000000,0.000e+00,True,True
olist_furniture_decor,content_knn_3,5,0.0000000,0.0000000,0.000e+00,True,True
olist_furniture_decor,content_knn_5,5,0.0000000,0.0000000,0.000e+00,True,True
olist_furniture_decor,last_item_nbhd,5,0.0000000,0.0000000,0.000e+00,True,True
olist_furniture_decor,pop_scaled_content,5,0.0000000,0.0000000,0.000e+00,True,True
olist_furniture_decor,co_purchase,5,0.0000000,0.0000000,0.000e+00,True,True
olist_furniture_decor,lambda_hybrid_0.25,5,0.0000000,0.0000000,0.000e+00,True,True
olist_furniture_decor,lambda_hybrid_0.5,5,0.0000000,0.0000000,0.000e+00,True,True
olist_furniture_decor,lambda_hybrid_0.75,5,0.0000000,0.0000000,0.000e+00,True,True
olist_furniture_decor,pop_global,8,0.0000000,0.0000000,0.000e+00,True,True
olist_furniture_decor,recency_pop_0.1,8,0.0000000,0.0000000,0.000e+00,True,True
olist_furniture_decor,recency_pop_0.5,8,0.0000000,0.0000000,0.000e+00,True,True
olist_furniture_decor,recency_pop_1.0,8,0.0000000,0.0000000,0.000e+00,True,True
olist_furniture_decor,pop_category,8,0.0000000,0.0000000,0.000e+00,True,True
olist_furniture_decor,pop_price,8,0.0000000,0.0000000,0.000e+00,True,True
olist_furniture_decor,content_knn_1,8,0.0000000,0.0000000,0.000e+00,True,True
olist_furniture_decor,content_knn_3,8,0.0000000,0.0000000,0.000e+00,True,True
olist_furniture_decor,content_knn_5,8,0.0000000,0.0000000,0.000e+00,True,True
olist_furniture_decor,last_item_nbhd,8,0.0000000,0.0000000,0.000e+00,True,True
olist_furniture_decor,pop_scaled_content,8,0.0000000,0.0000000,0.000e+00,True,True
olist_furniture_decor,co_purchase,8,0.0000000,0.0000000,0.000e+00,True,True
olist_furniture_decor,lambda_hybrid_0.25,8,0.0000000,0.0000000,0.000e+00,True,True
olist_furniture_decor,lambda_hybrid_0.5,8,0.0000000,0.0000000,0.000e+00,True,True
olist_furniture_decor,lambda_hybrid_0.75,8,0.0000000,0.0000000,0.000e+00,True,True
olist_furniture_decor,HEADROOM,,0.0003230,0.0003230,7.817e-17,True,True
synth_attr_hetero_s0,pop_global,0,0.2348900,0.2348899,-1.383e-07,True,True
synth_attr_hetero_s0,recency_pop_0.1,0,0.0235400,0.0235397,-3.059e-07,True,True
synth_attr_hetero_s0,recency_pop_0.5,0,0.0634100,0.0634108,8.325e-07,True,True
synth_attr_hetero_s0,recency_pop_1.0,0,0.0713500,0.0713467,-3.251e-06,False,True
synth_attr_hetero_s0,pop_category,0,0.1869600,0.1869615,1.529e-06,False,True
synth_attr_hetero_s0,pop_price,0,0.2348900,0.2348899,-1.383e-07,True,True
synth_attr_hetero_s0,lambda_hybrid_0.25,0,0.2348900,0.2348899,-1.383e-07,True,True
synth_attr_hetero_s0,lambda_hybrid_0.5,0,0.2348900,0.2348899,-1.383e-07,True,True
synth_attr_hetero_s0,lambda_hybrid_0.75,0,0.2348900,0.2348899,-1.383e-07,True,True
synth_attr_hetero_s0,active_elic2,0,0.1072600,0.1072610,1.012e-06,False,True
synth_attr_hetero_s0,pop_global,1,0.2498000,0.2498043,4.258e-06,False,True
synth_attr_hetero_s0,recency_pop_0.1,1,0.1033900,0.1033858,-4.152e-06,False,True
synth_attr_hetero_s0,recency_pop_0.5,1,0.1633700,0.1633686,-1.392e-06,False,True
synth_attr_hetero_s0,recency_pop_1.0,1,0.1639100,0.1639124,2.432e-06,False,True
synth_attr_hetero_s0,pop_category,1,0.2125200,0.2125172,-2.775e-06,False,True
synth_attr_hetero_s0,pop_price,1,0.2455500,0.2455489,-1.123e-06,False,True
synth_attr_hetero_s0,content_knn_1,1,0.0069200,0.0069230,2.959e-06,False,True
synth_attr_hetero_s0,content_knn_3,1,0.0115100,0.0115070,-2.981e-06,False,True
synth_attr_hetero_s0,content_knn_5,1,0.0100300,0.0100325,2.518e-06,False,True
synth_attr_hetero_s0,last_item_nbhd,1,0.0089000,0.0089016,1.589e-06,False,True
synth_attr_hetero_s0,pop_scaled_content,1,0.0896000,0.0896043,4.269e-06,False,True
synth_attr_hetero_s0,co_purchase,1,0.0081200,0.0081232,3.213e-06,False,True
synth_attr_hetero_s0,lambda_hybrid_0.25,1,0.2347100,0.2347065,-3.453e-06,False,True
synth_attr_hetero_s0,lambda_hybrid_0.5,1,0.0915600,0.0915592,-8.205e-07,True,True
synth_attr_hetero_s0,lambda_hybrid_0.75,1,0.0513900,0.0513874,-2.553e-06,False,True
synth_attr_hetero_s0,pop_global,2,0.2298000,0.2298032,3.202e-06,False,True
synth_attr_hetero_s0,recency_pop_0.1,2,0.1411500,0.1411547,4.727e-06,False,True
synth_attr_hetero_s0,recency_pop_0.5,2,0.1486700,0.1486748,4.832e-06,False,True
synth_attr_hetero_s0,recency_pop_1.0,2,0.1498500,0.1498496,-4.146e-07,True,True
synth_attr_hetero_s0,pop_category,2,0.2003900,0.2003853,-4.692e-06,False,True
synth_attr_hetero_s0,pop_price,2,0.2277800,0.2277813,1.291e-06,False,True
synth_attr_hetero_s0,content_knn_1,2,0.0066000,0.0065972,-2.829e-06,False,True
synth_attr_hetero_s0,content_knn_3,2,0.0088100,0.0088098,-1.878e-07,True,True
synth_attr_hetero_s0,content_knn_5,2,0.0056800,0.0056789,-1.118e-06,False,True
synth_attr_hetero_s0,last_item_nbhd,2,0.0070700,0.0070657,-4.265e-06,False,True
synth_attr_hetero_s0,pop_scaled_content,2,0.1335300,0.1335273,-2.719e-06,False,True
synth_attr_hetero_s0,co_purchase,2,0.0033600,0.0033614,1.353e-06,False,True
synth_attr_hetero_s0,lambda_hybrid_0.25,2,0.2121200,0.2121214,1.431e-06,False,True
synth_attr_hetero_s0,lambda_hybrid_0.5,2,0.1085800,0.1085789,-1.074e-06,False,True
synth_attr_hetero_s0,lambda_hybrid_0.75,2,0.0562000,0.0561973,-2.741e-06,False,True
synth_attr_hetero_s0,pop_global,3,0.2038600,0.2038640,3.959e-06,False,True
synth_attr_hetero_s0,recency_pop_0.1,3,0.1107200,0.1107234,3.407e-06,False,True
synth_attr_hetero_s0,recency_pop_0.5,3,0.1172400,0.1172405,5.315e-07,True,True
synth_attr_hetero_s0,recency_pop_1.0,3,0.1193200,0.1193155,-4.483e-06,False,True
synth_attr_hetero_s0,pop_category,3,0.1846800,0.1846797,-3.475e-07,True,True
synth_attr_hetero_s0,pop_price,3,0.2028600,0.2028594,-6.329e-07,True,True
synth_attr_hetero_s0,content_knn_1,3,0.0144700,0.0144653,-4.727e-06,False,True
synth_attr_hetero_s0,content_knn_3,3,0.0110200,0.0110211,1.087e-06,False,True
synth_attr_hetero_s0,content_knn_5,3,0.0107500,0.0107512,1.240e-06,False,True
synth_attr_hetero_s0,last_item_nbhd,3,0.0130800,0.0130848,4.756e-06,False,True
synth_attr_hetero_s0,pop_scaled_content,3,0.1336700,0.1336650,-4.953e-06,False,True
synth_attr_hetero_s0,co_purchase,3,0.0032500,0.0032515,1.457e-06,False,True
synth_attr_hetero_s0,lambda_hybrid_0.25,3,0.1915500,0.1915501,9.303e-08,True,True
synth_attr_hetero_s0,lambda_hybrid_0.5,3,0.1125600,0.1125588,-1.173e-06,False,True
synth_attr_hetero_s0,lambda_hybrid_0.75,3,0.0584800,0.0584820,2.035e-06,False,True
synth_attr_hetero_s0,pop_global,5,0.2308100,0.2308068,-3.220e-06,False,True
synth_attr_hetero_s0,recency_pop_0.1,5,0.1351200,0.1351236,3.576e-06,False,True
synth_attr_hetero_s0,recency_pop_0.5,5,0.1427400,0.1427386,-1.364e-06,False,True
synth_attr_hetero_s0,recency_pop_1.0,5,0.1444000,0.1444040,4.050e-06,False,True
synth_attr_hetero_s0,pop_category,5,0.2090800,0.2090825,2.529e-06,False,True
synth_attr_hetero_s0,pop_price,5,0.2265400,0.2265379,-2.089e-06,False,True
synth_attr_hetero_s0,content_knn_1,5,0.0059100,0.0059105,4.948e-07,True,True
synth_attr_hetero_s0,content_knn_3,5,0.0031400,0.0031435,3.504e-06,False,True
synth_attr_hetero_s0,content_knn_5,5,0.0031400,0.0031435,3.504e-06,False,True
synth_attr_hetero_s0,last_item_nbhd,5,0.0046500,0.0046495,-4.721e-07,True,True
synth_attr_hetero_s0,pop_scaled_content,5,0.1392000,0.1392008,7.651e-07,True,True
synth_attr_hetero_s0,co_purchase,5,0.0037600,0.0037633,3.259e-06,False,True
synth_attr_hetero_s0,lambda_hybrid_0.25,5,0.2096800,0.2096844,4.351e-06,False,True
synth_attr_hetero_s0,lambda_hybrid_0.5,5,0.1234100,0.1234144,4.374e-06,False,True
synth_attr_hetero_s0,lambda_hybrid_0.75,5,0.0388600,0.0388557,-4.299e-06,False,True
synth_attr_hetero_s0,pop_global,8,0.2145800,0.2145845,4.541e-06,False,True
synth_attr_hetero_s0,recency_pop_0.1,8,0.1610000,0.1609987,-1.320e-06,False,True
synth_attr_hetero_s0,recency_pop_0.5,8,0.1663900,0.1663859,-4.124e-06,False,True
synth_attr_hetero_s0,recency_pop_1.0,8,0.1669700,0.1669706,6.329e-07,True,True
synth_attr_hetero_s0,pop_category,8,0.2037200,0.2037224,2.374e-06,False,True
synth_attr_hetero_s0,pop_price,8,0.2186700,0.2186691,-8.739e-07,True,True
synth_attr_hetero_s0,content_knn_1,8,0.0057200,0.0057178,-2.226e-06,False,True
synth_attr_hetero_s0,content_knn_3,8,0.0030300,0.0030296,-3.985e-07,True,True
synth_attr_hetero_s0,content_knn_5,8,0.0030300,0.0030296,-3.985e-07,True,True
synth_attr_hetero_s0,last_item_nbhd,8,0.0045200,0.0045208,8.410e-07,True,True
synth_attr_hetero_s0,pop_scaled_content,8,0.1529600,0.1529616,1.583e-06,False,True
synth_attr_hetero_s0,co_purchase,8,0.0039100,0.0039087,-1.335e-06,False,True
synth_attr_hetero_s0,lambda_hybrid_0.25,8,0.2035700,0.2035663,-3.674e-06,False,True
synth_attr_hetero_s0,lambda_hybrid_0.5,8,0.1272300,0.1272310,9.787e-07,True,True
synth_attr_hetero_s0,lambda_hybrid_0.75,8,0.0406200,0.0406239,3.881e-06,False,True
synth_attr_hetero_s0,HEADROOM,,-0.2183045,-0.2183045,-5.551e-17,True,True
synth_attr_many_s0,pop_global,0,0.2273600,0.2273605,4.550e-07,True,True
synth_attr_many_s0,recency_pop_0.1,0,0.0326600,0.0326600,1.557e-08,True,True
synth_attr_many_s0,recency_pop_0.5,0,0.0861100,0.0861117,1.708e-06,False,True
synth_attr_many_s0,recency_pop_1.0,0,0.0923900,0.0923859,-4.098e-06,False,True
synth_attr_many_s0,pop_category,0,0.1576500,0.1576529,2.869e-06,False,True
synth_attr_many_s0,pop_price,0,0.2370200,0.2370228,2.823e-06,False,True
synth_attr_many_s0,lambda_hybrid_0.25,0,0.2273600,0.2273605,4.550e-07,True,True
synth_attr_many_s0,lambda_hybrid_0.5,0,0.2273600,0.2273605,4.550e-07,True,True
synth_attr_many_s0,lambda_hybrid_0.75,0,0.2273600,0.2273605,4.550e-07,True,True
synth_attr_many_s0,active_elic2,0,0.1576500,0.1576529,2.869e-06,False,True
synth_attr_many_s0,pop_global,1,0.2215900,0.2215880,-1.960e-06,False,True
synth_attr_many_s0,recency_pop_0.1,1,0.1330200,0.1330184,-1.571e-06,False,True
synth_attr_many_s0,recency_pop_0.5,1,0.1507600,0.1507601,1.311e-07,True,True
synth_attr_many_s0,recency_pop_1.0,1,0.1512700,0.1512702,1.965e-07,True,True
synth_attr_many_s0,pop_category,1,0.1698000,0.1697951,-4.923e-06,False,True
synth_attr_many_s0,pop_price,1,0.2254000,0.2254007,6.644e-07,True,True
synth_attr_many_s0,content_knn_1,1,0.0185300,0.0185320,1.976e-06,False,True
synth_attr_many_s0,content_knn_3,1,0.0153400,0.0153418,1.789e-06,False,True
synth_attr_many_s0,content_knn_5,1,0.0169500,0.0169549,4.936e-06,False,True
synth_attr_many_s0,last_item_nbhd,1,0.0185800,0.0185758,-4.200e-06,False,True
synth_attr_many_s0,pop_scaled_content,1,0.1456300,0.1456257,-4.335e-06,False,True
synth_attr_many_s0,co_purchase,1,0.0053800,0.0053827,2.723e-06,False,True
synth_attr_many_s0,lambda_hybrid_0.25,1,0.1909400,0.1909397,-3.143e-07,True,True
synth_attr_many_s0,lambda_hybrid_0.5,1,0.1200500,0.1200534,3.426e-06,False,True
synth_attr_many_s0,lambda_hybrid_0.75,1,0.0661300,0.0661350,4.953e-06,False,True
synth_attr_many_s0,pop_global,2,0.2206400,0.2206365,-3.493e-06,False,True
synth_attr_many_s0,recency_pop_0.1,2,0.0831500,0.0831548,4.780e-06,False,True
synth_attr_many_s0,recency_pop_0.5,2,0.1105600,0.1105580,-2.034e-06,False,True
synth_attr_many_s0,recency_pop_1.0,2,0.1132500,0.1132471,-2.929e-06,False,True
synth_attr_many_s0,pop_category,2,0.1941300,0.1941257,-4.309e-06,False,True
synth_attr_many_s0,pop_price,2,0.2171400,0.2171410,9.944e-07,True,True
synth_attr_many_s0,content_knn_1,2,0.0096200,0.0096155,-4.505e-06,False,True
synth_attr_many_s0,content_knn_3,2,0.0110000,0.0110023,2.348e-06,False,True
synth_attr_many_s0,content_knn_5,2,0.0113900,0.0113892,-7.989e-07,True,True
synth_attr_many_s0,last_item_nbhd,2,0.0108700,0.0108714,1.419e-06,False,True
synth_attr_many_s0,pop_scaled_content,2,0.1777200,0.1777173,-2.716e-06,False,True
synth_attr_many_s0,co_purchase,2,0.0052100,0.0052103,3.186e-07,True,True
synth_attr_many_s0,lambda_hybrid_0.25,2,0.1948100,0.1948069,-3.104e-06,False,True
synth_attr_many_s0,lambda_hybrid_0.5,2,0.1468300,0.1468300,-4.655e-09,True,True
synth_attr_many_s0,lambda_hybrid_0.75,2,0.0799600,0.0799620,2.007e-06,False,True
synth_attr_many_s0,pop_global,3,0.2298700,0.2298705,5.332e-07,True,True
synth_attr_many_s0,recency_pop_0.1,3,0.0801800,0.0801762,-3.787e-06,False,True
synth_attr_many_s0,recency_pop_0.5,3,0.1092100,0.1092065,-3.465e-06,False,True
synth_attr_many_s0,recency_pop_1.0,3,0.1129300,0.1129252,-4.784e-06,False,True
synth_attr_many_s0,pop_category,3,0.2051300,0.2051277,-2.271e-06,False,True
synth_attr_many_s0,pop_price,3,0.2219400,0.2219359,-4.132e-06,False,True
synth_attr_many_s0,content_knn_1,3,0.0090900,0.0090890,-9.813e-07,True,True
synth_attr_many_s0,content_knn_3,3,0.0096800,0.0096844,4.437e-06,False,True
synth_attr_many_s0,content_knn_5,3,0.0081800,0.0081829,2.936e-06,False,True
synth_attr_many_s0,last_item_nbhd,3,0.0097300,0.0097283,-1.695e-06,False,True
synth_attr_many_s0,pop_scaled_content,3,0.1808600,0.1808584,-1.579e-06,False,True
synth_attr_many_s0,co_purchase,3,0.0049300,0.0049273,-2.655e-06,False,True
synth_attr_many_s0,lambda_hybrid_0.25,3,0.1999700,0.1999696,-3.506e-07,True,True
synth_attr_many_s0,lambda_hybrid_0.5,3,0.1438900,0.1438868,-3.224e-06,False,True
synth_attr_many_s0,lambda_hybrid_0.75,3,0.0888600,0.0888637,3.704e-06,False,True
synth_attr_many_s0,pop_global,5,0.2144500,0.2144515,1.519e-06,False,True
synth_attr_many_s0,recency_pop_0.1,5,0.1633600,0.1633604,3.561e-07,True,True
synth_attr_many_s0,recency_pop_0.5,5,0.1870600,0.1870618,1.804e-06,False,True
synth_attr_many_s0,recency_pop_1.0,5,0.1875300,0.1875341,4.065e-06,False,True
synth_attr_many_s0,pop_category,5,0.2004000,0.2004049,4.858e-06,False,True
synth_attr_many_s0,pop_price,5,0.2029700,0.2029706,6.334e-07,True,True
synth_attr_many_s0,content_knn_1,5,0.0063100,0.0063096,-4.493e-07,True,True
synth_attr_many_s0,content_knn_3,5,0.0068100,0.0068116,1.559e-06,False,True
synth_attr_many_s0,content_knn_5,5,0.0060800,0.0060823,2.348e-06,False,True
synth_attr_many_s0,last_item_nbhd,5,0.0063100,0.0063096,-4.493e-07,True,True
synth_attr_many_s0,pop_scaled_content,5,0.1921300,0.1921270,-3.029e-06,False,True
synth_attr_many_s0,co_purchase,5,0.0013700,0.0013668,-3.180e-06,False,True
synth_attr_many_s0,lambda_hybrid_0.25,5,0.1964900,0.1964856,-4.371e-06,False,True
synth_attr_many_s0,lambda_hybrid_0.5,5,0.1454800,0.1454807,7.008e-07,True,True
synth_attr_many_s0,lambda_hybrid_0.75,5,0.0967200,0.0967223,2.253e-06,False,True
synth_attr_many_s0,pop_global,8,0.1717500,0.1717464,-3.596e-06,False,True
synth_attr_many_s0,recency_pop_0.1,8,0.1787700,0.1787655,-4.461e-06,False,True
synth_attr_many_s0,recency_pop_0.5,8,0.1699600,0.1699633,3.325e-06,False,True
synth_attr_many_s0,recency_pop_1.0,8,0.1690400,0.1690416,1.579e-06,False,True
synth_attr_many_s0,pop_category,8,0.1563200,0.1563162,-3.755e-06,False,True
synth_attr_many_s0,pop_price,8,0.1569000,0.1568951,-4.940e-06,False,True
synth_attr_many_s0,content_knn_1,8,0.0063200,0.0063178,-2.207e-06,False,True
synth_attr_many_s0,content_knn_3,8,0.0063600,0.0063649,4.915e-06,False,True
synth_attr_many_s0,content_knn_5,8,0.0062400,0.0062433,3.252e-06,False,True
synth_attr_many_s0,last_item_nbhd,8,0.0059000,0.0059018,1.822e-06,False,True
synth_attr_many_s0,pop_scaled_content,8,0.1508800,0.1508773,-2.739e-06,False,True
synth_attr_many_s0,co_purchase,8,0.0017500,0.0017537,3.688e-06,False,True
synth_attr_many_s0,lambda_hybrid_0.25,8,0.1438900,0.1438919,1.901e-06,False,True
synth_attr_many_s0,lambda_hybrid_0.5,8,0.0736100,0.0736113,1.345e-06,False,True
synth_attr_many_s0,lambda_hybrid_0.75,8,0.0518500,0.0518499,-1.247e-07,True,True
synth_attr_many_s0,HEADROOM,,-0.2020495,-0.2020495,-8.327e-17,True,True
synth_hist_long_s0,pop_global,0,0.2587300,0.2587321,2.081e-06,False,True
synth_hist_long_s0,recency_pop_0.1,0,0.0243300,0.0243271,-2.920e-06,False,True
synth_hist_long_s0,recency_pop_0.5,0,0.0272800,0.0272796,-3.579e-07,True,True
synth_hist_long_s0,recency_pop_1.0,0,0.0272800,0.0272796,-3.579e-07,True,True
synth_hist_long_s0,pop_category,0,0.2033600,0.2033606,5.695e-07,True,True
synth_hist_long_s0,pop_price,0,0.2596100,0.2596086,-1.444e-06,False,True
synth_hist_long_s0,lambda_hybrid_0.25,0,0.2587300,0.2587321,2.081e-06,False,True
synth_hist_long_s0,lambda_hybrid_0.5,0,0.2587300,0.2587321,2.081e-06,False,True
synth_hist_long_s0,lambda_hybrid_0.75,0,0.2587300,0.2587321,2.081e-06,False,True
synth_hist_long_s0,active_elic2,0,0.1260800,0.1260813,1.271e-06,False,True
synth_hist_long_s0,pop_global,1,0.2320700,0.2320713,1.313e-06,False,True
synth_hist_long_s0,recency_pop_0.1,1,0.0168000,0.0167975,-2.522e-06,False,True
synth_hist_long_s0,recency_pop_0.5,1,0.0510700,0.0510733,3.320e-06,False,True
synth_hist_long_s0,recency_pop_1.0,1,0.0557600,0.0557641,4.103e-06,False,True
synth_hist_long_s0,pop_category,1,0.1906700,0.1906744,4.432e-06,False,True
synth_hist_long_s0,pop_price,1,0.2348500,0.2348526,2.580e-06,False,True
synth_hist_long_s0,content_knn_1,1,0.0218000,0.0218011,1.065e-06,False,True
synth_hist_long_s0,content_knn_3,1,0.0218000,0.0218011,1.065e-06,False,True
synth_hist_long_s0,content_knn_5,1,0.0229600,0.0229616,1.623e-06,False,True
synth_hist_long_s0,last_item_nbhd,1,0.0218000,0.0218011,1.065e-06,False,True
synth_hist_long_s0,pop_scaled_content,1,0.1039700,0.1039728,2.797e-06,False,True
synth_hist_long_s0,co_purchase,1,0.0051100,0.0051096,-4.410e-07,True,True
synth_hist_long_s0,lambda_hybrid_0.25,1,0.2248300,0.2248342,4.229e-06,False,True
synth_hist_long_s0,lambda_hybrid_0.5,1,0.1069000,0.1068970,-3.003e-06,False,True
synth_hist_long_s0,lambda_hybrid_0.75,1,0.0659200,0.0659207,6.627e-07,True,True
synth_hist_long_s0,pop_global,2,0.1937200,0.1937211,1.135e-06,False,True
synth_hist_long_s0,recency_pop_0.1,2,0.0369800,0.0369764,-3.641e-06,False,True
synth_hist_long_s0,recency_pop_0.5,2,0.1087300,0.1087318,1.795e-06,False,True
synth_hist_long_s0,recency_pop_1.0,2,0.1151900,0.1151921,2.074e-06,False,True
synth_hist_long_s0,pop_category,2,0.1586100,0.1586095,-5.101e-07,True,True
synth_hist_long_s0,pop_price,2,0.1986800,0.1986845,4.487e-06,False,True
synth_hist_long_s0,content_knn_1,2,0.0154500,0.0154544,4.395e-06,False,True
synth_hist_long_s0,content_knn_3,2,0.0148500,0.0148472,-2.816e-06,False,True
synth_hist_long_s0,content_knn_5,2,0.0150700,0.0150652,-4.780e-06,False,True
synth_hist_long_s0,last_item_nbhd,2,0.0147200,0.0147163,-3.746e-06,False,True
synth_hist_long_s0,pop_scaled_content,2,0.1066600,0.1066643,4.277e-06,False,True
synth_hist_long_s0,co_purchase,2,0.0052000,0.0052026,2.601e-06,False,True
synth_hist_long_s0,lambda_hybrid_0.25,2,0.1860200,0.1860154,-4.566e-06,False,True
synth_hist_long_s0,lambda_hybrid_0.5,2,0.1044200,0.1044153,-4.680e-06,False,True
synth_hist_long_s0,lambda_hybrid_0.75,2,0.0693500,0.0693501,1.001e-07,True,True
synth_hist_long_s0,pop_global,3,0.1819000,0.1819036,3.553e-06,False,True
synth_hist_long_s0,recency_pop_0.1,3,0.0931400,0.0931355,-4.505e-06,False,True
synth_hist_long_s0,recency_pop_0.5,3,0.1193500,0.1193531,3.147e-06,False,True
synth_hist_long_s0,recency_pop_1.0,3,0.1200100,0.1200096,-4.231e-07,True,True
synth_hist_long_s0,pop_category,3,0.1583500,0.1583476,-2.396e-06,False,True
synth_hist_long_s0,pop_price,3,0.1875400,0.1875440,4.007e-06,False,True
synth_hist_long_s0,content_knn_1,3,0.0230900,0.0230854,-4.649e-06,False,True
synth_hist_long_s0,content_knn_3,3,0.0234300,0.0234349,4.858e-06,False,True
synth_hist_long_s0,content_knn_5,3,0.0218200,0.0218217,1.711e-06,False,True
synth_hist_long_s0,last_item_nbhd,3,0.0222600,0.0222601,1.050e-07,True,True
synth_hist_long_s0,pop_scaled_content,3,0.1151900,0.1151943,4.264e-06,False,True
synth_hist_long_s0,co_purchase,3,0.0026700,0.0026665,-3.505e-06,False,True
synth_hist_long_s0,lambda_hybrid_0.25,3,0.1802300,0.1802306,5.794e-07,True,True
synth_hist_long_s0,lambda_hybrid_0.5,3,0.1060000,0.1060019,1.912e-06,False,True
synth_hist_long_s0,lambda_hybrid_0.75,3,0.0764500,0.0764527,2.667e-06,False,True
synth_hist_long_s0,pop_global,5,0.1485000,0.1485007,6.982e-07,True,True
synth_hist_long_s0,recency_pop_0.1,5,0.0778600,0.0778638,3.754e-06,False,True
synth_hist_long_s0,recency_pop_0.5,5,0.0903000,0.0902998,-2.016e-07,True,True
synth_hist_long_s0,recency_pop_1.0,5,0.0936300,0.0936251,-4.928e-06,False,True
synth_hist_long_s0,pop_category,5,0.1377000,0.1377021,2.060e-06,False,True
synth_hist_long_s0,pop_price,5,0.1583500,0.1583527,2.735e-06,False,True
synth_hist_long_s0,content_knn_1,5,0.0177100,0.0177121,2.125e-06,False,True
synth_hist_long_s0,content_knn_3,5,0.0171000,0.0170990,-1.022e-06,False,True
synth_hist_long_s0,content_knn_5,5,0.0154000,0.0153987,-1.275e-06,False,True
synth_hist_long_s0,last_item_nbhd,5,0.0172900,0.0172856,-4.422e-06,False,True
synth_hist_long_s0,pop_scaled_content,5,0.1026300,0.1026285,-1.472e-06,False,True
synth_hist_long_s0,co_purchase,5,0.0022000,0.0022044,4.382e-06,False,True
synth_hist_long_s0,lambda_hybrid_0.25,5,0.1495600,0.1495618,1.763e-06,False,True
synth_hist_long_s0,lambda_hybrid_0.5,5,0.0980300,0.0980332,3.164e-06,False,True
synth_hist_long_s0,lambda_hybrid_0.75,5,0.0600500,0.0600545,4.482e-06,False,True
synth_hist_long_s0,pop_global,8,0.1338100,0.1338064,-3.619e-06,False,True
synth_hist_long_s0,recency_pop_0.1,8,0.0684600,0.0684579,-2.148e-06,False,True
synth_hist_long_s0,recency_pop_0.5,8,0.0800000,0.0800042,4.207e-06,False,True
synth_hist_long_s0,recency_pop_1.0,8,0.0835700,0.0835699,-5.736e-08,True,True
synth_hist_long_s0,pop_category,8,0.1066200,0.1066215,1.536e-06,False,True
synth_hist_long_s0,pop_price,8,0.1320400,0.1320386,-1.414e-06,False,True
synth_hist_long_s0,content_knn_1,8,0.0151900,0.0151884,-1.594e-06,False,True
synth_hist_long_s0,content_knn_3,8,0.0166200,0.0166191,-9.170e-07,True,True
synth_hist_long_s0,content_knn_5,8,0.0141200,0.0141191,-9.170e-07,True,True
synth_hist_long_s0,last_item_nbhd,8,0.0177500,0.0177500,1.272e-08,True,True
synth_hist_long_s0,pop_scaled_content,8,0.0828700,0.0828720,2.038e-06,False,True
synth_hist_long_s0,co_purchase,8,0.0045900,0.0045912,1.235e-06,False,True
synth_hist_long_s0,lambda_hybrid_0.25,8,0.1247100,0.1247062,-3.837e-06,False,True
synth_hist_long_s0,lambda_hybrid_0.5,8,0.0789900,0.0789941,4.141e-06,False,True
synth_hist_long_s0,lambda_hybrid_0.75,8,0.0519900,0.0519928,2.849e-06,False,True
synth_hist_long_s0,HEADROOM,,-0.1637111,-0.1637111,-2.776e-17,True,True
synth_hist_short_s0,pop_global,0,0.2688800,0.2688779,-2.071e-06,False,True
synth_hist_short_s0,recency_pop_0.1,0,0.0430900,0.0430895,-5.470e-07,True,True
synth_hist_short_s0,recency_pop_0.5,0,0.1023700,0.1023681,-1.880e-06,False,True
synth_hist_short_s0,recency_pop_1.0,0,0.1096900,0.1096896,-3.786e-07,True,True
synth_hist_short_s0,pop_category,0,0.2365200,0.2365166,-3.362e-06,False,True
synth_hist_short_s0,pop_price,0,0.2703700,0.2703679,-2.063e-06,False,True
synth_hist_short_s0,lambda_hybrid_0.25,0,0.2688800,0.2688779,-2.071e-06,False,True
synth_hist_short_s0,lambda_hybrid_0.5,0,0.2688800,0.2688779,-2.071e-06,False,True
synth_hist_short_s0,lambda_hybrid_0.75,0,0.2688800,0.2688779,-2.071e-06,False,True
synth_hist_short_s0,active_elic2,0,0.1392400,0.1392407,6.903e-07,True,True
synth_hist_short_s0,pop_global,1,0.2084600,0.2084594,-5.681e-07,True,True
synth_hist_short_s0,recency_pop_0.1,1,0.1346600,0.1346588,-1.171e-06,False,True
synth_hist_short_s0,recency_pop_0.5,1,0.1456100,0.1456120,1.960e-06,False,True
synth_hist_short_s0,recency_pop_1.0,1,0.1477200,0.1477246,4.565e-06,False,True
synth_hist_short_s0,pop_category,1,0.1855800,0.1855794,-6.294e-07,True,True
synth_hist_short_s0,pop_price,1,0.2148000,0.2147993,-7.426e-07,True,True
synth_hist_short_s0,content_knn_1,1,0.0182400,0.0182400,2.183e-10,True,True
synth_hist_short_s0,content_knn_3,1,0.0182400,0.0182400,2.183e-10,True,True
synth_hist_short_s0,content_knn_5,1,0.0194000,0.0194006,5.586e-07,True,True
synth_hist_short_s0,last_item_nbhd,1,0.0182400,0.0182400,2.183e-10,True,True
synth_hist_short_s0,pop_scaled_content,1,0.0981900,0.0981950,4.963e-06,False,True
synth_hist_short_s0,co_purchase,1,0.0075700,0.0075717,1.672e-06,False,True
synth_hist_short_s0,lambda_hybrid_0.25,1,0.1911100,0.1911056,-4.386e-06,False,True
synth_hist_short_s0,lambda_hybrid_0.5,1,0.0886900,0.0886854,-4.588e-06,False,True
synth_hist_short_s0,lambda_hybrid_0.75,1,0.0560100,0.0560071,-2.930e-06,False,True
synth_hist_short_s0,pop_global,2,0.1861300,0.1861346,4.569e-06,False,True
synth_hist_short_s0,recency_pop_0.1,2,0.1302100,0.1302146,4.579e-06,False,True
synth_hist_short_s0,recency_pop_0.5,2,0.1472900,0.1472927,2.701e-06,False,True
synth_hist_short_s0,recency_pop_1.0,2,0.1481000,0.1480997,-3.490e-07,True,True
synth_hist_short_s0,pop_category,2,0.1653100,0.1653108,7.986e-07,True,True
synth_hist_short_s0,pop_price,2,0.1896100,0.1896085,-1.472e-06,False,True
synth_hist_short_s0,content_knn_1,2,0.0206000,0.0205995,-4.803e-07,True,True
synth_hist_short_s0,content_knn_3,2,0.0243000,0.0243021,2.121e-06,False,True
synth_hist_short_s0,content_knn_5,2,0.0214500,0.0214508,8.335e-07,True,True
synth_hist_short_s0,last_item_nbhd,2,0.0236900,0.0236890,-1.026e-06,False,True
synth_hist_short_s0,pop_scaled_content,2,0.1105000,0.1105018,1.754e-06,False,True
synth_hist_short_s0,co_purchase,2,0.0040300,0.0040278,-2.152e-06,False,True
synth_hist_short_s0,lambda_hybrid_0.25,2,0.1687800,0.1687816,1.632e-06,False,True
synth_hist_short_s0,lambda_hybrid_0.5,2,0.1014000,0.1013981,-1.921e-06,False,True
synth_hist_short_s0,lambda_hybrid_0.75,2,0.0764700,0.0764674,-2.624e-06,False,True
synth_hist_short_s0,pop_global,3,0.1490800,0.1490780,-1.966e-06,False,True
synth_hist_short_s0,recency_pop_0.1,3,0.1309500,0.1309476,-2.399e-06,False,True
synth_hist_short_s0,recency_pop_0.5,3,0.1418000,0.1417988,-1.179e-06,False,True
synth_hist_short_s0,recency_pop_1.0,3,0.1420100,0.1420073,-2.670e-06,False,True
synth_hist_short_s0,pop_category,3,0.1340700,0.1340747,4.660e-06,False,True
synth_hist_short_s0,pop_price,3,0.1530900,0.1530872,-2.816e-06,False,True
synth_hist_short_s0,content_knn_1,3,0.0180100,0.0180100,-3.460e-08,True,True
synth_hist_short_s0,content_knn_3,3,0.0197200,0.0197220,2.024e-06,False,True
synth_hist_short_s0,content_knn_5,3,0.0206000,0.0206036,3.608e-06,False,True
synth_hist_short_s0,last_item_nbhd,3,0.0189500,0.0189494,-6.417e-07,True,True
synth_hist_short_s0,pop_scaled_content,3,0.1186800,0.1186834,3.420e-06,False,True
synth_hist_short_s0,co_purchase,3,0.0027500,0.0027548,4.768e-06,False,True
synth_hist_short_s0,lambda_hybrid_0.25,3,0.1394900,0.1394912,1.249e-06,False,True
synth_hist_short_s0,lambda_hybrid_0.5,3,0.1057400,0.1057449,4.905e-06,False,True
synth_hist_short_s0,lambda_hybrid_0.75,3,0.0759600,0.0759555,-4.469e-06,False,True
synth_hist_short_s0,pop_global,5,0.1416000,0.1416037,3.678e-06,False,True
synth_hist_short_s0,recency_pop_0.1,5,0.1456400,0.1456373,-2.740e-06,False,True
synth_hist_short_s0,recency_pop_0.5,5,0.1574100,0.1574105,5.260e-07,True,True
synth_hist_short_s0,recency_pop_1.0,5,0.1481500,0.1481473,-2.662e-06,False,True
synth_hist_short_s0,pop_category,5,0.1096400,0.1096386,-1.387e-06,False,True
synth_hist_short_s0,pop_price,5,0.1410200,0.1410205,5.274e-07,True,True
synth_hist_short_s0,content_knn_1,5,0.0137000,0.0136962,-3.793e-06,False,True
synth_hist_short_s0,content_knn_3,5,0.0147900,0.0147857,-4.293e-06,False,True
synth_hist_short_s0,content_knn_5,5,0.0141400,0.0141401,1.295e-07,True,True
synth_hist_short_s0,last_item_nbhd,5,0.0154000,0.0154000,-4.285e-08,True,True
synth_hist_short_s0,pop_scaled_content,5,0.0999900,0.0999897,-3.190e-07,True,True
synth_hist_short_s0,co_purchase,5,0.0056500,0.0056476,-2.369e-06,False,True
synth_hist_short_s0,lambda_hybrid_0.25,5,0.1238100,0.1238058,-4.179e-06,False,True
synth_hist_short_s0,lambda_hybrid_0.5,5,0.0842300,0.0842316,1.631e-06,False,True
synth_hist_short_s0,lambda_hybrid_0.75,5,0.0587300,0.0587294,-6.281e-07,True,True
synth_hist_short_s0,pop_global,8,0.1032900,0.1032943,4.306e-06,False,True
synth_hist_short_s0,recency_pop_0.1,8,0.1419300,0.1419321,2.125e-06,False,True
synth_hist_short_s0,recency_pop_0.5,8,0.1321900,0.1321932,3.175e-06,False,True
synth_hist_short_s0,recency_pop_1.0,8,0.1150300,0.1150283,-1.652e-06,False,True
synth_hist_short_s0,pop_category,8,0.0753900,0.0753888,-1.248e-06,False,True
synth_hist_short_s0,pop_price,8,0.0948700,0.0948737,3.716e-06,False,True
synth_hist_short_s0,content_knn_1,8,0.0062100,0.0062144,4.363e-06,False,True
synth_hist_short_s0,content_knn_3,8,0.0062100,0.0062144,4.363e-06,False,True
synth_hist_short_s0,content_knn_5,8,0.0030600,0.0030568,-3.192e-06,False,True
synth_hist_short_s0,last_item_nbhd,8,0.0062600,0.0062595,-5.034e-07,True,True
synth_hist_short_s0,pop_scaled_content,8,0.0790600,0.0790591,-9.156e-07,True,True
synth_hist_short_s0,co_purchase,8,0.0084200,0.0084201,1.253e-07,True,True
synth_hist_short_s0,lambda_hybrid_0.25,8,0.0904500,0.0904517,1.711e-06,False,True
synth_hist_short_s0,lambda_hybrid_0.5,8,0.0689100,0.0689068,-3.198e-06,False,True
synth_hist_short_s0,lambda_hybrid_0.75,8,0.0445500,0.0445471,-2.876e-06,False,True
synth_hist_short_s0,HEADROOM,,-0.1540082,-0.1540082,-2.776e-17,True,True
synth_stick_low_s0,pop_global,0,0.2812300,0.2812280,-2.022e-06,False,True
synth_stick_low_s0,recency_pop_0.1,0,0.0219200,0.0219224,2.418e-06,False,True
synth_stick_low_s0,recency_pop_0.5,0,0.0237300,0.0237328,2.772e-06,False,True
synth_stick_low_s0,recency_pop_1.0,0,0.0281900,0.0281884,-1.594e-06,False,True
synth_stick_low_s0,pop_category,0,0.2211900,0.2211927,2.733e-06,False,True
synth_stick_low_s0,pop_price,0,0.2821000,0.2821045,4.453e-06,False,True
synth_stick_low_s0,lambda_hybrid_0.25,0,0.2812300,0.2812280,-2.022e-06,False,True
synth_stick_low_s0,lambda_hybrid_0.5,0,0.2812300,0.2812280,-2.022e-06,False,True
synth_stick_low_s0,lambda_hybrid_0.75,0,0.2812300,0.2812280,-2.022e-06,False,True
synth_stick_low_s0,active_elic2,0,0.1306700,0.1306680,-2.007e-06,False,True
synth_stick_low_s0,pop_global,1,0.2259500,0.2259494,-5.806e-07,True,True
synth_stick_low_s0,recency_pop_0.1,1,0.0652700,0.0652682,-1.795e-06,False,True
synth_stick_low_s0,recency_pop_0.5,1,0.1280700,0.1280693,-7.021e-07,True,True
synth_stick_low_s0,recency_pop_1.0,1,0.1333900,0.1333870,-2.989e-06,False,True
synth_stick_low_s0,pop_category,1,0.1928700,0.1928714,1.429e-06,False,True
synth_stick_low_s0,pop_price,1,0.2269400,0.2269422,2.244e-06,False,True
synth_stick_low_s0,content_knn_1,1,0.0191700,0.0191743,4.265e-06,False,True
synth_stick_low_s0,content_knn_3,1,0.0206700,0.0206743,4.265e-06,False,True
synth_stick_low_s0,content_knn_5,1,0.0211500,0.0211524,2.353e-06,False,True
synth_stick_low_s0,last_item_nbhd,1,0.0199500,0.0199480,-2.029e-06,False,True
synth_stick_low_s0,pop_scaled_content,1,0.0992700,0.0992738,3.810e-06,False,True
synth_stick_low_s0,co_purchase,1,0.0034000,0.0034046,4.635e-06,False,True
synth_stick_low_s0,lambda_hybrid_0.25,1,0.2073700,0.2073693,-6.933e-07,True,True
synth_stick_low_s0,lambda_hybrid_0.5,1,0.1058500,0.1058525,2.475e-06,False,True
synth_stick_low_s0,lambda_hybrid_0.75,1,0.0621400,0.0621416,1.562e-06,False,True
synth_stick_low_s0,pop_global,2,0.1944700,0.1944683,-1.742e-06,False,True
synth_stick_low_s0,recency_pop_0.1,2,0.1118000,0.1117968,-3.221e-06,False,True
synth_stick_low_s0,recency_pop_0.5,2,0.1154100,0.1154065,-3.505e-06,False,True
synth_stick_low_s0,recency_pop_1.0,2,0.1158600,0.1158627,2.698e-06,False,True
synth_stick_low_s0,pop_category,2,0.1699000,0.1698979,-2.121e-06,False,True
synth_stick_low_s0,pop_price,2,0.1954300,0.1954309,9.117e-07,True,True
synth_stick_low_s0,content_knn_1,2,0.0168900,0.0168928,2.789e-06,False,True
synth_stick_low_s0,content_knn_3,2,0.0153400,0.0153371,-2.881e-06,False,True
synth_stick_low_s0,content_knn_5,2,0.0133500,0.0133508,7.723e-07,True,True
synth_stick_low_s0,last_item_nbhd,2,0.0150200,0.0150237,3.718e-06,False,True
synth_stick_low_s0,pop_scaled_content,2,0.1129500,0.1129461,-3.916e-06,False,True
synth_stick_low_s0,co_purchase,2,0.0047800,0.0047838,3.771e-06,False,True
synth_stick_low_s0,lambda_hybrid_0.25,2,0.1796500,0.1796548,4.832e-06,False,True
synth_stick_low_s0,lambda_hybrid_0.5,2,0.1090100,0.1090084,-1.584e-06,False,True
synth_stick_low_s0,lambda_hybrid_0.75,2,0.0733000,0.0732962,-3.763e-06,False,True
synth_stick_low_s0,pop_global,3,0.1843100,0.1843059,-4.053e-06,False,True
synth_stick_low_s0,recency_pop_0.1,3,0.0923200,0.0923204,4.471e-07,True,True
synth_stick_low_s0,recency_pop_0.5,3,0.1001500,0.1001523,2.286e-06,False,True
synth_stick_low_s0,recency_pop_1.0,3,0.1009900,0.1009856,-4.432e-06,False,True
synth_stick_low_s0,pop_category,3,0.1545500,0.1545499,-1.022e-07,True,True
synth_stick_low_s0,pop_price,3,0.1854100,0.1854084,-1.650e-06,False,True
synth_stick_low_s0,content_knn_1,3,0.0131700,0.0131719,1.950e-06,False,True
synth_stick_low_s0,content_knn_3,3,0.0140700,0.0140656,-4.367e-06,False,True
synth_stick_low_s0,content_knn_5,3,0.0109400,0.0109434,3.427e-06,False,True
synth_stick_low_s0,last_item_nbhd,3,0.0118000,0.0118015,1.509e-06,False,True
synth_stick_low_s0,pop_scaled_content,3,0.1137900,0.1137905,4.821e-07,True,True
synth_stick_low_s0,co_purchase,3,0.0039000,0.0038967,-3.314e-06,False,True
synth_stick_low_s0,lambda_hybrid_0.25,3,0.1624900,0.1624885,-1.515e-06,False,True
synth_stick_low_s0,lambda_hybrid_0.5,3,0.1076700,0.1076699,-7.777e-08,True,True
synth_stick_low_s0,lambda_hybrid_0.75,3,0.0716300,0.0716256,-4.433e-06,False,True
synth_stick_low_s0,pop_global,5,0.1760800,0.1760793,-6.506e-07,True,True
synth_stick_low_s0,recency_pop_0.1,5,0.1316200,0.1316184,-1.619e-06,False,True
synth_stick_low_s0,recency_pop_0.5,5,0.1454700,0.1454665,-3.472e-06,False,True
synth_stick_low_s0,recency_pop_1.0,5,0.1470900,0.1470874,-2.576e-06,False,True
synth_stick_low_s0,pop_category,5,0.1519700,0.1519730,3.016e-06,False,True
synth_stick_low_s0,pop_price,5,0.1771400,0.1771351,-4.914e-06,False,True
synth_stick_low_s0,content_knn_1,5,0.0218900,0.0218873,-2.678e-06,False,True
synth_stick_low_s0,content_knn_3,5,0.0223900,0.0223893,-6.698e-07,True,True
synth_stick_low_s0,content_knn_5,5,0.0210000,0.0209969,-3.092e-06,False,True
synth_stick_low_s0,last_item_nbhd,5,0.0213900,0.0213853,-4.686e-06,False,True
synth_stick_low_s0,pop_scaled_content,5,0.1207800,0.1207792,-7.775e-07,True,True
synth_stick_low_s0,co_purchase,5,0.0017800,0.0017808,8.289e-07,True,True
synth_stick_low_s0,lambda_hybrid_0.25,5,0.1681200,0.1681245,4.518e-06,False,True
synth_stick_low_s0,lambda_hybrid_0.5,5,0.1198800,0.1198766,-3.444e-06,False,True
synth_stick_low_s0,lambda_hybrid_0.75,5,0.0702800,0.0702812,1.203e-06,False,True
synth_stick_low_s0,pop_global,8,0.1302900,0.1302921,2.099e-06,False,True
synth_stick_low_s0,recency_pop_0.1,8,0.1363500,0.1363548,4.805e-06,False,True
synth_stick_low_s0,recency_pop_0.5,8,0.1331100,0.1331141,4.091e-06,False,True
synth_stick_low_s0,recency_pop_1.0,8,0.1310900,0.1310941,4.097e-06,False,True
synth_stick_low_s0,pop_category,8,0.1145100,0.1145136,3.575e-06,False,True
synth_stick_low_s0,pop_price,8,0.1205700,0.1205683,-1.691e-06,False,True
synth_stick_low_s0,content_knn_1,8,0.0128200,0.0128204,3.865e-07,True,True
synth_stick_low_s0,content_knn_3,8,0.0146300,0.0146256,-4.364e-06,False,True
synth_stick_low_s0,content_knn_5,8,0.0157200,0.0157200,2.631e-08,True,True
synth_stick_low_s0,last_item_nbhd,8,0.0137500,0.0137466,-3.427e-06,False,True
synth_stick_low_s0,pop_scaled_content,8,0.0954900,0.0954918,1.840e-06,False,True
synth_stick_low_s0,co_purchase,8,0.0039400,0.0039361,-3.916e-06,False,True
synth_stick_low_s0,lambda_hybrid_0.25,8,0.1146300,0.1146314,1.352e-06,False,True
synth_stick_low_s0,lambda_hybrid_0.5,8,0.0829700,0.0829696,-3.807e-07,True,True
synth_stick_low_s0,lambda_hybrid_0.75,8,0.0474300,0.0474341,4.129e-06,False,True
synth_stick_low_s0,HEADROOM,,-0.1668504,-0.1668504,-5.551e-17,True,True
synth_tstat_s0,pop_global,0,0.2790200,0.2790226,2.584e-06,False,True
synth_tstat_s0,recency_pop_0.1,0,0.0384300,0.0384343,4.291e-06,False,True
synth_tstat_s0,recency_pop_0.5,0,0.0739200,0.0739233,3.301e-06,False,True
synth_tstat_s0,recency_pop_1.0,0,0.0752600,0.0752609,9.353e-07,True,True
synth_tstat_s0,pop_category,0,0.2677600,0.2677593,-7.422e-07,True,True
synth_tstat_s0,pop_price,0,0.2790200,0.2790226,2.584e-06,False,True
synth_tstat_s0,lambda_hybrid_0.25,0,0.2790200,0.2790226,2.584e-06,False,True
synth_tstat_s0,lambda_hybrid_0.5,0,0.2790200,0.2790226,2.584e-06,False,True
synth_tstat_s0,lambda_hybrid_0.75,0,0.2790200,0.2790226,2.584e-06,False,True
synth_tstat_s0,active_elic2,0,0.1556300,0.1556275,-2.503e-06,False,True
synth_tstat_s0,pop_global,1,0.2498400,0.2498397,-2.972e-07,True,True
synth_tstat_s0,recency_pop_0.1,1,0.0914000,0.0913989,-1.116e-06,False,True
synth_tstat_s0,recency_pop_0.5,1,0.1502200,0.1502217,1.703e-06,False,True
synth_tstat_s0,recency_pop_1.0,1,0.1525700,0.1525712,1.183e-06,False,True
synth_tstat_s0,pop_category,1,0.2347000,0.2347046,4.644e-06,False,True
synth_tstat_s0,pop_price,1,0.2494500,0.2494529,2.850e-06,False,True
synth_tstat_s0,content_knn_1,1,0.0220000,0.0219995,-4.625e-07,True,True
synth_tstat_s0,content_knn_3,1,0.0220000,0.0219995,-4.625e-07,True,True
synth_tstat_s0,content_knn_5,1,0.0233500,0.0233467,-3.304e-06,False,True
synth_tstat_s0,last_item_nbhd,1,0.0220000,0.0219995,-4.625e-07,True,True
synth_tstat_s0,pop_scaled_content,1,0.1240700,0.1240741,4.098e-06,False,True
synth_tstat_s0,co_purchase,1,0.0088700,0.0088673,-2.711e-06,False,True
synth_tstat_s0,lambda_hybrid_0.25,1,0.2193100,0.2193100,4.938e-08,True,True
synth_tstat_s0,lambda_hybrid_0.5,1,0.0993100,0.0993116,1.644e-06,False,True
synth_tstat_s0,lambda_hybrid_0.75,1,0.0732600,0.0732565,-3.484e-06,False,True
synth_tstat_s0,pop_global,2,0.2338100,0.2338111,1.104e-06,False,True
synth_tstat_s0,recency_pop_0.1,2,0.1371900,0.1371944,4.422e-06,False,True
synth_tstat_s0,recency_pop_0.5,2,0.1462000,0.1462044,4.434e-06,False,True
synth_tstat_s0,recency_pop_1.0,2,0.1475500,0.1475516,1.592e-06,False,True
synth_tstat_s0,pop_category,2,0.2189900,0.2189884,-1.638e-06,False,True
synth_tstat_s0,pop_price,2,0.2329900,0.2329936,3.574e-06,False,True
synth_tstat_s0,content_knn_1,2,0.0214200,0.0214170,-2.951e-06,False,True
synth_tstat_s0,content_knn_3,2,0.0205900,0.0205871,-2.868e-06,False,True
synth_tstat_s0,content_knn_5,2,0.0213000,0.0213034,3.387e-06,False,True
synth_tstat_s0,last_item_nbhd,2,0.0207500,0.0207482,-1.768e-06,False,True
synth_tstat_s0,pop_scaled_content,2,0.1625600,0.1625605,4.971e-07,True,True
synth_tstat_s0,co_purchase,2,0.0049000,0.0048969,-3.082e-06,False,True
synth_tstat_s0,lambda_hybrid_0.25,2,0.2110300,0.2110257,-4.291e-06,False,True
synth_tstat_s0,lambda_hybrid_0.5,2,0.1336000,0.1336009,8.641e-07,True,True
synth_tstat_s0,lambda_hybrid_0.75,2,0.0974100,0.0974107,6.502e-07,True,True
synth_tstat_s0,pop_global,3,0.2144300,0.2144314,1.410e-06,False,True
synth_tstat_s0,recency_pop_0.1,3,0.1360600,0.1360645,4.471e-06,False,True
synth_tstat_s0,recency_pop_0.5,3,0.1363400,0.1363408,8.020e-07,True,True
synth_tstat_s0,recency_pop_1.0,3,0.1361700,0.1361659,-4.126e-06,False,True
synth_tstat_s0,pop_category,3,0.2014100,0.2014089,-1.136e-06,False,True
synth_tstat_s0,pop_price,3,0.2137400,0.2137447,4.665e-06,False,True
synth_tstat_s0,content_knn_1,3,0.0148500,0.0148478,-2.162e-06,False,True
synth_tstat_s0,content_knn_3,3,0.0138600,0.0138646,4.637e-06,False,True
synth_tstat_s0,content_knn_5,3,0.0131400,0.0131376,-2.384e-06,False,True
synth_tstat_s0,last_item_nbhd,3,0.0152400,0.0152351,-4.922e-06,False,True
synth_tstat_s0,pop_scaled_content,3,0.1430600,0.1430572,-2.836e-06,False,True
synth_tstat_s0,co_purchase,3,0.0054200,0.0054160,-4.012e-06,False,True
synth_tstat_s0,lambda_hybrid_0.25,3,0.1965300,0.1965320,2.027e-06,False,True
synth_tstat_s0,lambda_hybrid_0.5,3,0.1204200,0.1204161,-3.862e-06,False,True
synth_tstat_s0,lambda_hybrid_0.75,3,0.0813000,0.0813023,2.280e-06,False,True
synth_tstat_s0,pop_global,5,0.1892100,0.1892132,3.237e-06,False,True
synth_tstat_s0,recency_pop_0.1,5,0.1355100,0.1355149,4.884e-06,False,True
synth_tstat_s0,recency_pop_0.5,5,0.1477300,0.1477279,-2.092e-06,False,True
synth_tstat_s0,recency_pop_1.0,5,0.1484800,0.1484791,-8.808e-07,True,True
synth_tstat_s0,pop_category,5,0.1776600,0.1776632,3.240e-06,False,True
synth_tstat_s0,pop_price,5,0.1849600,0.1849592,-8.363e-07,True,True
synth_tstat_s0,content_knn_1,5,0.0137100,0.0137136,3.632e-06,False,True
synth_tstat_s0,content_knn_3,5,0.0130800,0.0130802,1.687e-07,True,True
synth_tstat_s0,content_knn_5,5,0.0121100,0.0121059,-4.100e-06,False,True
synth_tstat_s0,last_item_nbhd,5,0.0120800,0.0120762,-3.847e-06,False,True
synth_tstat_s0,pop_scaled_content,5,0.1278900,0.1278860,-4.045e-06,False,True
synth_tstat_s0,co_purchase,5,0.0046400,0.0046418,1.780e-06,False,True
synth_tstat_s0,lambda_hybrid_0.25,5,0.1718300,0.1718284,-1.561e-06,False,True
synth_tstat_s0,lambda_hybrid_0.5,5,0.1020500,0.1020534,3.417e-06,False,True
synth_tstat_s0,lambda_hybrid_0.75,5,0.0572700,0.0572730,2.968e-06,False,True
synth_tstat_s0,pop_global,8,0.1400100,0.1400130,3.010e-06,False,True
synth_tstat_s0,recency_pop_0.1,8,0.1307600,0.1307562,-3.830e-06,False,True
synth_tstat_s0,recency_pop_0.5,8,0.1311600,0.1311600,-1.502e-08,True,True
synth_tstat_s0,recency_pop_1.0,8,0.1311600,0.1311600,-1.502e-08,True,True
synth_tstat_s0,pop_category,8,0.1315700,0.1315734,3.431e-06,False,True
synth_tstat_s0,pop_price,8,0.1366400,0.1366408,8.145e-07,True,True
synth_tstat_s0,content_knn_1,8,0.0078800,0.0078791,-8.658e-07,True,True
synth_tstat_s0,content_knn_3,8,0.0072000,0.0072007,7.151e-07,True,True
synth_tstat_s0,content_knn_5,8,0.0072000,0.0072007,7.151e-07,True,True
synth_tstat_s0,last_item_nbhd,8,0.0074600,0.0074632,3.163e-06,False,True
synth_tstat_s0,pop_scaled_content,8,0.1147100,0.1147084,-1.581e-06,False,True
synth_tstat_s0,co_purchase,8,0.0093400,0.0093385,-1.485e-06,False,True
synth_tstat_s0,lambda_hybrid_0.25,8,0.1263800,0.1263811,1.107e-06,False,True
synth_tstat_s0,lambda_hybrid_0.5,8,0.0819100,0.0819103,3.361e-07,True,True
synth_tstat_s0,lambda_hybrid_0.75,8,0.0491700,0.0491687,-1.332e-06,False,True
synth_tstat_s0,HEADROOM,,-0.1898076,-0.1898076,-5.551e-17,True,True
synth_v1000_s0,pop_global,0,0.1640100,0.1640108,7.577e-07,True,True
synth_v1000_s0,recency_pop_0.1,0,0.0195500,0.0195474,-2.562e-06,False,True
synth_v1000_s0,recency_pop_0.5,0,0.0273100,0.0273052,-4.805e-06,False,True
synth_v1000_s0,recency_pop_1.0,0,0.0273500,0.0273490,-9.816e-07,True,True
synth_v1000_s0,pop_category,0,0.1702800,0.1702820,2.031e-06,False,True
synth_v1000_s0,pop_price,0,0.1655800,0.1655819,1.915e-06,False,True
synth_v1000_s0,lambda_hybrid_0.25,0,0.1640100,0.1640108,7.577e-07,True,True
synth_v1000_s0,lambda_hybrid_0.5,0,0.1640100,0.1640108,7.577e-07,True,True
synth_v1000_s0,lambda_hybrid_0.75,0,0.1640100,0.1640108,7.577e-07,True,True
synth_v1000_s0,active_elic2,0,0.1702800,0.1702820,2.031e-06,False,True
synth_v1000_s0,pop_global,1,0.1568700,0.1568720,1.955e-06,False,True
synth_v1000_s0,recency_pop_0.1,1,0.0542100,0.0542068,-3.217e-06,False,True
synth_v1000_s0,recency_pop_0.5,1,0.0576100,0.0576109,9.041e-07,True,True
synth_v1000_s0,recency_pop_1.0,1,0.0581300,0.0581287,-1.313e-06,False,True
synth_v1000_s0,pop_category,1,0.1565100,0.1565150,4.960e-06,False,True
synth_v1000_s0,pop_price,1,0.1587000,0.1587050,4.971e-06,False,True
synth_v1000_s0,content_knn_1,1,0.0020600,0.0020616,1.606e-06,False,True
synth_v1000_s0,content_knn_3,1,0.0020600,0.0020616,1.606e-06,False,True
synth_v1000_s0,content_knn_5,1,0.0020600,0.0020616,1.606e-06,False,True
synth_v1000_s0,last_item_nbhd,1,0.0020600,0.0020616,1.606e-06,False,True
synth_v1000_s0,pop_scaled_content,1,0.1053700,0.1053669,-3.148e-06,False,True
synth_v1000_s0,co_purchase,1,0.0120400,0.0120438,3.823e-06,False,True
synth_v1000_s0,lambda_hybrid_0.25,1,0.1549600,0.1549607,7.119e-07,True,True
synth_v1000_s0,lambda_hybrid_0.5,1,0.0932800,0.0932756,-4.409e-06,False,True
synth_v1000_s0,lambda_hybrid_0.75,1,0.0417400,0.0417358,-4.156e-06,False,True
synth_v1000_s0,pop_global,2,0.1463800,0.1463838,3.828e-06,False,True
synth_v1000_s0,recency_pop_0.1,2,0.0546400,0.0546357,-4.323e-06,False,True
synth_v1000_s0,recency_pop_0.5,2,0.0619500,0.0619457,-4.299e-06,False,True
synth_v1000_s0,recency_pop_1.0,2,0.0625000,0.0625009,8.558e-07,True,True
synth_v1000_s0,pop_category,2,0.1505300,0.1505340,4.009e-06,False,True
synth_v1000_s0,pop_price,2,0.1511200,0.1511156,-4.430e-06,False,True
synth_v1000_s0,content_knn_1,2,0.0013200,0.0013175,-2.471e-06,False,True
synth_v1000_s0,content_knn_3,2,0.0013200,0.0013175,-2.471e-06,False,True
synth_v1000_s0,content_knn_5,2,0.0013200,0.0013175,-2.471e-06,False,True
synth_v1000_s0,last_item_nbhd,2,0.0013200,0.0013175,-2.471e-06,False,True
synth_v1000_s0,pop_scaled_content,2,0.1328500,0.1328502,1.778e-07,True,True
synth_v1000_s0,co_purchase,2,0.0048600,0.0048614,1.353e-06,False,True
synth_v1000_s0,lambda_hybrid_0.25,2,0.1521000,0.1520956,-4.358e-06,False,True
synth_v1000_s0,lambda_hybrid_0.5,2,0.1267400,0.1267388,-1.187e-06,False,True
synth_v1000_s0,lambda_hybrid_0.75,2,0.0848200,0.0848217,1.737e-06,False,True
synth_v1000_s0,pop_global,3,0.1521600,0.1521623,2.257e-06,False,True
synth_v1000_s0,recency_pop_0.1,3,0.0583300,0.0583300,2.147e-08,True,True
synth_v1000_s0,recency_pop_0.5,3,0.0644700,0.0644698,-2.225e-07,True,True
synth_v1000_s0,recency_pop_1.0,3,0.0648800,0.0648846,4.609e-06,False,True
synth_v1000_s0,pop_category,3,0.1471600,0.1471626,2.644e-06,False,True
synth_v1000_s0,pop_price,3,0.1598900,0.1598862,-3.771e-06,False,True
synth_v1000_s0,content_knn_1,3,0.0035200,0.0035178,-2.217e-06,False,True
synth_v1000_s0,content_knn_3,3,0.0035200,0.0035178,-2.217e-06,False,True
synth_v1000_s0,content_knn_5,3,0.0035200,0.0035178,-2.217e-06,False,True
synth_v1000_s0,last_item_nbhd,3,0.0035200,0.0035178,-2.217e-06,False,True
synth_v1000_s0,pop_scaled_content,3,0.1317000,0.1316974,-2.637e-06,False,True
synth_v1000_s0,co_purchase,3,0.0065600,0.0065616,1.606e-06,False,True
synth_v1000_s0,lambda_hybrid_0.25,3,0.1495600,0.1495561,-3.869e-06,False,True
synth_v1000_s0,lambda_hybrid_0.5,3,0.1318900,0.1318935,3.461e-06,False,True
synth_v1000_s0,lambda_hybrid_0.75,3,0.0830100,0.0830083,-1.663e-06,False,True
synth_v1000_s0,pop_global,5,0.1586100,0.1586059,-4.138e-06,False,True
synth_v1000_s0,recency_pop_0.1,5,0.1139800,0.1139799,-1.424e-07,True,True
synth_v1000_s0,recency_pop_0.5,5,0.1188900,0.1188915,1.452e-06,False,True
synth_v1000_s0,recency_pop_1.0,5,0.1228300,0.1228288,-1.236e-06,False,True
synth_v1000_s0,pop_category,5,0.1579200,0.1579190,-1.028e-06,False,True
synth_v1000_s0,pop_price,5,0.1668200,0.1668190,-1.020e-06,False,True
synth_v1000_s0,content_knn_1,5,0.0000000,0.0000000,0.000e+00,True,True
synth_v1000_s0,content_knn_3,5,0.0000000,0.0000000,0.000e+00,True,True
synth_v1000_s0,content_knn_5,5,0.0000000,0.0000000,0.000e+00,True,True
synth_v1000_s0,last_item_nbhd,5,0.0000000,0.0000000,0.000e+00,True,True
synth_v1000_s0,pop_scaled_content,5,0.1436700,0.1436654,-4.590e-06,False,True
synth_v1000_s0,co_purchase,5,0.0049000,0.0049026,2.594e-06,False,True
synth_v1000_s0,lambda_hybrid_0.25,5,0.1612800,0.1612795,-5.143e-07,True,True
synth_v1000_s0,lambda_hybrid_0.5,5,0.1424800,0.1424834,3.439e-06,False,True
synth_v1000_s0,lambda_hybrid_0.75,5,0.0792600,0.0792557,-4.265e-06,False,True
synth_v1000_s0,pop_global,8,0.1579600,0.1579586,-1.434e-06,False,True
synth_v1000_s0,recency_pop_0.1,8,0.1713100,0.1713074,-2.604e-06,False,True
synth_v1000_s0,recency_pop_0.5,8,0.1647000,0.1646998,-2.071e-07,True,True
synth_v1000_s0,recency_pop_1.0,8,0.1638200,0.1638169,-3.129e-06,False,True
synth_v1000_s0,pop_category,8,0.1640000,0.1640023,2.336e-06,False,True
synth_v1000_s0,pop_price,8,0.1724900,0.1724944,4.370e-06,False,True
synth_v1000_s0,content_knn_1,8,0.0006800,0.0006784,-1.581e-06,False,True
synth_v1000_s0,content_knn_3,8,0.0006800,0.0006784,-1.581e-06,False,True
synth_v1000_s0,content_knn_5,8,0.0006800,0.0006784,-1.581e-06,False,True
synth_v1000_s0,last_item_nbhd,8,0.0006800,0.0006784,-1.581e-06,False,True
synth_v1000_s0,pop_scaled_content,8,0.1562400,0.1562383,-1.743e-06,False,True
synth_v1000_s0,co_purchase,8,0.0031100,0.0031105,5.261e-07,True,True
synth_v1000_s0,lambda_hybrid_0.25,8,0.1698900,0.1698863,-3.657e-06,False,True
synth_v1000_s0,lambda_hybrid_0.5,8,0.1450500,0.1450537,3.725e-06,False,True
synth_v1000_s0,lambda_hybrid_0.75,8,0.0894500,0.0894467,-3.264e-06,False,True
synth_v1000_s0,HEADROOM,,-0.1612793,-0.1612793,-2.776e-17,True,True
synth_v1000_s1,pop_global,0,0.1186300,0.1186299,-6.157e-08,True,True
synth_v1000_s1,recency_pop_0.1,0,0.0192300,0.0192340,4.038e-06,False,True
synth_v1000_s1,recency_pop_0.5,0,0.0247800,0.0247820,1.990e-06,False,True
synth_v1000_s1,recency_pop_1.0,0,0.0249600,0.0249645,4.461e-06,False,True
synth_v1000_s1,pop_category,0,0.1517800,0.1517845,4.472e-06,False,True
synth_v1000_s1,pop_price,0,0.1483000,0.1483028,2.797e-06,False,True
synth_v1000_s1,lambda_hybrid_0.25,0,0.1186300,0.1186299,-6.157e-08,True,True
synth_v1000_s1,lambda_hybrid_0.5,0,0.1186300,0.1186299,-6.157e-08,True,True
synth_v1000_s1,lambda_hybrid_0.75,0,0.1186300,0.1186299,-6.157e-08,True,True
synth_v1000_s1,active_elic2,0,0.1517800,0.1517845,4.472e-06,False,True
synth_v1000_s1,pop_global,1,0.1054000,0.1054039,3.869e-06,False,True
synth_v1000_s1,recency_pop_0.1,1,0.0380900,0.0380931,3.068e-06,False,True
synth_v1000_s1,recency_pop_0.5,1,0.0438800,0.0438779,-2.051e-06,False,True
synth_v1000_s1,recency_pop_1.0,1,0.0443900,0.0443940,3.951e-06,False,True
synth_v1000_s1,pop_category,1,0.1282800,0.1282839,3.928e-06,False,True
synth_v1000_s1,pop_price,1,0.1224400,0.1224373,-2.688e-06,False,True
synth_v1000_s1,content_knn_1,1,0.0000000,0.0000000,0.000e+00,True,True
synth_v1000_s1,content_knn_3,1,0.0000000,0.0000000,0.000e+00,True,True
synth_v1000_s1,content_knn_5,1,0.0000000,0.0000000,0.000e+00,True,True
synth_v1000_s1,last_item_nbhd,1,0.0000000,0.0000000,0.000e+00,True,True
synth_v1000_s1,pop_scaled_content,1,0.0945600,0.0945646,4.625e-06,False,True
synth_v1000_s1,co_purchase,1,0.0074000,0.0073969,-3.082e-06,False,True
synth_v1000_s1,lambda_hybrid_0.25,1,0.1171900,0.1171851,-4.867e-06,False,True
synth_v1000_s1,lambda_hybrid_0.5,1,0.0626700,0.0626666,-3.373e-06,False,True
synth_v1000_s1,lambda_hybrid_0.75,1,0.0325900,0.0325872,-2.841e-06,False,True
synth_v1000_s1,pop_global,2,0.1103100,0.1103144,4.387e-06,False,True
synth_v1000_s1,recency_pop_0.1,2,0.0391200,0.0391168,-3.213e-06,False,True
synth_v1000_s1,recency_pop_0.5,2,0.0474700,0.0474669,-3.138e-06,False,True
synth_v1000_s1,recency_pop_1.0,2,0.0483800,0.0483792,-7.859e-07,True,True
synth_v1000_s1,pop_category,2,0.1223800,0.1223841,4.095e-06,False,True
synth_v1000_s1,pop_price,2,0.1154900,0.1154861,-3.906e-06,False,True
synth_v1000_s1,content_knn_1,2,0.0003900,0.0003869,-3.147e-06,False,True
synth_v1000_s1,content_knn_3,2,0.0003900,0.0003869,-3.147e-06,False,True
synth_v1000_s1,content_knn_5,2,0.0003900,0.0003869,-3.147e-06,False,True
synth_v1000_s1,last_item_nbhd,2,0.0003900,0.0003869,-3.147e-06,False,True
synth_v1000_s1,pop_scaled_content,2,0.1070700,0.1070681,-1.944e-06,False,True
synth_v1000_s1,co_purchase,2,0.0110800,0.0110794,-6.111e-07,True,True
synth_v1000_s1,lambda_hybrid_0.25,2,0.1170300,0.1170269,-3.130e-06,False,True
synth_v1000_s1,lambda_hybrid_0.5,2,0.0891400,0.0891399,-1.134e-07,True,True
synth_v1000_s1,lambda_hybrid_0.75,2,0.0533600,0.0533573,-2.724e-06,False,True
synth_v1000_s1,pop_global,3,0.1293600,0.1293559,-4.112e-06,False,True
synth_v1000_s1,recency_pop_0.1,3,0.0535000,0.0534978,-2.244e-06,False,True
synth_v1000_s1,recency_pop_0.5,3,0.0668700,0.0668686,-1.367e-06,False,True
synth_v1000_s1,recency_pop_1.0,3,0.0682900,0.0682939,3.915e-06,False,True
synth_v1000_s1,pop_category,3,0.1368700,0.1368665,-3.505e-06,False,True
synth_v1000_s1,pop_price,3,0.1327800,0.1327788,-1.152e-06,False,True
synth_v1000_s1,content_knn_1,3,0.0000000,0.0000000,0.000e+00,True,True
synth_v1000_s1,content_knn_3,3,0.0000000,0.0000000,0.000e+00,True,True
synth_v1000_s1,content_knn_5,3,0.0000000,0.0000000,0.000e+00,True,True
synth_v1000_s1,last_item_nbhd,3,0.0000000,0.0000000,0.000e+00,True,True
synth_v1000_s1,pop_scaled_content,3,0.1289100,0.1289088,-1.210e-06,False,True
synth_v1000_s1,co_purchase,3,0.0061300,0.0061309,9.298e-07,True,True
synth_v1000_s1,lambda_hybrid_0.25,3,0.1351300,0.1351312,1.218e-06,False,True
synth_v1000_s1,lambda_hybrid_0.5,3,0.1161700,0.1161703,2.934e-07,True,True
synth_v1000_s1,lambda_hybrid_0.75,3,0.0752100,0.0752063,-3.705e-06,False,True
synth_v1000_s1,pop_global,5,0.1681400,0.1681378,-2.154e-06,False,True
synth_v1000_s1,recency_pop_0.1,5,0.1089700,0.1089709,9.284e-07,True,True
synth_v1000_s1,recency_pop_0.5,5,0.1177000,0.1176997,-3.100e-07,True,True
synth_v1000_s1,recency_pop_1.0,5,0.1188400,0.1188382,-1.836e-06,False,True
synth_v1000_s1,pop_category,5,0.1550700,0.1550742,4.240e-06,False,True
synth_v1000_s1,pop_price,5,0.1638300,0.1638262,-3.754e-06,False,True
synth_v1000_s1,content_knn_1,5,0.0019500,0.0019543,4.322e-06,False,True
synth_v1000_s1,content_knn_3,5,0.0019500,0.0019543,4.322e-06,False,True
synth_v1000_s1,content_knn_5,5,0.0019500,0.0019543,4.322e-06,False,True
synth_v1000_s1,last_item_nbhd,5,0.0019500,0.0019543,4.322e-06,False,True
synth_v1000_s1,pop_scaled_content,5,0.1443100,0.1443110,9.586e-07,True,True
synth_v1000_s1,co_purchase,5,0.0034400,0.0034410,9.996e-07,True,True
synth_v1000_s1,lambda_hybrid_0.25,5,0.1598500,0.1598476,-2.445e-06,False,True
synth_v1000_s1,lambda_hybrid_0.5,5,0.1370800,0.1370819,1.871e-06,False,True
synth_v1000_s1,lambda_hybrid_0.75,5,0.0772100,0.0772057,-4.345e-06,False,True
synth_v1000_s1,pop_global,8,0.1953900,0.1953861,-3.864e-06,False,True
synth_v1000_s1,recency_pop_0.1,8,0.1777400,0.1777384,-1.648e-06,False,True
synth_v1000_s1,recency_pop_0.5,8,0.1756100,0.1756078,-2.214e-06,False,True
synth_v1000_s1,recency_pop_1.0,8,0.1732000,0.1732043,4.292e-06,False,True
synth_v1000_s1,pop_category,8,0.1714200,0.1714172,-2.839e-06,False,True
synth_v1000_s1,pop_price,8,0.1856000,0.1855974,-2.559e-06,False,True
synth_v1000_s1,content_knn_1,8,0.0000000,0.0000000,0.000e+00,True,True
synth_v1000_s1,content_knn_3,8,0.0000000,0.0000000,0.000e+00,True,True
synth_v1000_s1,content_knn_5,8,0.0000000,0.0000000,0.000e+00,True,True
synth_v1000_s1,last_item_nbhd,8,0.0000000,0.0000000,0.000e+00,True,True
synth_v1000_s1,pop_scaled_content,8,0.1617000,0.1617036,3.577e-06,False,True
synth_v1000_s1,co_purchase,8,0.0055800,0.0055810,1.017e-06,False,True
synth_v1000_s1,lambda_hybrid_0.25,8,0.1774700,0.1774702,1.610e-07,True,True
synth_v1000_s1,lambda_hybrid_0.5,8,0.1482100,0.1482120,2.040e-06,False,True
synth_v1000_s1,lambda_hybrid_0.75,8,0.0922600,0.0922574,-2.559e-06,False,True
synth_v1000_s1,HEADROOM,,-0.1483952,-0.1483952,-2.776e-17,True,True
synth_v1000_s2,pop_global,0,0.1948600,0.1948600,-1.340e-08,True,True
synth_v1000_s2,recency_pop_0.1,0,0.0079500,0.0079515,1.504e-06,False,True
synth_v1000_s2,recency_pop_0.5,0,0.0884300,0.0884307,6.766e-07,True,True
synth_v1000_s2,recency_pop_1.0,0,0.0884300,0.0884307,6.766e-07,True,True
synth_v1000_s2,pop_category,0,0.1845700,0.1845694,-5.554e-07,True,True
synth_v1000_s2,pop_price,0,0.1805500,0.1805464,-3.567e-06,False,True
synth_v1000_s2,lambda_hybrid_0.25,0,0.1948600,0.1948600,-1.340e-08,True,True
synth_v1000_s2,lambda_hybrid_0.5,0,0.1948600,0.1948600,-1.340e-08,True,True
synth_v1000_s2,lambda_hybrid_0.75,0,0.1948600,0.1948600,-1.340e-08,True,True
synth_v1000_s2,active_elic2,0,0.1845700,0.1845694,-5.554e-07,True,True
synth_v1000_s2,pop_global,1,0.1432600,0.1432562,-3.791e-06,False,True
synth_v1000_s2,recency_pop_0.1,1,0.0828400,0.0828413,1.301e-06,False,True
synth_v1000_s2,recency_pop_0.5,1,0.0938600,0.0938632,3.187e-06,False,True
synth_v1000_s2,recency_pop_1.0,1,0.0938600,0.0938632,3.187e-06,False,True
synth_v1000_s2,pop_category,1,0.1205800,0.1205791,-8.733e-07,True,True
synth_v1000_s2,pop_price,1,0.1365500,0.1365482,-1.760e-06,False,True
synth_v1000_s2,content_knn_1,1,0.0056500,0.0056534,3.383e-06,False,True
synth_v1000_s2,content_knn_3,1,0.0056500,0.0056534,3.383e-06,False,True
synth_v1000_s2,content_knn_5,1,0.0061500,0.0061534,3.383e-06,False,True
synth_v1000_s2,last_item_nbhd,1,0.0056500,0.0056534,3.383e-06,False,True
synth_v1000_s2,pop_scaled_content,1,0.0926300,0.0926328,2.841e-06,False,True
synth_v1000_s2,co_purchase,1,0.0113200,0.0113175,-2.471e-06,False,True
synth_v1000_s2,lambda_hybrid_0.25,1,0.1328100,0.1328117,1.697e-06,False,True
synth_v1000_s2,lambda_hybrid_0.5,1,0.0737000,0.0736980,-2.043e-06,False,True
synth_v1000_s2,lambda_hybrid_0.75,1,0.0306300,0.0306250,-4.981e-06,False,True
synth_v1000_s2,pop_global,2,0.1366400,0.1366352,-4.838e-06,False,True
synth_v1000_s2,recency_pop_0.1,2,0.0842200,0.0842159,-4.075e-06,False,True
synth_v1000_s2,recency_pop_0.5,2,0.1105800,0.1105828,2.846e-06,False,True
synth_v1000_s2,recency_pop_1.0,2,0.1104500,0.1104519,1.916e-06,False,True
synth_v1000_s2,pop_category,2,0.1245900,0.1245935,3.478e-06,False,True
synth_v1000_s2,pop_price,2,0.1319600,0.1319599,-1.324e-07,True,True
synth_v1000_s2,content_knn_1,2,0.0021300,0.0021309,9.298e-07,True,True
synth_v1000_s2,content_knn_3,2,0.0021300,0.0021309,9.298e-07,True,True
synth_v1000_s2,content_knn_5,2,0.0021300,0.0021309,9.298e-07,True,True
synth_v1000_s2,last_item_nbhd,2,0.0021300,0.0021309,9.298e-07,True,True
synth_v1000_s2,pop_scaled_content,2,0.0976200,0.0976185,-1.536e-06,False,True
synth_v1000_s2,co_purchase,2,0.0068600,0.0068614,1.353e-06,False,True
synth_v1000_s2,lambda_hybrid_0.25,2,0.1232500,0.1232459,-4.065e-06,False,True
synth_v1000_s2,lambda_hybrid_0.5,2,0.1003300,0.1003253,-4.701e-06,False,True
synth_v1000_s2,lambda_hybrid_0.75,2,0.0466400,0.0466441,4.067e-06,False,True
synth_v1000_s2,pop_global,3,0.1308900,0.1308882,-1.820e-06,False,True
synth_v1000_s2,recency_pop_0.1,3,0.0759700,0.0759720,2.045e-06,False,True
synth_v1000_s2,recency_pop_0.5,3,0.1014100,0.1014106,5.506e-07,True,True
synth_v1000_s2,recency_pop_1.0,3,0.1018500,0.1018535,3.516e-06,False,True
synth_v1000_s2,pop_category,3,0.1199500,0.1199498,-2.117e-07,True,True
synth_v1000_s2,pop_price,3,0.1306900,0.1306872,-2.815e-06,False,True
synth_v1000_s2,content_knn_1,3,0.0027700,0.0027688,-1.243e-06,False,True
synth_v1000_s2,content_knn_3,3,0.0031600,0.0031560,-4.003e-06,False,True
synth_v1000_s2,content_knn_5,3,0.0031600,0.0031560,-4.003e-06,False,True
synth_v1000_s2,last_item_nbhd,3,0.0027700,0.0027688,-1.243e-06,False,True
synth_v1000_s2,pop_scaled_content,3,0.1134500,0.1134541,4.109e-06,False,True
synth_v1000_s2,co_purchase,3,0.0050200,0.0050228,2.805e-06,False,True
synth_v1000_s2,lambda_hybrid_0.25,3,0.1337300,0.1337280,-2.043e-06,False,True
synth_v1000_s2,lambda_hybrid_0.5,3,0.1013900,0.1013888,-1.174e-06,False,True
synth_v1000_s2,lambda_hybrid_0.75,3,0.0548700,0.0548689,-1.138e-06,False,True
synth_v1000_s2,pop_global,5,0.1117400,0.1117362,-3.805e-06,False,True
synth_v1000_s2,recency_pop_0.1,5,0.0833600,0.0833615,1.464e-06,False,True
synth_v1000_s2,recency_pop_0.5,5,0.0982700,0.0982680,-1.963e-06,False,True
synth_v1000_s2,recency_pop_1.0,5,0.0955500,0.0955503,2.762e-07,True,True
synth_v1000_s2,pop_category,5,0.0934900,0.0934893,-6.925e-07,True,True
synth_v1000_s2,pop_price,5,0.1144100,0.1144078,-2.184e-06,False,True
synth_v1000_s2,content_knn_1,5,0.0029100,0.0029112,1.158e-06,False,True
synth_v1000_s2,content_knn_3,5,0.0029100,0.0029112,1.158e-06,False,True
synth_v1000_s2,content_knn_5,5,0.0029100,0.0029112,1.158e-06,False,True
synth_v1000_s2,last_item_nbhd,5,0.0029100,0.0029112,1.158e-06,False,True
synth_v1000_s2,pop_scaled_content,5,0.0891300,0.0891327,2.654e-06,False,True
synth_v1000_s2,co_purchase,5,0.0071400,0.0071401,1.479e-07,True,True
synth_v1000_s2,lambda_hybrid_0.25,5,0.1011200,0.1011170,-2.965e-06,False,True
synth_v1000_s2,lambda_hybrid_0.5,5,0.0782400,0.0782422,2.200e-06,False,True
synth_v1000_s2,lambda_hybrid_0.75,5,0.0458000,0.0458013,1.291e-06,False,True
synth_v1000_s2,pop_global,8,0.0998000,0.0997969,-3.129e-06,False,True
synth_v1000_s2,recency_pop_0.1,8,0.1117100,0.1117084,-1.608e-06,False,True
synth_v1000_s2,recency_pop_0.5,8,0.1098200,0.1098193,-6.856e-07,True,True
synth_v1000_s2,recency_pop_1.0,8,0.0963400,0.0963430,3.001e-06,False,True
synth_v1000_s2,pop_category,8,0.0900400,0.0900425,2.474e-06,False,True
synth_v1000_s2,pop_price,8,0.1008500,0.1008485,-1.522e-06,False,True
synth_v1000_s2,content_knn_1,8,0.0032500,0.0032517,1.731e-06,False,True
synth_v1000_s2,content_knn_3,8,0.0032500,0.0032517,1.731e-06,False,True
synth_v1000_s2,content_knn_5,8,0.0032500,0.0032517,1.731e-06,False,True
synth_v1000_s2,last_item_nbhd,8,0.0032500,0.0032517,1.731e-06,False,True
synth_v1000_s2,pop_scaled_content,8,0.0880700,0.0880693,-6.585e-07,True,True
synth_v1000_s2,co_purchase,8,0.0042900,0.0042889,-1.081e-06,False,True
synth_v1000_s2,lambda_hybrid_0.25,8,0.0974400,0.0974441,4.100e-06,False,True
synth_v1000_s2,lambda_hybrid_0.5,8,0.0676200,0.0676219,1.928e-06,False,True
synth_v1000_s2,lambda_hybrid_0.75,8,0.0407400,0.0407410,1.038e-06,False,True
synth_v1000_s2,HEADROOM,,-0.1225744,-0.1225744,-4.163e-17,True,True
synth_v200_s0,pop_global,0,0.2611900,0.2611942,4.221e-06,False,True
synth_v200_s0,recency_pop_0.1,0,0.0377600,0.0377583,-1.729e-06,False,True
synth_v200_s0,recency_pop_0.5,0,0.0470800,0.0470787,-1.310e-06,False,True
synth_v200_s0,recency_pop_1.0,0,0.0520100,0.0520112,1.173e-06,False,True
synth_v200_s0,pop_category,0,0.2196800,0.2196807,6.763e-07,True,True
synth_v200_s0,pop_price,0,0.2611900,0.2611942,4.221e-06,False,True
synth_v200_s0,lambda_hybrid_0.25,0,0.2611900,0.2611942,4.221e-06,False,True
synth_v200_s0,lambda_hybrid_0.5,0,0.2611900,0.2611942,4.221e-06,False,True
synth_v200_s0,lambda_hybrid_0.75,0,0.2611900,0.2611942,4.221e-06,False,True
synth_v200_s0,active_elic2,0,0.1397400,0.1397396,-3.617e-07,True,True
synth_v200_s0,pop_global,1,0.2356600,0.2356649,4.949e-06,False,True
synth_v200_s0,recency_pop_0.1,1,0.0651300,0.0651297,-2.853e-07,True,True
synth_v200_s0,recency_pop_0.5,1,0.1313700,0.1313710,1.036e-06,False,True
synth_v200_s0,recency_pop_1.0,1,0.1347900,0.1347870,-3.024e-06,False,True
synth_v200_s0,pop_category,1,0.2035300,0.2035325,2.529e-06,False,True
synth_v200_s0,pop_price,1,0.2356600,0.2356649,4.949e-06,False,True
synth_v200_s0,content_knn_1,1,0.0193000,0.0192993,-7.418e-07,True,True
synth_v200_s0,content_knn_3,1,0.0203000,0.0202993,-7.418e-07,True,True
synth_v200_s0,content_knn_5,1,0.0214800,0.0214776,-2.401e-06,False,True
synth_v200_s0,last_item_nbhd,1,0.0197300,0.0197299,-6.521e-08,True,True
synth_v200_s0,pop_scaled_content,1,0.1187500,0.1187514,1.383e-06,False,True
synth_v200_s0,co_purchase,1,0.0104400,0.0104443,4.329e-06,False,True
synth_v200_s0,lambda_hybrid_0.25,1,0.2215200,0.2215238,3.772e-06,False,True
synth_v200_s0,lambda_hybrid_0.5,1,0.1076600,0.1076630,2.985e-06,False,True
synth_v200_s0,lambda_hybrid_0.75,1,0.0609500,0.0609544,4.421e-06,False,True
synth_v200_s0,pop_global,2,0.1980000,0.1979972,-2.838e-06,False,True
synth_v200_s0,recency_pop_0.1,2,0.1103300,0.1103330,3.041e-06,False,True
synth_v200_s0,recency_pop_0.5,2,0.1240500,0.1240522,2.161e-06,False,True
synth_v200_s0,recency_pop_1.0,2,0.1256900,0.1256903,2.661e-07,True,True
synth_v200_s0,pop_category,2,0.1739500,0.1739494,-5.538e-07,True,True
synth_v200_s0,pop_price,2,0.1987700,0.1987709,8.673e-07,True,True
synth_v200_s0,content_knn_1,2,0.0169400,0.0169384,-1.580e-06,False,True
synth_v200_s0,content_knn_3,2,0.0179600,0.0179621,2.139e-06,False,True
synth_v200_s0,content_knn_5,2,0.0187200,0.0187181,-1.938e-06,False,True
synth_v200_s0,last_item_nbhd,2,0.0188200,0.0188235,3.492e-06,False,True
synth_v200_s0,pop_scaled_content,2,0.1201200,0.1201233,3.343e-06,False,True
synth_v200_s0,co_purchase,2,0.0094500,0.0094485,-1.541e-06,False,True
synth_v200_s0,lambda_hybrid_0.25,2,0.1790700,0.1790737,3.663e-06,False,True
synth_v200_s0,lambda_hybrid_0.5,2,0.1094500,0.1094486,-1.436e-06,False,True
synth_v200_s0,lambda_hybrid_0.75,2,0.0776900,0.0776926,2.588e-06,False,True
synth_v200_s0,pop_global,3,0.1755800,0.1755784,-1.568e-06,False,True
synth_v200_s0,recency_pop_0.1,3,0.1020400,0.1020446,4.620e-06,False,True
synth_v200_s0,recency_pop_0.5,3,0.1100600,0.1100627,2.702e-06,False,True
synth_v200_s0,recency_pop_1.0,3,0.1132100,0.1132110,9.755e-07,True,True
synth_v200_s0,pop_category,3,0.1626000,0.1625984,-1.635e-06,False,True
synth_v200_s0,pop_price,3,0.1786800,0.1786764,-3.647e-06,False,True
synth_v200_s0,content_knn_1,3,0.0208900,0.0208859,-4.147e-06,False,True
synth_v200_s0,content_knn_3,3,0.0206200,0.0206237,3.732e-06,False,True
synth_v200_s0,content_knn_5,3,0.0201900,0.0201926,2.624e-06,False,True
synth_v200_s0,last_item_nbhd,3,0.0198800,0.0198849,4.852e-06,False,True
synth_v200_s0,pop_scaled_content,3,0.1226800,0.1226814,1.371e-06,False,True
synth_v200_s0,co_purchase,3,0.0020200,0.0020198,-1.976e-07,True,True
synth_v200_s0,lambda_hybrid_0.25,3,0.1720600,0.1720555,-4.496e-06,False,True
synth_v200_s0,lambda_hybrid_0.5,3,0.1084800,0.1084777,-2.321e-06,False,True
synth_v200_s0,lambda_hybrid_0.75,3,0.0718500,0.0718521,2.088e-06,False,True
synth_v200_s0,pop_global,5,0.1665500,0.1665502,2.153e-07,True,True
synth_v200_s0,recency_pop_0.1,5,0.1121200,0.1121244,4.438e-06,False,True
synth_v200_s0,recency_pop_0.5,5,0.1287400,0.1287401,1.457e-07,True,True
synth_v200_s0,recency_pop_1.0,5,0.1340300,0.1340309,9.116e-07,True,True
synth_v200_s0,pop_category,5,0.1340900,0.1340899,-1.361e-07,True,True
synth_v200_s0,pop_price,5,0.1656900,0.1656854,-4.597e-06,False,True
synth_v200_s0,content_knn_1,5,0.0180400,0.0180449,4.899e-06,False,True
synth_v200_s0,content_knn_3,5,0.0175900,0.0175869,-3.110e-06,False,True
synth_v200_s0,content_knn_5,5,0.0171500,0.0171545,4.484e-06,False,True
synth_v200_s0,last_item_nbhd,5,0.0175900,0.0175869,-3.110e-06,False,True
synth_v200_s0,pop_scaled_content,5,0.1142800,0.1142823,2.350e-06,False,True
synth_v200_s0,co_purchase,5,0.0027800,0.0027848,4.845e-06,False,True
synth_v200_s0,lambda_hybrid_0.25,5,0.1546600,0.1546626,2.629e-06,False,True
synth_v200_s0,lambda_hybrid_0.5,5,0.1019800,0.1019833,3.271e-06,False,True
synth_v200_s0,lambda_hybrid_0.75,5,0.0594300,0.0594285,-1.505e-06,False,True
synth_v200_s0,pop_global,8,0.1337000,0.1337010,9.883e-07,True,True
synth_v200_s0,recency_pop_0.1,8,0.1461800,0.1461769,-3.105e-06,False,True
synth_v200_s0,recency_pop_0.5,8,0.1359800,0.1359827,2.709e-06,False,True
synth_v200_s0,recency_pop_1.0,8,0.1320000,0.1319976,-2.441e-06,False,True
synth_v200_s0,pop_category,8,0.1163700,0.1163692,-7.774e-07,True,True
synth_v200_s0,pop_price,8,0.1271300,0.1271316,1.571e-06,False,True
synth_v200_s0,content_knn_1,8,0.0170300,0.0170348,4.764e-06,False,True
synth_v200_s0,content_knn_3,8,0.0183900,0.0183916,1.602e-06,False,True
synth_v200_s0,content_knn_5,8,0.0197900,0.0197892,-8.204e-07,True,True
synth_v200_s0,last_item_nbhd,8,0.0190700,0.0190700,2.147e-08,True,True
synth_v200_s0,pop_scaled_content,8,0.1043900,0.1043896,-3.709e-07,True,True
synth_v200_s0,co_purchase,8,0.0009300,0.0009262,-3.814e-06,False,True
synth_v200_s0,lambda_hybrid_0.25,8,0.1219200,0.1219207,7.078e-07,True,True
synth_v200_s0,lambda_hybrid_0.5,8,0.0843600,0.0843602,2.309e-07,True,True
synth_v200_s0,lambda_hybrid_0.75,8,0.0582800,0.0582830,2.977e-06,False,True
synth_v200_s0,HEADROOM,,-0.1647468,-0.1647468,-5.551e-17,True,True
synth_v200_s1,pop_global,0,0.2621200,0.2621242,4.249e-06,False,True
synth_v200_s1,recency_pop_0.1,0,0.0243300,0.0243312,1.209e-06,False,True
synth_v200_s1,recency_pop_0.5,0,0.0284600,0.0284621,2.139e-06,False,True
synth_v200_s1,recency_pop_1.0,0,0.0289200,0.0289183,-1.685e-06,False,True
synth_v200_s1,pop_category,0,0.2070100,0.2070109,9.338e-07,True,True
synth_v200_s1,pop_price,0,0.2458800,0.2458764,-3.569e-06,False,True
synth_v200_s1,lambda_hybrid_0.25,0,0.2621200,0.2621242,4.249e-06,False,True
synth_v200_s1,lambda_hybrid_0.5,0,0.2621200,0.2621242,4.249e-06,False,True
synth_v200_s1,lambda_hybrid_0.75,0,0.2621200,0.2621242,4.249e-06,False,True
synth_v200_s1,active_elic2,0,0.1186300,0.1186285,-1.541e-06,False,True
synth_v200_s1,pop_global,1,0.2278900,0.2278885,-1.517e-06,False,True
synth_v200_s1,recency_pop_0.1,1,0.0398200,0.0398152,-4.767e-06,False,True
synth_v200_s1,recency_pop_0.5,1,0.0456600,0.0456617,1.693e-06,False,True
synth_v200_s1,recency_pop_1.0,1,0.0452700,0.0452748,4.840e-06,False,True
synth_v200_s1,pop_category,1,0.1906600,0.1906565,-3.506e-06,False,True
synth_v200_s1,pop_price,1,0.2138300,0.2138303,3.110e-07,True,True
synth_v200_s1,content_knn_1,1,0.0145600,0.0145616,1.632e-06,False,True
synth_v200_s1,content_knn_3,1,0.0149500,0.0149485,-1.515e-06,False,True
synth_v200_s1,content_knn_5,1,0.0149500,0.0149485,-1.515e-06,False,True
synth_v200_s1,last_item_nbhd,1,0.0145600,0.0145616,1.632e-06,False,True
synth_v200_s1,pop_scaled_content,1,0.1202800,0.1202821,2.095e-06,False,True
synth_v200_s1,co_purchase,1,0.0054700,0.0054722,2.178e-06,False,True
synth_v200_s1,lambda_hybrid_0.25,1,0.2079200,0.2079227,2.707e-06,False,True
synth_v200_s1,lambda_hybrid_0.5,1,0.1127500,0.1127524,2.439e-06,False,True
synth_v200_s1,lambda_hybrid_0.75,1,0.0401400,0.0401364,-3.650e-06,False,True
synth_v200_s1,pop_global,2,0.2140700,0.2140690,-9.829e-07,True,True
synth_v200_s1,recency_pop_0.1,2,0.0414000,0.0413988,-1.223e-06,False,True
synth_v200_s1,recency_pop_0.5,2,0.0461000,0.0461042,4.242e-06,False,True
synth_v200_s1,recency_pop_1.0,2,0.0461000,0.0461042,4.242e-06,False,True
synth_v200_s1,pop_category,2,0.1974200,0.1974157,-4.259e-06,False,True
synth_v200_s1,pop_price,2,0.2116300,0.2116348,4.753e-06,False,True
synth_v200_s1,content_knn_1,2,0.0141500,0.0141493,-7.469e-07,True,True
synth_v200_s1,content_knn_3,2,0.0141900,0.0141931,3.077e-06,False,True
synth_v200_s1,content_knn_5,2,0.0122400,0.0122369,-3.099e-06,False,True
synth_v200_s1,last_item_nbhd,2,0.0141500,0.0141493,-7.469e-07,True,True
synth_v200_s1,pop_scaled_content,2,0.1379700,0.1379688,-1.226e-06,False,True
synth_v200_s1,co_purchase,2,0.0021900,0.0021925,2.536e-06,False,True
synth_v200_s1,lambda_hybrid_0.25,2,0.1990300,0.1990252,-4.752e-06,False,True
synth_v200_s1,lambda_hybrid_0.5,2,0.1427300,0.1427311,1.122e-06,False,True
synth_v200_s1,lambda_hybrid_0.75,2,0.0771900,0.0771872,-2.781e-06,False,True
synth_v200_s1,pop_global,3,0.1978000,0.1978011,1.144e-06,False,True
synth_v200_s1,recency_pop_0.1,3,0.0621000,0.0620983,-1.744e-06,False,True
synth_v200_s1,recency_pop_0.5,3,0.0658200,0.0658229,2.906e-06,False,True
synth_v200_s1,recency_pop_1.0,3,0.0659600,0.0659646,4.584e-06,False,True
synth_v200_s1,pop_category,3,0.1871100,0.1871098,-1.829e-07,True,True
synth_v200_s1,pop_price,3,0.1884300,0.1884340,4.013e-06,False,True
synth_v200_s1,content_knn_1,3,0.0165900,0.0165883,-1.741e-06,False,True
synth_v200_s1,content_knn_3,3,0.0155400,0.0155434,3.391e-06,False,True
synth_v200_s1,content_knn_5,3,0.0142700,0.0142684,-1.590e-06,False,True
synth_v200_s1,last_item_nbhd,3,0.0165900,0.0165883,-1.741e-06,False,True
synth_v200_s1,pop_scaled_content,3,0.1458100,0.1458058,-4.177e-06,False,True
synth_v200_s1,co_purchase,3,0.0071600,0.0071600,1.293e-09,True,True
synth_v200_s1,lambda_hybrid_0.25,3,0.1943900,0.1943901,5.239e-08,True,True
synth_v200_s1,lambda_hybrid_0.5,3,0.1474500,0.1474528,2.779e-06,False,True
synth_v200_s1,lambda_hybrid_0.75,3,0.0874500,0.0874507,6.897e-07,True,True
synth_v200_s1,pop_global,5,0.1590600,0.1590625,2.540e-06,False,True
synth_v200_s1,recency_pop_0.1,5,0.0697000,0.0696997,-3.192e-07,True,True
synth_v200_s1,recency_pop_0.5,5,0.0806700,0.0806682,-1.806e-06,False,True
synth_v200_s1,recency_pop_1.0,5,0.0802600,0.0802610,9.812e-07,True,True
synth_v200_s1,pop_category,5,0.1583700,0.1583725,2.490e-06,False,True
synth_v200_s1,pop_price,5,0.1527700,0.1527681,-1.874e-06,False,True
synth_v200_s1,content_knn_1,5,0.0143100,0.0143079,-2.074e-06,False,True
synth_v200_s1,content_knn_3,5,0.0119800,0.0119829,2.900e-06,False,True
synth_v200_s1,content_knn_5,5,0.0097100,0.0097055,-4.475e-06,False,True
synth_v200_s1,last_item_nbhd,5,0.0143100,0.0143079,-2.074e-06,False,True
synth_v200_s1,pop_scaled_content,5,0.1380100,0.1380131,3.145e-06,False,True
synth_v200_s1,co_purchase,5,0.0014400,0.0014379,-2.134e-06,False,True
synth_v200_s1,lambda_hybrid_0.25,5,0.1599600,0.1599647,4.667e-06,False,True
synth_v200_s1,lambda_hybrid_0.5,5,0.1318600,0.1318626,2.560e-06,False,True
synth_v200_s1,lambda_hybrid_0.75,5,0.0753200,0.0753203,2.855e-07,True,True
synth_v200_s1,pop_global,8,0.1433400,0.1433363,-3.715e-06,False,True
synth_v200_s1,recency_pop_0.1,8,0.1384400,0.1384441,4.114e-06,False,True
synth_v200_s1,recency_pop_0.5,8,0.1330200,0.1330221,2.094e-06,False,True
synth_v200_s1,recency_pop_1.0,8,0.1329000,0.1328960,-4.026e-06,False,True
synth_v200_s1,pop_category,8,0.1556000,0.1556004,4.213e-07,True,True
synth_v200_s1,pop_price,8,0.1434900,0.1434900,1.954e-08,True,True
synth_v200_s1,content_knn_1,8,0.0128900,0.0128882,-1.764e-06,False,True
synth_v200_s1,content_knn_3,8,0.0118300,0.0118289,-1.086e-06,False,True
synth_v200_s1,content_knn_5,8,0.0107700,0.0107696,-4.080e-07,True,True
synth_v200_s1,last_item_nbhd,8,0.0128900,0.0128882,-1.764e-06,False,True
synth_v200_s1,pop_scaled_content,8,0.1526700,0.1526736,3.605e-06,False,True
synth_v200_s1,co_purchase,8,0.0014700,0.0014691,-8.763e-07,True,True
synth_v200_s1,lambda_hybrid_0.25,8,0.1545900,0.1545870,-2.993e-06,False,True
synth_v200_s1,lambda_hybrid_0.5,8,0.1301600,0.1301630,2.999e-06,False,True
synth_v200_s1,lambda_hybrid_0.75,8,0.0881900,0.0881867,-3.258e-06,False,True
synth_v200_s1,HEADROOM,,-0.1759677,-0.1759677,-2.776e-17,True,True
synth_v200_s2,pop_global,0,0.2799700,0.2799691,-9.188e-07,True,True
synth_v200_s2,recency_pop_0.1,0,0.0258100,0.0258089,-1.118e-06,False,True
synth_v200_s2,recency_pop_0.5,0,0.1287300,0.1287322,2.230e-06,False,True
synth_v200_s2,recency_pop_1.0,0,0.1390500,0.1390462,-3.828e-06,False,True
synth_v200_s2,pop_category,0,0.2457300,0.2457284,-1.558e-06,False,True
synth_v200_s2,pop_price,0,0.2544400,0.2544368,-3.204e-06,False,True
synth_v200_s2,lambda_hybrid_0.25,0,0.2799700,0.2799691,-9.188e-07,True,True
synth_v200_s2,lambda_hybrid_0.5,0,0.2799700,0.2799691,-9.188e-07,True,True
synth_v200_s2,lambda_hybrid_0.75,0,0.2799700,0.2799691,-9.188e-07,True,True
synth_v200_s2,active_elic2,0,0.1031300,0.1031267,-3.306e-06,False,True
synth_v200_s2,pop_global,1,0.2404700,0.2404662,-3.761e-06,False,True
synth_v200_s2,recency_pop_0.1,1,0.1215800,0.1215825,2.514e-06,False,True
synth_v200_s2,recency_pop_0.5,1,0.1510500,0.1510456,-4.369e-06,False,True
synth_v200_s2,recency_pop_1.0,1,0.1505900,0.1505895,-5.457e-07,True,True
synth_v200_s2,pop_category,1,0.2120100,0.2120050,-4.989e-06,False,True
synth_v200_s2,pop_price,1,0.2201200,0.2201157,-4.348e-06,False,True
synth_v200_s2,content_knn_1,1,0.0090100,0.0090142,4.194e-06,False,True
synth_v200_s2,content_knn_3,1,0.0079600,0.0079585,-1.475e-06,False,True
synth_v200_s2,content_knn_5,1,0.0078900,0.0078892,-7.989e-07,True,True
synth_v200_s2,last_item_nbhd,1,0.0094400,0.0094449,4.871e-06,False,True
synth_v200_s2,pop_scaled_content,1,0.1211700,0.1211677,-2.344e-06,False,True
synth_v200_s2,co_purchase,1,0.0057600,0.0057583,-1.729e-06,False,True
synth_v200_s2,lambda_hybrid_0.25,1,0.2133500,0.2133486,-1.392e-06,False,True
synth_v200_s2,lambda_hybrid_0.5,1,0.1350900,0.1350893,-6.510e-07,True,True
synth_v200_s2,lambda_hybrid_0.75,1,0.0459900,0.0459905,5.276e-07,True,True
synth_v200_s2,pop_global,2,0.2783400,0.2783395,-4.561e-07,True,True
synth_v200_s2,recency_pop_0.1,2,0.1626500,0.1626505,5.459e-07,True,True
synth_v200_s2,recency_pop_0.5,2,0.1694900,0.1694918,1.794e-06,False,True
synth_v200_s2,recency_pop_1.0,2,0.1691000,0.1691049,4.941e-06,False,True
synth_v200_s2,pop_category,2,0.2530600,0.2530554,-4.609e-06,False,True
synth_v200_s2,pop_price,2,0.2579500,0.2579451,-4.866e-06,False,True
synth_v200_s2,content_knn_1,2,0.0061600,0.0061629,2.907e-06,False,True
synth_v200_s2,content_knn_3,2,0.0062100,0.0062144,4.448e-06,False,True
synth_v200_s2,content_knn_5,2,0.0061500,0.0061451,-4.876e-06,False,True
synth_v200_s2,last_item_nbhd,2,0.0061600,0.0061629,2.907e-06,False,True
synth_v200_s2,pop_scaled_content,2,0.1912000,0.1912010,1.030e-06,False,True
synth_v200_s2,co_purchase,2,0.0039500,0.0039526,2.588e-06,False,True
synth_v200_s2,lambda_hybrid_0.25,2,0.2499200,0.2499240,3.973e-06,False,True
synth_v200_s2,lambda_hybrid_0.5,2,0.1694300,0.1694350,4.990e-06,False,True
synth_v200_s2,lambda_hybrid_0.75,2,0.0769500,0.0769509,8.597e-07,True,True
synth_v200_s2,pop_global,3,0.2324300,0.2324304,4.136e-07,True,True
synth_v200_s2,recency_pop_0.1,3,0.1506400,0.1506402,1.652e-07,True,True
synth_v200_s2,recency_pop_0.5,3,0.1576100,0.1576092,-7.530e-07,True,True
synth_v200_s2,recency_pop_1.0,3,0.1615900,0.1615877,-2.274e-06,False,True
synth_v200_s2,pop_category,3,0.2097400,0.2097354,-4.556e-06,False,True
synth_v200_s2,pop_price,3,0.2279400,0.2279367,-3.316e-06,False,True
synth_v200_s2,content_knn_1,3,0.0068900,0.0068902,1.548e-07,True,True
synth_v200_s2,content_knn_3,3,0.0059300,0.0059330,3.021e-06,False,True
synth_v200_s2,content_knn_5,3,0.0078300,0.0078318,1.838e-06,False,True
synth_v200_s2,last_item_nbhd,3,0.0068900,0.0068902,1.548e-07,True,True
synth_v200_s2,pop_scaled_content,3,0.1709000,0.1708985,-1.516e-06,False,True
synth_v200_s2,co_purchase,3,0.0018200,0.0018193,-6.513e-07,True,True
synth_v200_s2,lambda_hybrid_0.25,3,0.2096300,0.2096269,-3.087e-06,False,True
synth_v200_s2,lambda_hybrid_0.5,3,0.1461500,0.1461487,-1.345e-06,False,True
synth_v200_s2,lambda_hybrid_0.75,3,0.0693700,0.0693704,4.355e-07,True,True
synth_v200_s2,pop_global,5,0.2519300,0.2519257,-4.327e-06,False,True
synth_v200_s2,recency_pop_0.1,5,0.1897500,0.1897544,4.382e-06,False,True
synth_v200_s2,recency_pop_0.5,5,0.2054000,0.2053969,-3.054e-06,False,True
synth_v200_s2,recency_pop_1.0,5,0.2071500,0.2071509,8.719e-07,True,True
synth_v200_s2,pop_category,5,0.2328800,0.2328835,3.519e-06,False,True
synth_v200_s2,pop_price,5,0.2494500,0.2494473,-2.652e-06,False,True
synth_v200_s2,content_knn_1,5,0.0111600,0.0111579,-2.102e-06,False,True
synth_v200_s2,content_knn_3,5,0.0118000,0.0118047,4.714e-06,False,True
synth_v200_s2,content_knn_5,5,0.0111100,0.0111059,-4.111e-06,False,True
synth_v200_s2,last_item_nbhd,5,0.0102600,0.0102630,2.991e-06,False,True
synth_v200_s2,pop_scaled_content,5,0.2023000,0.2022995,-4.916e-07,True,True
synth_v200_s2,co_purchase,5,0.0049200,0.0049151,-4.887e-06,False,True
synth_v200_s2,lambda_hybrid_0.25,5,0.2290400,0.2290402,2.014e-07,True,True
synth_v200_s2,lambda_hybrid_0.5,5,0.1708300,0.1708262,-3.781e-06,False,True
synth_v200_s2,lambda_hybrid_0.75,5,0.0742500,0.0742477,-2.330e-06,False,True
synth_v200_s2,pop_global,8,0.2014000,0.2014014,1.369e-06,False,True
synth_v200_s2,recency_pop_0.1,8,0.1738500,0.1738543,4.304e-06,False,True
synth_v200_s2,recency_pop_0.5,8,0.1745800,0.1745850,4.992e-06,False,True
synth_v200_s2,recency_pop_1.0,8,0.1749600,0.1749606,6.222e-07,True,True
synth_v200_s2,pop_category,8,0.1743900,0.1743901,1.072e-07,True,True
synth_v200_s2,pop_price,8,0.1896800,0.1896833,3.299e-06,False,True
synth_v200_s2,content_knn_1,8,0.0042500,0.0042484,-1.592e-06,False,True
synth_v200_s2,content_knn_3,8,0.0062300,0.0062325,2.480e-06,False,True
synth_v200_s2,content_knn_5,8,0.0071400,0.0071376,-2.355e-06,False,True
synth_v200_s2,last_item_nbhd,8,0.0047700,0.0047742,4.170e-06,False,True
synth_v200_s2,pop_scaled_content,8,0.1580200,0.1580216,1.563e-06,False,True
synth_v200_s2,co_purchase,8,0.0000000,0.0000000,0.000e+00,True,True
synth_v200_s2,lambda_hybrid_0.25,8,0.1764800,0.1764788,-1.171e-06,False,True
synth_v200_s2,lambda_hybrid_0.5,8,0.1130800,0.1130807,7.289e-07,True,True
synth_v200_s2,lambda_hybrid_0.75,8,0.0540600,0.0540576,-2.358e-06,False,True
synth_v200_s2,HEADROOM,,-0.2319262,-0.2319262,0.000e+00,True,True
synth_v200_s3,pop_global,0,0.2409500,0.2409469,-3.114e-06,False,True
synth_v200_s3,recency_pop_0.1,0,0.0301100,0.0301072,-2.763e-06,False,True
synth_v200_s3,recency_pop_0.5,0,0.0331900,0.0331884,-1.594e-06,False,True
synth_v200_s3,recency_pop_1.0,0,0.0331900,0.0331884,-1.594e-06,False,True
synth_v200_s3,pop_category,0,0.2406200,0.2406190,-1.022e-06,False,True
synth_v200_s3,pop_price,0,0.2356800,0.2356783,-1.696e-06,False,True
synth_v200_s3,lambda_hybrid_0.25,0,0.2409500,0.2409469,-3.114e-06,False,True
synth_v200_s3,lambda_hybrid_0.5,0,0.2409500,0.2409469,-3.114e-06,False,True
synth_v200_s3,lambda_hybrid_0.75,0,0.2409500,0.2409469,-3.114e-06,False,True
synth_v200_s3,active_elic2,0,0.2406200,0.2406190,-1.022e-06,False,True
synth_v200_s3,pop_global,1,0.2359700,0.2359683,-1.719e-06,False,True
synth_v200_s3,recency_pop_0.1,1,0.0340500,0.0340521,2.108e-06,False,True
synth_v200_s3,recency_pop_0.5,1,0.0369500,0.0369526,2.614e-06,False,True
synth_v200_s3,recency_pop_1.0,1,0.0379700,0.0379709,9.383e-07,True,True
synth_v200_s3,pop_category,1,0.2259100,0.2259141,4.081e-06,False,True
synth_v200_s3,pop_price,1,0.2315000,0.2315010,9.737e-07,True,True
synth_v200_s3,content_knn_1,1,0.0091800,0.0091807,6.893e-07,True,True
synth_v200_s3,content_knn_3,1,0.0083200,0.0083193,-6.638e-07,True,True
synth_v200_s3,content_knn_5,1,0.0088200,0.0088193,-6.638e-07,True,True
synth_v200_s3,last_item_nbhd,1,0.0091800,0.0091807,6.893e-07,True,True
synth_v200_s3,pop_scaled_content,1,0.1575600,0.1575576,-2.366e-06,False,True
synth_v200_s3,co_purchase,1,0.0061800,0.0061789,-1.118e-06,False,True
synth_v200_s3,lambda_hybrid_0.25,1,0.2195500,0.2195527,2.728e-06,False,True
synth_v200_s3,lambda_hybrid_0.5,1,0.1322700,0.1322655,-4.475e-06,False,True
synth_v200_s3,lambda_hybrid_0.75,1,0.0411200,0.0411209,9.166e-07,True,True
synth_v200_s3,pop_global,2,0.2022500,0.2022473,-2.748e-06,False,True
synth_v200_s3,recency_pop_0.1,2,0.0476300,0.0476346,4.569e-06,False,True
synth_v200_s3,recency_pop_0.5,2,0.0545800,0.0545847,4.679e-06,False,True
synth_v200_s3,recency_pop_1.0,2,0.0554800,0.0554775,-2.532e-06,False,True
synth_v200_s3,pop_category,2,0.1980400,0.1980427,2.715e-06,False,True
synth_v200_s3,pop_price,2,0.1993300,0.1993281,-1.919e-06,False,True
synth_v200_s3,content_knn_1,2,0.0161000,0.0160995,-4.803e-07,True,True
synth_v200_s3,content_knn_3,2,0.0164900,0.0164864,-3.627e-06,False,True
synth_v200_s3,content_knn_5,2,0.0145300,0.0145297,-3.452e-07,True,True
synth_v200_s3,last_item_nbhd,2,0.0161000,0.0160995,-4.803e-07,True,True
synth_v200_s3,pop_scaled_content,2,0.1650700,0.1650724,2.397e-06,False,True
synth_v200_s3,co_purchase,2,0.0059000,0.0058969,-3.082e-06,False,True
synth_v200_s3,lambda_hybrid_0.25,2,0.1941500,0.1941469,-3.121e-06,False,True
synth_v200_s3,lambda_hybrid_0.5,2,0.1521000,0.1521032,3.239e-06,False,True
synth_v200_s3,lambda_hybrid_0.75,2,0.0815700,0.0815699,-5.669e-08,True,True
synth_v200_s3,pop_global,3,0.2082300,0.2082306,6.310e-07,True,True
synth_v200_s3,recency_pop_0.1,3,0.0659500,0.0659455,-4.511e-06,False,True
synth_v200_s3,recency_pop_0.5,3,0.0838300,0.0838342,4.203e-06,False,True
synth_v200_s3,recency_pop_1.0,3,0.0906000,0.0905966,-3.396e-06,False,True
synth_v200_s3,pop_category,3,0.1945400,0.1945447,4.731e-06,False,True
synth_v200_s3,pop_price,3,0.2048100,0.2048129,2.857e-06,False,True
synth_v200_s3,content_knn_1,3,0.0106400,0.0106410,9.952e-07,True,True
synth_v200_s3,content_knn_3,3,0.0106400,0.0106410,9.952e-07,True,True
synth_v200_s3,content_knn_5,3,0.0100100,0.0100101,6.543e-08,True,True
synth_v200_s3,last_item_nbhd,3,0.0110700,0.0110717,1.672e-06,False,True
synth_v200_s3,pop_scaled_content,3,0.1843500,0.1843515,1.470e-06,False,True
synth_v200_s3,co_purchase,3,0.0032900,0.0032915,1.488e-06,False,True
synth_v200_s3,lambda_hybrid_0.25,3,0.1891600,0.1891625,2.549e-06,False,True
synth_v200_s3,lambda_hybrid_0.5,3,0.1603900,0.1603864,-3.557e-06,False,True
synth_v200_s3,lambda_hybrid_0.75,3,0.0732600,0.0732578,-2.218e-06,False,True
synth_v200_s3,pop_global,5,0.2403000,0.2403014,1.375e-06,False,True
synth_v200_s3,recency_pop_0.1,5,0.1094200,0.1094171,-2.917e-06,False,True
synth_v200_s3,recency_pop_0.5,5,0.1336900,0.1336914,1.405e-06,False,True
synth_v200_s3,recency_pop_1.0,5,0.1459400,0.1459447,4.729e-06,False,True
synth_v200_s3,pop_category,5,0.2260300,0.2260254,-4.574e-06,False,True
synth_v200_s3,pop_price,5,0.2395400,0.2395443,4.255e-06,False,True
synth_v200_s3,content_knn_1,5,0.0077500,0.0077504,3.762e-07,True,True
synth_v200_s3,content_knn_3,5,0.0072500,0.0072469,-3.148e-06,False,True
synth_v200_s3,content_knn_5,5,0.0066100,0.0066115,1.474e-06,False,True
synth_v200_s3,last_item_nbhd,5,0.0077500,0.0077504,3.762e-07,True,True
synth_v200_s3,pop_scaled_content,5,0.2149900,0.2149915,1.523e-06,False,True
synth_v200_s3,co_purchase,5,0.0010100,0.0010070,-2.951e-06,False,True
synth_v200_s3,lambda_hybrid_0.25,5,0.2233200,0.2233230,2.955e-06,False,True
synth_v200_s3,lambda_hybrid_0.5,5,0.1964300,0.1964280,-2.039e-06,False,True
synth_v200_s3,lambda_hybrid_0.75,5,0.0928600,0.0928580,-1.971e-06,False,True
synth_v200_s3,pop_global,8,0.1924300,0.1924337,3.683e-06,False,True
synth_v200_s3,recency_pop_0.1,8,0.1647600,0.1647646,4.589e-06,False,True
synth_v200_s3,recency_pop_0.5,8,0.1699700,0.1699728,2.787e-06,False,True
synth_v200_s3,recency_pop_1.0,8,0.1704200,0.1704231,3.143e-06,False,True
synth_v200_s3,pop_category,8,0.1703500,0.1703480,-2.039e-06,False,True
synth_v200_s3,pop_price,8,0.1973200,0.1973234,3.372e-06,False,True
synth_v200_s3,content_knn_1,8,0.0026300,0.0026328,2.752e-06,False,True
synth_v200_s3,content_knn_3,8,0.0026300,0.0026328,2.752e-06,False,True
synth_v200_s3,content_knn_5,8,0.0026300,0.0026328,2.752e-06,False,True
synth_v200_s3,last_item_nbhd,8,0.0026300,0.0026328,2.752e-06,False,True
synth_v200_s3,pop_scaled_content,8,0.1832900,0.1832926,2.565e-06,False,True
synth_v200_s3,co_purchase,8,0.0043200,0.0043246,4.636e-06,False,True
synth_v200_s3,lambda_hybrid_0.25,8,0.1693600,0.1693619,1.917e-06,False,True
synth_v200_s3,lambda_hybrid_0.5,8,0.1401600,0.1401583,-1.681e-06,False,True
synth_v200_s3,lambda_hybrid_0.75,8,0.0604200,0.0604246,4.635e-06,False,True
synth_v200_s3,HEADROOM,,-0.2065811,-0.2065811,-2.776e-17,True,True
synth_v20_s0,pop_global,0,0.4684200,0.4684214,1.371e-06,False,True
synth_v20_s0,recency_pop_0.1,0,0.1280800,0.1280779,-2.146e-06,False,True
synth_v20_s0,recency_pop_0.5,0,0.1275400,0.1275418,1.800e-06,False,True
synth_v20_s0,recency_pop_1.0,0,0.1275400,0.1275418,1.800e-06,False,True
synth_v20_s0,pop_category,0,0.4684200,0.4684214,1.371e-06,False,True
synth_v20_s0,pop_price,0,0.4712600,0.4712582,-1.817e-06,False,True
synth_v20_s0,lambda_hybrid_0.25,0,0.4684200,0.4684214,1.371e-06,False,True
synth_v20_s0,lambda_hybrid_0.5,0,0.4684200,0.4684214,1.371e-06,False,True
synth_v20_s0,lambda_hybrid_0.75,0,0.4684200,0.4684214,1.371e-06,False,True
synth_v20_s0,active_elic2,0,0.3844200,0.3844234,3.425e-06,False,True
synth_v20_s0,pop_global,1,0.4098400,0.4098369,-3.119e-06,False,True
synth_v20_s0,recency_pop_0.1,1,0.1307300,0.1307315,1.471e-06,False,True
synth_v20_s0,recency_pop_0.5,1,0.1440500,0.1440474,-2.567e-06,False,True
synth_v20_s0,recency_pop_1.0,1,0.1462300,0.1462265,-3.461e-06,False,True
synth_v20_s0,pop_category,1,0.4021000,0.4020998,-1.749e-07,True,True
synth_v20_s0,pop_price,1,0.3950600,0.3950552,-4.768e-06,False,True
synth_v20_s0,content_knn_1,1,0.1394800,0.1394811,1.138e-06,False,True
synth_v20_s0,content_knn_3,1,0.1422300,0.1422313,1.319e-06,False,True
synth_v20_s0,content_knn_5,1,0.1479100,0.1479130,2.976e-06,False,True
synth_v20_s0,last_item_nbhd,1,0.1370500,0.1370539,3.919e-06,False,True
synth_v20_s0,pop_scaled_content,1,0.2345400,0.2345389,-1.081e-06,False,True
synth_v20_s0,co_purchase,1,0.0821300,0.0821259,-4.061e-06,False,True
synth_v20_s0,lambda_hybrid_0.25,1,0.3672200,0.3672210,9.625e-07,True,True
synth_v20_s0,lambda_hybrid_0.5,1,0.2860300,0.2860313,1.323e-06,False,True
synth_v20_s0,lambda_hybrid_0.75,1,0.2121100,0.2121142,4.198e-06,False,True
synth_v20_s0,pop_global,2,0.3603400,0.3603407,6.803e-07,True,True
synth_v20_s0,recency_pop_0.1,2,0.1632000,0.1631982,-1.775e-06,False,True
synth_v20_s0,recency_pop_0.5,2,0.1712000,0.1712047,4.729e-06,False,True
synth_v20_s0,recency_pop_1.0,2,0.1739000,0.1739032,3.202e-06,False,True
synth_v20_s0,pop_category,2,0.3552400,0.3552431,3.081e-06,False,True
synth_v20_s0,pop_price,2,0.3553600,0.3553617,1.676e-06,False,True
synth_v20_s0,content_knn_1,2,0.1277900,0.1277923,2.329e-06,False,True
synth_v20_s0,content_knn_3,2,0.1469700,0.1469671,-2.915e-06,False,True
synth_v20_s0,content_knn_5,2,0.1323300,0.1323281,-1.891e-06,False,True
synth_v20_s0,last_item_nbhd,2,0.1290000,0.1289950,-4.964e-06,False,True
synth_v20_s0,pop_scaled_content,2,0.2494600,0.2494567,-3.329e-06,False,True
synth_v20_s0,co_purchase,2,0.0574300,0.0574348,4.832e-06,False,True
synth_v20_s0,lambda_hybrid_0.25,2,0.3284700,0.3284677,-2.286e-06,False,True
synth_v20_s0,lambda_hybrid_0.5,2,0.2583800,0.2583799,-8.143e-08,True,True
synth_v20_s0,lambda_hybrid_0.75,2,0.1762300,0.1762334,3.420e-06,False,True
synth_v20_s0,pop_global,3,0.3012400,0.3012378,-2.204e-06,False,True
synth_v20_s0,recency_pop_0.1,3,0.1724300,0.1724272,-2.784e-06,False,True
synth_v20_s0,recency_pop_0.5,3,0.1898100,0.1898120,1.960e-06,False,True
synth_v20_s0,recency_pop_1.0,3,0.1916000,0.1916031,3.131e-06,False,True
synth_v20_s0,pop_category,3,0.2973800,0.2973808,7.777e-07,True,True
synth_v20_s0,pop_price,3,0.2853300,0.2853268,-3.198e-06,False,True
synth_v20_s0,content_knn_1,3,0.1061500,0.1061454,-4.608e-06,False,True
synth_v20_s0,content_knn_3,3,0.1148800,0.1148764,-3.586e-06,False,True
synth_v20_s0,content_knn_5,3,0.1085300,0.1085317,1.720e-06,False,True
synth_v20_s0,last_item_nbhd,3,0.1185100,0.1185092,-8.330e-07,True,True
synth_v20_s0,pop_scaled_content,3,0.2211600,0.2211584,-1.560e-06,False,True
synth_v20_s0,co_purchase,3,0.0520200,0.0520249,4.928e-06,False,True
synth_v20_s0,lambda_hybrid_0.25,3,0.2786800,0.2786802,1.510e-07,True,True
synth_v20_s0,lambda_hybrid_0.5,3,0.2240400,0.2240423,2.253e-06,False,True
synth_v20_s0,lambda_hybrid_0.75,3,0.1668100,0.1668094,-6.463e-07,True,True
synth_v20_s0,pop_global,5,0.2422300,0.2422322,2.189e-06,False,True
synth_v20_s0,recency_pop_0.1,5,0.1995400,0.1995438,3.787e-06,False,True
synth_v20_s0,recency_pop_0.5,5,0.2163900,0.2163879,-2.142e-06,False,True
synth_v20_s0,recency_pop_1.0,5,0.2191300,0.2191251,-4.907e-06,False,True
synth_v20_s0,pop_category,5,0.2376200,0.2376248,4.789e-06,False,True
synth_v20_s0,pop_price,5,0.2317000,0.2317026,2.590e-06,False,True
synth_v20_s0,content_knn_1,5,0.0948100,0.0948136,3.583e-06,False,True
synth_v20_s0,content_knn_3,5,0.0917000,0.0917028,2.810e-06,False,True
synth_v20_s0,content_knn_5,5,0.0932800,0.0932828,2.816e-06,False,True
synth_v20_s0,last_item_nbhd,5,0.0986500,0.0986503,3.368e-07,True,True
synth_v20_s0,pop_scaled_content,5,0.1810900,0.1810855,-4.526e-06,False,True
synth_v20_s0,co_purchase,5,0.0310500,0.0310494,-5.996e-07,True,True
synth_v20_s0,lambda_hybrid_0.25,5,0.2105700,0.2105677,-2.315e-06,False,True
synth_v20_s0,lambda_hybrid_0.5,5,0.1585500,0.1585537,3.726e-06,False,True
synth_v20_s0,lambda_hybrid_0.75,5,0.1162600,0.1162632,3.245e-06,False,True
synth_v20_s0,pop_global,8,0.1902500,0.1902514,1.394e-06,False,True
synth_v20_s0,recency_pop_0.1,8,0.1756100,0.1756065,-3.534e-06,False,True
synth_v20_s0,recency_pop_0.5,8,0.1744000,0.1743975,-2.474e-06,False,True
synth_v20_s0,recency_pop_1.0,8,0.1736600,0.1736638,3.803e-06,False,True
synth_v20_s0,pop_category,8,0.1831700,0.1831742,4.187e-06,False,True
synth_v20_s0,pop_price,8,0.1793300,0.1793298,-1.764e-07,True,True
synth_v20_s0,content_knn_1,8,0.0841500,0.0841464,-3.605e-06,False,True
synth_v20_s0,content_knn_3,8,0.0826200,0.0826220,2.049e-06,False,True
synth_v20_s0,content_knn_5,8,0.0858900,0.0858877,-2.271e-06,False,True
synth_v20_s0,last_item_nbhd,8,0.0880800,0.0880793,-6.529e-07,True,True
synth_v20_s0,pop_scaled_content,8,0.1584000,0.1583989,-1.051e-06,False,True
synth_v20_s0,co_purchase,8,0.0356200,0.0356185,-1.450e-06,False,True
synth_v20_s0,lambda_hybrid_0.25,8,0.1630700,0.1630656,-4.375e-06,False,True
synth_v20_s0,lambda_hybrid_0.5,8,0.1169700,0.1169688,-1.202e-06,False,True
synth_v20_s0,lambda_hybrid_0.75,8,0.0964000,0.0963975,-2.538e-06,False,True
synth_v20_s0,HEADROOM,,-0.1863392,-0.1863392,-2.776e-17,True,True
synth_v50_s0,pop_global,0,0.3295100,0.3295149,4.933e-06,False,True
synth_v50_s0,recency_pop_0.1,0,0.0700400,0.0700414,1.375e-06,False,True
synth_v50_s0,recency_pop_0.5,0,0.0735500,0.0735546,4.601e-06,False,True
synth_v50_s0,recency_pop_1.0,0,0.0747500,0.0747484,-1.640e-06,False,True
synth_v50_s0,pop_category,0,0.3268700,0.3268676,-2.431e-06,False,True
synth_v50_s0,pop_price,0,0.3526700,0.3526657,-4.336e-06,False,True
synth_v50_s0,lambda_hybrid_0.25,0,0.3295100,0.3295149,4.933e-06,False,True
synth_v50_s0,lambda_hybrid_0.5,0,0.3295100,0.3295149,4.933e-06,False,True
synth_v50_s0,lambda_hybrid_0.75,0,0.3295100,0.3295149,4.933e-06,False,True
synth_v50_s0,active_elic2,0,0.0842500,0.0842516,1.624e-06,False,True
synth_v50_s0,pop_global,1,0.3121900,0.3121928,2.755e-06,False,True
synth_v50_s0,recency_pop_0.1,1,0.1248500,0.1248541,4.095e-06,False,True
synth_v50_s0,recency_pop_0.5,1,0.1410200,0.1410152,-4.795e-06,False,True
synth_v50_s0,recency_pop_1.0,1,0.1414200,0.1414229,2.902e-06,False,True
synth_v50_s0,pop_category,1,0.2928500,0.2928492,-8.374e-07,True,True
synth_v50_s0,pop_price,1,0.3284400,0.3284404,4.056e-07,True,True
synth_v50_s0,content_knn_1,1,0.0484300,0.0484280,-1.993e-06,False,True
synth_v50_s0,content_knn_3,1,0.0507700,0.0507691,-9.337e-07,True,True
synth_v50_s0,content_knn_5,1,0.0513500,0.0513486,-1.433e-06,False,True
synth_v50_s0,last_item_nbhd,1,0.0622200,0.0622175,-2.483e-06,False,True
synth_v50_s0,pop_scaled_content,1,0.1372700,0.1372660,-3.960e-06,False,True
synth_v50_s0,co_purchase,1,0.0238400,0.0238359,-4.077e-06,False,True
synth_v50_s0,lambda_hybrid_0.25,1,0.3058900,0.3058913,1.286e-06,False,True
synth_v50_s0,lambda_hybrid_0.5,1,0.1856200,0.1856237,3.714e-06,False,True
synth_v50_s0,lambda_hybrid_0.75,1,0.1050500,0.1050525,2.478e-06,False,True
synth_v50_s0,pop_global,2,0.2643300,0.2643272,-2.836e-06,False,True
synth_v50_s0,recency_pop_0.1,2,0.1324700,0.1324675,-2.475e-06,False,True
synth_v50_s0,recency_pop_0.5,2,0.1561000,0.1560952,-4.830e-06,False,True
synth_v50_s0,recency_pop_1.0,2,0.1570400,0.1570440,4.043e-06,False,True
synth_v50_s0,pop_category,2,0.2566100,0.2566068,-3.163e-06,False,True
synth_v50_s0,pop_price,2,0.2665600,0.2665602,1.637e-07,True,True
synth_v50_s0,content_knn_1,2,0.0523000,0.0522965,-3.463e-06,False,True
synth_v50_s0,content_knn_3,2,0.0539200,0.0539198,-1.987e-07,True,True
synth_v50_s0,content_knn_5,2,0.0448200,0.0448214,1.358e-06,False,True
synth_v50_s0,last_item_nbhd,2,0.0531100,0.0531092,-7.761e-07,True,True
synth_v50_s0,pop_scaled_content,2,0.1657200,0.1657218,1.838e-06,False,True
synth_v50_s0,co_purchase,2,0.0134200,0.0134163,-3.734e-06,False,True
synth_v50_s0,lambda_hybrid_0.25,2,0.2558300,0.2558298,-2.310e-07,True,True
synth_v50_s0,lambda_hybrid_0.5,2,0.1632000,0.1632000,-1.701e-08,True,True
synth_v50_s0,lambda_hybrid_0.75,2,0.0942300,0.0942338,3.811e-06,False,True
synth_v50_s0,pop_global,3,0.2630000,0.2629970,-2.994e-06,False,True
synth_v50_s0,recency_pop_0.1,3,0.1732100,0.1732053,-4.679e-06,False,True
synth_v50_s0,recency_pop_0.5,3,0.1904500,0.1904491,-9.091e-07,True,True
synth_v50_s0,recency_pop_1.0,3,0.1927900,0.1927851,-4.948e-06,False,True
synth_v50_s0,pop_category,3,0.2516100,0.2516104,3.567e-07,True,True
synth_v50_s0,pop_price,3,0.2641300,0.2641301,1.060e-07,True,True
synth_v50_s0,content_knn_1,3,0.0583900,0.0583891,-8.625e-07,True,True
synth_v50_s0,content_knn_3,3,0.0591300,0.0591339,3.897e-06,False,True
synth_v50_s0,content_knn_5,3,0.0538200,0.0538170,-2.996e-06,False,True
synth_v50_s0,last_item_nbhd,3,0.0640600,0.0640592,-7.844e-07,True,True
synth_v50_s0,pop_scaled_content,3,0.1611900,0.1611929,2.880e-06,False,True
synth_v50_s0,co_purchase,3,0.0122900,0.0122924,2.421e-06,False,True
synth_v50_s0,lambda_hybrid_0.25,3,0.2500400,0.2500390,-9.775e-07,True,True
synth_v50_s0,lambda_hybrid_0.5,3,0.1810000,0.1809969,-3.126e-06,False,True
synth_v50_s0,lambda_hybrid_0.75,3,0.0906000,0.0905983,-1.732e-06,False,True
synth_v50_s0,pop_global,5,0.2020800,0.2020777,-2.349e-06,False,True
synth_v50_s0,recency_pop_0.1,5,0.1577900,0.1577930,2.964e-06,False,True
synth_v50_s0,recency_pop_0.5,5,0.1593500,0.1593463,-3.743e-06,False,True
synth_v50_s0,recency_pop_1.0,5,0.1590100,0.1590114,1.385e-06,False,True
synth_v50_s0,pop_category,5,0.1993000,0.1992951,-4.942e-06,False,True
synth_v50_s0,pop_price,5,0.1901900,0.1901947,4.712e-06,False,True
synth_v50_s0,content_knn_1,5,0.0355500,0.0355520,1.970e-06,False,True
synth_v50_s0,content_knn_3,5,0.0358400,0.0358442,4.200e-06,False,True
synth_v50_s0,content_knn_5,5,0.0371800,0.0371845,4.547e-06,False,True
synth_v50_s0,last_item_nbhd,5,0.0423400,0.0423440,3.954e-06,False,True
synth_v50_s0,pop_scaled_content,5,0.1185600,0.1185607,7.326e-07,True,True
synth_v50_s0,co_purchase,5,0.0119000,0.0118979,-2.084e-06,False,True
synth_v50_s0,lambda_hybrid_0.25,5,0.1918500,0.1918462,-3.763e-06,False,True
synth_v50_s0,lambda_hybrid_0.5,5,0.1419400,0.1419415,1.462e-06,False,True
synth_v50_s0,lambda_hybrid_0.75,5,0.0743900,0.0743860,-4.029e-06,False,True
synth_v50_s0,pop_global,8,0.2249200,0.2249196,-4.399e-07,True,True
synth_v50_s0,recency_pop_0.1,8,0.1937500,0.1937481,-1.881e-06,False,True
synth_v50_s0,recency_pop_0.5,8,0.2010200,0.2010183,-1.704e-06,False,True
synth_v50_s0,recency_pop_1.0,8,0.2023000,0.2022959,-4.060e-06,False,True
synth_v50_s0,pop_category,8,0.2247900,0.2247930,2.993e-06,False,True
synth_v50_s0,pop_price,8,0.1826800,0.1826798,-2.282e-07,True,True
synth_v50_s0,content_knn_1,8,0.0189500,0.0189521,2.065e-06,False,True
synth_v50_s0,content_knn_3,8,0.0223000,0.0222957,-4.277e-06,False,True
synth_v50_s0,content_knn_5,8,0.0218300,0.0218298,-2.192e-07,True,True
synth_v50_s0,last_item_nbhd,8,0.0262100,0.0262108,7.642e-07,True,True
synth_v50_s0,pop_scaled_content,8,0.1491000,0.1490972,-2.760e-06,False,True
synth_v50_s0,co_purchase,8,0.0082300,0.0082264,-3.643e-06,False,True
synth_v50_s0,lambda_hybrid_0.25,8,0.2007500,0.2007524,2.395e-06,False,True
synth_v50_s0,lambda_hybrid_0.5,8,0.1229000,0.1228970,-3.008e-06,False,True
synth_v50_s0,lambda_hybrid_0.75,8,0.0540900,0.0540944,4.437e-06,False,True
synth_v50_s0,HEADROOM,,-0.2133789,-0.2133789,-2.776e-17,True,True
synth_zipf05_s0,pop_global,0,0.7354200,0.7354179,-2.139e-06,False,True
synth_zipf05_s0,recency_pop_0.1,0,0.0402400,0.0402399,-5.608e-08,True,True
synth_zipf05_s0,recency_pop_0.5,0,0.3453600,0.3453624,2.418e-06,False,True
synth_zipf05_s0,recency_pop_1.0,0,0.3841100,0.3841148,4.794e-06,False,True
synth_zipf05_s0,pop_category,0,0.7301800,0.7301844,4.388e-06,False,True
synth_zipf05_s0,pop_price,0,0.7362900,0.7362943,4.336e-06,False,True
synth_zipf05_s0,lambda_hybrid_0.25,0,0.7354200,0.7354179,-2.139e-06,False,True
synth_zipf05_s0,lambda_hybrid_0.5,0,0.7354200,0.7354179,-2.139e-06,False,True
synth_zipf05_s0,lambda_hybrid_0.75,0,0.7354200,0.7354179,-2.139e-06,False,True
synth_zipf05_s0,active_elic2,0,0.5718500,0.5718531,3.094e-06,False,True
synth_zipf05_s0,pop_global,1,0.4325500,0.4325453,-4.699e-06,False,True
synth_zipf05_s0,recency_pop_0.1,1,0.1565000,0.1565031,3.087e-06,False,True
synth_zipf05_s0,recency_pop_0.5,1,0.2441100,0.2441090,-9.557e-07,True,True
synth_zipf05_s0,recency_pop_1.0,1,0.2441100,0.2441090,-9.557e-07,True,True
synth_zipf05_s0,pop_category,1,0.4261500,0.4261521,2.091e-06,False,True
synth_zipf05_s0,pop_price,1,0.4333800,0.4333772,-2.818e-06,False,True
synth_zipf05_s0,content_knn_1,1,0.0083100,0.0083093,-7.025e-07,True,True
synth_zipf05_s0,content_knn_3,1,0.0083100,0.0083093,-7.025e-07,True,True
synth_zipf05_s0,content_knn_5,1,0.0094700,0.0094699,-1.440e-07,True,True
synth_zipf05_s0,last_item_nbhd,1,0.0083100,0.0083093,-7.025e-07,True,True
synth_zipf05_s0,pop_scaled_content,1,0.0956300,0.0956250,-4.955e-06,False,True
synth_zipf05_s0,co_purchase,1,0.0081100,0.0081150,4.954e-06,False,True
synth_zipf05_s0,lambda_hybrid_0.25,1,0.3676500,0.3676455,-4.481e-06,False,True
synth_zipf05_s0,lambda_hybrid_0.5,1,0.0997600,0.0997606,6.197e-07,True,True
synth_zipf05_s0,lambda_hybrid_0.75,1,0.0453700,0.0453738,3.767e-06,False,True
synth_zipf05_s0,pop_global,2,0.2817000,0.2817034,3.379e-06,False,True
synth_zipf05_s0,recency_pop_0.1,2,0.0800600,0.0800579,-2.128e-06,False,True
synth_zipf05_s0,recency_pop_0.5,2,0.1051500,0.1051546,4.649e-06,False,True
synth_zipf05_s0,recency_pop_1.0,2,0.1051500,0.1051546,4.649e-06,False,True
synth_zipf05_s0,pop_category,2,0.2749800,0.2749803,2.791e-07,True,True
synth_zipf05_s0,pop_price,2,0.2849200,0.2849155,-4.495e-06,False,True
synth_zipf05_s0,content_knn_1,2,0.0045000,0.0045000,0.000e+00,True,True
synth_zipf05_s0,content_knn_3,2,0.0052600,0.0052619,1.860e-06,False,True
synth_zipf05_s0,content_knn_5,2,0.0042600,0.0042619,1.860e-06,False,True
synth_zipf05_s0,last_item_nbhd,2,0.0051300,0.0051309,9.298e-07,True,True
synth_zipf05_s0,pop_scaled_content,2,0.0978400,0.0978419,1.868e-06,False,True
synth_zipf05_s0,co_purchase,2,0.0056300,0.0056309,9.298e-07,True,True
synth_zipf05_s0,lambda_hybrid_0.25,2,0.2124300,0.2124320,2.022e-06,False,True
synth_zipf05_s0,lambda_hybrid_0.5,2,0.0586300,0.0586268,-3.173e-06,False,True
synth_zipf05_s0,lambda_hybrid_0.75,2,0.0403600,0.0403590,-9.691e-07,True,True
synth_zipf05_s0,pop_global,3,0.2366600,0.2366562,-3.788e-06,False,True
synth_zipf05_s0,recency_pop_0.1,3,0.0564800,0.0564784,-1.565e-06,False,True
synth_zipf05_s0,recency_pop_0.5,3,0.0670800,0.0670849,4.867e-06,False,True
synth_zipf05_s0,recency_pop_1.0,3,0.0674800,0.0674780,-1.950e-06,False,True
synth_zipf05_s0,pop_category,3,0.2329000,0.2328963,-3.708e-06,False,True
synth_zipf05_s0,pop_price,3,0.2366600,0.2366598,-1.965e-07,True,True
synth_zipf05_s0,content_knn_1,3,0.0024300,0.0024331,3.110e-06,False,True
synth_zipf05_s0,content_knn_3,3,0.0024300,0.0024331,3.110e-06,False,True
synth_zipf05_s0,content_knn_5,3,0.0014300,0.0014321,2.109e-06,False,True
synth_zipf05_s0,last_item_nbhd,3,0.0020600,0.0020637,3.670e-06,False,True
synth_zipf05_s0,pop_scaled_content,3,0.1127900,0.1127889,-1.140e-06,False,True
synth_zipf05_s0,co_purchase,3,0.0082600,0.0082565,-3.538e-06,False,True
synth_zipf05_s0,lambda_hybrid_0.25,3,0.1718300,0.1718283,-1.716e-06,False,True
synth_zipf05_s0,lambda_hybrid_0.5,3,0.0487700,0.0487668,-3.171e-06,False,True
synth_zipf05_s0,lambda_hybrid_0.75,3,0.0288800,0.0288802,1.940e-07,True,True
synth_zipf05_s0,pop_global,5,0.1787100,0.1787143,4.316e-06,False,True
synth_zipf05_s0,recency_pop_0.1,5,0.0636700,0.0636736,3.551e-06,False,True
synth_zipf05_s0,recency_pop_0.5,5,0.0702700,0.0702657,-4.346e-06,False,True
synth_zipf05_s0,recency_pop_1.0,5,0.0706500,0.0706541,4.061e-06,False,True
synth_zipf05_s0,pop_category,5,0.1753600,0.1753559,-4.137e-06,False,True
synth_zipf05_s0,pop_price,5,0.1788500,0.1788540,4.037e-06,False,True
synth_zipf05_s0,content_knn_1,5,0.0040200,0.0040161,-3.936e-06,False,True
synth_zipf05_s0,content_knn_3,5,0.0040200,0.0040161,-3.936e-06,False,True
synth_zipf05_s0,content_knn_5,5,0.0030100,0.0030120,2.048e-06,False,True
synth_zipf05_s0,last_item_nbhd,5,0.0030100,0.0030120,2.048e-06,False,True
synth_zipf05_s0,pop_scaled_content,5,0.0969200,0.0969179,-2.053e-06,False,True
synth_zipf05_s0,co_purchase,5,0.0014500,0.0014543,4.276e-06,False,True
synth_zipf05_s0,lambda_hybrid_0.25,5,0.1070600,0.1070610,9.805e-07,True,True
synth_zipf05_s0,lambda_hybrid_0.5,5,0.0333500,0.0333478,-2.161e-06,False,True
synth_zipf05_s0,lambda_hybrid_0.75,5,0.0244300,0.0244253,-4.704e-06,False,True
synth_zipf05_s0,pop_global,8,0.1343100,0.1343081,-1.886e-06,False,True
synth_zipf05_s0,recency_pop_0.1,8,0.0883700,0.0883670,-3.029e-06,False,True
synth_zipf05_s0,recency_pop_0.5,8,0.0948200,0.0948244,4.385e-06,False,True
synth_zipf05_s0,recency_pop_1.0,8,0.0964600,0.0964589,-1.094e-06,False,True
synth_zipf05_s0,pop_category,8,0.1216000,0.1216036,3.591e-06,False,True
synth_zipf05_s0,pop_price,8,0.1220700,0.1220667,-3.315e-06,False,True
synth_zipf05_s0,content_knn_1,8,0.0026100,0.0026136,3.631e-06,False,True
synth_zipf05_s0,content_knn_3,8,0.0026100,0.0026136,3.631e-06,False,True
synth_zipf05_s0,content_knn_5,8,0.0004600,0.0004631,3.093e-06,False,True
synth_zipf05_s0,last_item_nbhd,8,0.0015400,0.0015384,-1.638e-06,False,True
synth_zipf05_s0,pop_scaled_content,8,0.0660400,0.0660424,2.391e-06,False,True
synth_zipf05_s0,co_purchase,8,0.0047200,0.0047170,-2.954e-06,False,True
synth_zipf05_s0,lambda_hybrid_0.25,8,0.0525800,0.0525837,3.715e-06,False,True
synth_zipf05_s0,lambda_hybrid_0.5,8,0.0151900,0.0151863,-3.750e-06,False,True
synth_zipf05_s0,lambda_hybrid_0.75,8,0.0123600,0.0123573,-2.707e-06,False,True
synth_zipf05_s0,HEADROOM,,-0.2479773,-0.2479773,-2.776e-17,True,True
synth_zipf15_s0,pop_global,0,0.0974800,0.0974818,1.772e-06,False,True
synth_zipf15_s0,recency_pop_0.1,0,0.0261100,0.0261055,-4.544e-06,False,True
synth_zipf15_s0,recency_pop_0.5,0,0.0268400,0.0268436,3.597e-06,False,True
synth_zipf15_s0,recency_pop_1.0,0,0.0282800,0.0282779,-2.112e-06,False,True
synth_zipf15_s0,pop_category,0,0.0579200,0.0579161,-3.903e-06,False,True
synth_zipf15_s0,pop_price,0,0.0986400,0.0986423,2.331e-06,False,True
synth_zipf15_s0,lambda_hybrid_0.25,0,0.0974800,0.0974818,1.772e-06,False,True
synth_zipf15_s0,lambda_hybrid_0.5,0,0.0974800,0.0974818,1.772e-06,False,True
synth_zipf15_s0,lambda_hybrid_0.75,0,0.0974800,0.0974818,1.772e-06,False,True
synth_zipf15_s0,active_elic2,0,0.0579200,0.0579161,-3.903e-06,False,True
synth_zipf15_s0,pop_global,1,0.0915600,0.0915629,2.942e-06,False,True
synth_zipf15_s0,recency_pop_0.1,1,0.0329400,0.0329395,-4.979e-07,True,True
synth_zipf15_s0,recency_pop_0.5,1,0.0535800,0.0535816,1.606e-06,False,True
synth_zipf15_s0,recency_pop_1.0,1,0.0606100,0.0606125,2.475e-06,False,True
synth_zipf15_s0,pop_category,1,0.0572400,0.0572365,-3.483e-06,False,True
synth_zipf15_s0,pop_price,1,0.0927700,0.0927673,-2.676e-06,False,True
synth_zipf15_s0,content_knn_1,1,0.0226500,0.0226505,5.452e-07,True,True
synth_zipf15_s0,content_knn_3,1,0.0215800,0.0215812,1.222e-06,False,True
synth_zipf15_s0,content_knn_5,1,0.0226500,0.0226505,5.452e-07,True,True
synth_zipf15_s0,last_item_nbhd,1,0.0232800,0.0232815,1.475e-06,False,True
synth_zipf15_s0,pop_scaled_content,1,0.0659000,0.0658970,-3.030e-06,False,True
synth_zipf15_s0,co_purchase,1,0.0089200,0.0089188,-1.170e-06,False,True
synth_zipf15_s0,lambda_hybrid_0.25,1,0.0924400,0.0924378,-2.201e-06,False,True
synth_zipf15_s0,lambda_hybrid_0.5,1,0.0721700,0.0721658,-4.178e-06,False,True
synth_zipf15_s0,lambda_hybrid_0.75,1,0.0491000,0.0490995,-4.541e-07,True,True
synth_zipf15_s0,pop_global,2,0.0726900,0.0726877,-2.266e-06,False,True
synth_zipf15_s0,recency_pop_0.1,2,0.0297200,0.0297163,-3.746e-06,False,True
synth_zipf15_s0,recency_pop_0.5,2,0.0503900,0.0503896,-4.149e-07,True,True
synth_zipf15_s0,recency_pop_1.0,2,0.0529500,0.0529490,-1.000e-06,False,True
synth_zipf15_s0,pop_category,2,0.0474500,0.0474532,3.207e-06,False,True
synth_zipf15_s0,pop_price,2,0.0738500,0.0738483,-1.707e-06,False,True
synth_zipf15_s0,content_knn_1,2,0.0195200,0.0195160,-3.999e-06,False,True
synth_zipf15_s0,content_knn_3,2,0.0184400,0.0184425,2.549e-06,False,True
synth_zipf15_s0,content_knn_5,2,0.0193400,0.0193431,3.055e-06,False,True
synth_zipf15_s0,last_item_nbhd,2,0.0185200,0.0185160,-3.999e-06,False,True
synth_zipf15_s0,pop_scaled_content,2,0.0476600,0.0476635,3.500e-06,False,True
synth_zipf15_s0,co_purchase,2,0.0072500,0.0072482,-1.794e-06,False,True
synth_zipf15_s0,lambda_hybrid_0.25,2,0.0714300,0.0714290,-1.026e-06,False,True
synth_zipf15_s0,lambda_hybrid_0.5,2,0.0565700,0.0565664,-3.645e-06,False,True
synth_zipf15_s0,lambda_hybrid_0.75,2,0.0445000,0.0445042,4.181e-06,False,True
synth_zipf15_s0,pop_global,3,0.0690400,0.0690416,1.629e-06,False,True
synth_zipf15_s0,recency_pop_0.1,3,0.0396700,0.0396717,1.709e-06,False,True
synth_zipf15_s0,recency_pop_0.5,3,0.0512200,0.0512230,2.981e-06,False,True
synth_zipf15_s0,recency_pop_1.0,3,0.0568000,0.0567997,-3.378e-07,True,True
synth_zipf15_s0,pop_category,3,0.0506000,0.0506033,3.331e-06,False,True
synth_zipf15_s0,pop_price,3,0.0703300,0.0703350,4.952e-06,False,True
synth_zipf15_s0,content_knn_1,3,0.0225700,0.0225664,-3.584e-06,False,True
synth_zipf15_s0,content_knn_3,3,0.0198100,0.0198077,-2.265e-06,False,True
synth_zipf15_s0,content_knn_5,3,0.0222900,0.0222942,4.245e-06,False,True
synth_zipf15_s0,last_item_nbhd,3,0.0229500,0.0229537,3.656e-06,False,True
synth_zipf15_s0,pop_scaled_content,3,0.0622300,0.0622293,-6.827e-07,True,True
synth_zipf15_s0,co_purchase,3,0.0032600,0.0032574,-2.600e-06,False,True
synth_zipf15_s0,lambda_hybrid_0.25,3,0.0698400,0.0698429,2.929e-06,False,True
synth_zipf15_s0,lambda_hybrid_0.5,3,0.0660500,0.0660543,4.259e-06,False,True
synth_zipf15_s0,lambda_hybrid_0.75,3,0.0530800,0.0530792,-8.281e-07,True,True
synth_zipf15_s0,pop_global,5,0.0806100,0.0806128,2.751e-06,False,True
synth_zipf15_s0,recency_pop_0.1,5,0.0613900,0.0613947,4.727e-06,False,True
synth_zipf15_s0,recency_pop_0.5,5,0.0771600,0.0771624,2.389e-06,False,True
synth_zipf15_s0,recency_pop_1.0,5,0.0843400,0.0843414,1.389e-06,False,True
synth_zipf15_s0,pop_category,5,0.0696300,0.0696256,-4.393e-06,False,True
synth_zipf15_s0,pop_price,5,0.0845800,0.0845848,4.815e-06,False,True
synth_zipf15_s0,content_knn_1,5,0.0209400,0.0209351,-4.946e-06,False,True
synth_zipf15_s0,content_knn_3,5,0.0203600,0.0203634,3.444e-06,False,True
synth_zipf15_s0,content_knn_5,5,0.0202500,0.0202498,-1.575e-07,True,True
synth_zipf15_s0,last_item_nbhd,5,0.0210700,0.0210665,-3.490e-06,False,True
synth_zipf15_s0,pop_scaled_content,5,0.0779900,0.0779920,2.011e-06,False,True
synth_zipf15_s0,co_purchase,5,0.0052700,0.0052675,-2.505e-06,False,True
synth_zipf15_s0,lambda_hybrid_0.25,5,0.0841900,0.0841893,-7.430e-07,True,True
synth_zipf15_s0,lambda_hybrid_0.5,5,0.0820700,0.0820671,-2.947e-06,False,True
synth_zipf15_s0,lambda_hybrid_0.75,5,0.0601500,0.0601476,-2.374e-06,False,True
synth_zipf15_s0,pop_global,8,0.1124400,0.1124423,2.272e-06,False,True
synth_zipf15_s0,recency_pop_0.1,8,0.1202500,0.1202505,4.703e-07,True,True
synth_zipf15_s0,recency_pop_0.5,8,0.1247700,0.1247657,-4.293e-06,False,True
synth_zipf15_s0,recency_pop_1.0,8,0.1204100,0.1204110,9.568e-07,True,True
synth_zipf15_s0,pop_category,8,0.1198300,0.1198308,7.812e-07,True,True
synth_zipf15_s0,pop_price,8,0.1198500,0.1198462,-3.843e-06,False,True
synth_zipf15_s0,content_knn_1,8,0.0207000,0.0206989,-1.062e-06,False,True
synth_zipf15_s0,content_knn_3,8,0.0200200,0.0200205,5.193e-07,True,True
synth_zipf15_s0,content_knn_5,8,0.0190100,0.0190115,1.494e-06,False,True
synth_zipf15_s0,last_item_nbhd,8,0.0196200,0.0196237,3.670e-06,False,True
synth_zipf15_s0,pop_scaled_content,8,0.1059500,0.1059510,9.990e-07,True,True
synth_zipf15_s0,co_purchase,8,0.0018300,0.0018327,2.669e-06,False,True
synth_zipf15_s0,lambda_hybrid_0.25,8,0.1273600,0.1273614,1.380e-06,False,True
synth_zipf15_s0,lambda_hybrid_0.5,8,0.1156600,0.1156636,3.582e-06,False,True
synth_zipf15_s0,lambda_hybrid_0.75,8,0.0735100,0.0735119,1.938e-06,False,True
synth_zipf15_s0,HEADROOM,,-0.0654491,-0.0654491,-8.327e-17,True,True
synth_zipf20_s0,pop_global,0,0.0279500,0.0279534,3.356e-06,False,True
synth_zipf20_s0,recency_pop_0.1,0,0.0289900,0.0289864,-3.627e-06,False,True
synth_zipf20_s0,recency_pop_0.5,0,0.0275300,0.0275261,-3.933e-06,False,True
synth_zipf20_s0,recency_pop_1.0,0,0.0276600,0.0276570,-3.003e-06,False,True
synth_zipf20_s0,pop_category,0,0.0210700,0.0210660,-4.038e-06,False,True
synth_zipf20_s0,pop_price,0,0.0280800,0.0280843,4.286e-06,False,True
synth_zipf20_s0,lambda_hybrid_0.25,0,0.0279500,0.0279534,3.356e-06,False,True
synth_zipf20_s0,lambda_hybrid_0.5,0,0.0279500,0.0279534,3.356e-06,False,True
synth_zipf20_s0,lambda_hybrid_0.75,0,0.0279500,0.0279534,3.356e-06,False,True
synth_zipf20_s0,active_elic2,0,0.0210700,0.0210660,-4.038e-06,False,True
synth_zipf20_s0,pop_global,1,0.0300800,0.0300773,-2.733e-06,False,True
synth_zipf20_s0,recency_pop_0.1,1,0.0262600,0.0262565,-3.510e-06,False,True
synth_zipf20_s0,recency_pop_0.5,1,0.0321800,0.0321759,-4.139e-06,False,True
synth_zipf20_s0,recency_pop_1.0,1,0.0352100,0.0352104,3.702e-07,True,True
synth_zipf20_s0,pop_category,1,0.0244400,0.0244358,-4.243e-06,False,True
synth_zipf20_s0,pop_price,1,0.0308600,0.0308628,2.846e-06,False,True
synth_zipf20_s0,content_knn_1,1,0.0179100,0.0179124,2.379e-06,False,True
synth_zipf20_s0,content_knn_3,1,0.0183400,0.0183431,3.055e-06,False,True
synth_zipf20_s0,content_knn_5,1,0.0188000,0.0187992,-7.686e-07,True,True
synth_zipf20_s0,last_item_nbhd,1,0.0183000,0.0182992,-7.686e-07,True,True
synth_zipf20_s0,pop_scaled_content,1,0.0365100,0.0365119,1.898e-06,False,True
synth_zipf20_s0,co_purchase,1,0.0107800,0.0107796,-3.586e-07,True,True
synth_zipf20_s0,lambda_hybrid_0.25,1,0.0326800,0.0326794,-5.519e-07,True,True
synth_zipf20_s0,lambda_hybrid_0.5,1,0.0319200,0.0319235,3.526e-06,False,True
synth_zipf20_s0,lambda_hybrid_0.75,1,0.0324600,0.0324639,3.946e-06,False,True
synth_zipf20_s0,pop_global,2,0.0475800,0.0475809,8.552e-07,True,True
synth_zipf20_s0,recency_pop_0.1,2,0.0229800,0.0229792,-8.044e-07,True,True
synth_zipf20_s0,recency_pop_0.5,2,0.0289800,0.0289792,-8.038e-07,True,True
synth_zipf20_s0,recency_pop_1.0,2,0.0323400,0.0323413,1.327e-06,False,True
synth_zipf20_s0,pop_category,2,0.0334000,0.0334045,4.505e-06,False,True
synth_zipf20_s0,pop_price,2,0.0488900,0.0488902,1.527e-07,True,True
synth_zipf20_s0,content_knn_1,2,0.0177000,0.0176990,-9.867e-07,True,True
synth_zipf20_s0,content_knn_3,2,0.0182000,0.0181990,-9.867e-07,True,True
synth_zipf20_s0,content_knn_5,2,0.0190300,0.0190302,1.963e-07,True,True
synth_zipf20_s0,last_item_nbhd,2,0.0180600,0.0180604,3.665e-07,True,True
synth_zipf20_s0,pop_scaled_content,2,0.0423800,0.0423792,-8.127e-07,True,True
synth_zipf20_s0,co_purchase,2,0.0105300,0.0105320,1.977e-06,False,True
synth_zipf20_s0,lambda_hybrid_0.25,2,0.0463300,0.0463346,4.639e-06,False,True
synth_zipf20_s0,lambda_hybrid_0.5,2,0.0440200,0.0440243,4.285e-06,False,True
synth_zipf20_s0,lambda_hybrid_0.75,2,0.0397500,0.0397488,-1.201e-06,False,True
synth_zipf20_s0,pop_global,3,0.0497500,0.0497504,3.862e-07,True,True
synth_zipf20_s0,recency_pop_0.1,3,0.0341300,0.0341301,8.779e-08,True,True
synth_zipf20_s0,recency_pop_0.5,3,0.0411100,0.0411116,1.570e-06,False,True
synth_zipf20_s0,recency_pop_1.0,3,0.0429700,0.0429743,4.271e-06,False,True
synth_zipf20_s0,pop_category,3,0.0380200,0.0380196,-4.352e-07,True,True
synth_zipf20_s0,pop_price,3,0.0516900,0.0516866,-3.387e-06,False,True
synth_zipf20_s0,content_knn_1,3,0.0195100,0.0195053,-4.664e-06,False,True
synth_zipf20_s0,content_knn_3,3,0.0185500,0.0185482,-1.797e-06,False,True
synth_zipf20_s0,content_knn_5,3,0.0205300,0.0205283,-1.729e-06,False,True
synth_zipf20_s0,last_item_nbhd,3,0.0181200,0.0181171,-2.905e-06,False,True
synth_zipf20_s0,pop_scaled_content,3,0.0456000,0.0456013,1.323e-06,False,True
synth_zipf20_s0,co_purchase,3,0.0105000,0.0104987,-1.348e-06,False,True
synth_zipf20_s0,lambda_hybrid_0.25,3,0.0487600,0.0487566,-3.405e-06,False,True
synth_zipf20_s0,lambda_hybrid_0.5,3,0.0453200,0.0453196,-3.817e-07,True,True
synth_zipf20_s0,lambda_hybrid_0.75,3,0.0485500,0.0485509,9.240e-07,True,True
synth_zipf20_s0,pop_global,5,0.0634800,0.0634759,-4.063e-06,False,True
synth_zipf20_s0,recency_pop_0.1,5,0.0731400,0.0731403,3.393e-07,True,True
synth_zipf20_s0,recency_pop_0.5,5,0.0763800,0.0763760,-4.012e-06,False,True
synth_zipf20_s0,recency_pop_1.0,5,0.0768000,0.0767960,-4.043e-06,False,True
synth_zipf20_s0,pop_category,5,0.0631700,0.0631740,3.979e-06,False,True
synth_zipf20_s0,pop_price,5,0.0691600,0.0691588,-1.235e-06,False,True
synth_zipf20_s0,content_knn_1,5,0.0271400,0.0271388,-1.249e-06,False,True
synth_zipf20_s0,content_knn_3,5,0.0254300,0.0254275,-2.476e-06,False,True
synth_zipf20_s0,content_knn_5,5,0.0269300,0.0269258,-4.200e-06,False,True
synth_zipf20_s0,last_item_nbhd,5,0.0265900,0.0265927,2.743e-06,False,True
synth_zipf20_s0,pop_scaled_content,5,0.0714300,0.0714333,3.257e-06,False,True
synth_zipf20_s0,co_purchase,5,0.0053000,0.0053050,4.991e-06,False,True
synth_zipf20_s0,lambda_hybrid_0.25,5,0.0740100,0.0740081,-1.921e-06,False,True
synth_zipf20_s0,lambda_hybrid_0.5,5,0.0738400,0.0738374,-2.556e-06,False,True
synth_zipf20_s0,lambda_hybrid_0.75,5,0.0562400,0.0562356,-4.372e-06,False,True
synth_zipf20_s0,pop_global,8,0.1391800,0.1391812,1.151e-06,False,True
synth_zipf20_s0,recency_pop_0.1,8,0.1329600,0.1329633,3.321e-06,False,True
synth_zipf20_s0,recency_pop_0.5,8,0.1295700,0.1295687,-1.271e-06,False,True
synth_zipf20_s0,recency_pop_1.0,8,0.1293700,0.1293725,2.524e-06,False,True
synth_zipf20_s0,pop_category,8,0.1301500,0.1301454,-4.643e-06,False,True
synth_zipf20_s0,pop_price,8,0.1466500,0.1466496,-3.808e-07,True,True
synth_zipf20_s0,content_knn_1,8,0.0171200,0.0171170,-2.979e-06,False,True
synth_zipf20_s0,content_knn_3,8,0.0170000,0.0169954,-4.642e-06,False,True
synth_zipf20_s0,content_knn_5,8,0.0176800,0.0176782,-1.784e-06,False,True
synth_zipf20_s0,last_item_nbhd,8,0.0168700,0.0168737,3.694e-06,False,True
synth_zipf20_s0,pop_scaled_content,8,0.1227500,0.1227476,-2.372e-06,False,True
synth_zipf20_s0,co_purchase,8,0.0047800,0.0047833,3.289e-06,False,True
synth_zipf20_s0,lambda_hybrid_0.25,8,0.1475800,0.1475822,2.189e-06,False,True
synth_zipf20_s0,lambda_hybrid_0.5,8,0.1378500,0.1378516,1.621e-06,False,True
synth_zipf20_s0,lambda_hybrid_0.75,8,0.0848500,0.0848527,2.658e-06,False,True
synth_zipf20_s0,HEADROOM,,-0.0469127,-0.0469127,-8.327e-17,True,True
synth_zipf20_s1,pop_global,0,0.0370800,0.0370771,-2.881e-06,False,True
synth_zipf20_s1,recency_pop_0.1,0,0.0185300,0.0185302,1.956e-07,True,True
synth_zipf20_s1,recency_pop_0.5,0,0.0190000,0.0189964,-3.562e-06,False,True
synth_zipf20_s1,recency_pop_1.0,0,0.0189300,0.0189271,-2.885e-06,False,True
synth_zipf20_s1,pop_category,0,0.0357400,0.0357387,-1.293e-06,False,True
synth_zipf20_s1,pop_price,0,0.0370800,0.0370771,-2.881e-06,False,True
synth_zipf20_s1,lambda_hybrid_0.25,0,0.0370800,0.0370771,-2.881e-06,False,True
synth_zipf20_s1,lambda_hybrid_0.5,0,0.0370800,0.0370771,-2.881e-06,False,True
synth_zipf20_s1,lambda_hybrid_0.75,0,0.0370800,0.0370771,-2.881e-06,False,True
synth_zipf20_s1,active_elic2,0,0.0357400,0.0357387,-1.293e-06,False,True
synth_zipf20_s1,pop_global,1,0.0357300,0.0357263,-3.654e-06,False,True
synth_zipf20_s1,recency_pop_0.1,1,0.0237900,0.0237885,-1.532e-06,False,True
synth_zipf20_s1,recency_pop_0.5,1,0.0251600,0.0251575,-2.462e-06,False,True
synth_zipf20_s1,recency_pop_1.0,1,0.0258200,0.0258199,-9.621e-08,True,True
synth_zipf20_s1,pop_category,1,0.0355900,0.0355900,2.125e-08,True,True
synth_zipf20_s1,pop_price,1,0.0357300,0.0357263,-3.654e-06,False,True
synth_zipf20_s1,content_knn_1,1,0.0203100,0.0203104,3.799e-07,True,True
synth_zipf20_s1,content_knn_3,1,0.0213000,0.0213027,2.663e-06,False,True
synth_zipf20_s1,content_knn_5,1,0.0213100,0.0213104,3.799e-07,True,True
synth_zipf20_s1,last_item_nbhd,1,0.0207000,0.0206972,-2.767e-06,False,True
synth_zipf20_s1,pop_scaled_content,1,0.0465800,0.0465789,-1.074e-06,False,True
synth_zipf20_s1,co_purchase,1,0.0125600,0.0125557,-4.304e-06,False,True
synth_zipf20_s1,lambda_hybrid_0.25,1,0.0425600,0.0425627,2.740e-06,False,True
synth_zipf20_s1,lambda_hybrid_0.5,1,0.0421800,0.0421789,-1.065e-06,False,True
synth_zipf20_s1,lambda_hybrid_0.75,1,0.0360400,0.0360439,3.876e-06,False,True
synth_zipf20_s1,pop_global,2,0.0542500,0.0542501,9.110e-08,True,True
synth_zipf20_s1,recency_pop_0.1,2,0.0272900,0.0272949,4.945e-06,False,True
synth_zipf20_s1,recency_pop_0.5,2,0.0284400,0.0284377,-2.279e-06,False,True
synth_zipf20_s1,recency_pop_1.0,2,0.0296400,0.0296369,-3.108e-06,False,True
synth_zipf20_s1,pop_category,2,0.0514600,0.0514573,-2.689e-06,False,True
synth_zipf20_s1,pop_price,2,0.0534800,0.0534764,-3.615e-06,False,True
synth_zipf20_s1,content_knn_1,2,0.0138800,0.0138774,-2.646e-06,False,True
synth_zipf20_s1,content_knn_3,2,0.0136200,0.0136214,1.431e-06,False,True
synth_zipf20_s1,content_knn_5,2,0.0132000,0.0132026,2.601e-06,False,True
synth_zipf20_s1,last_item_nbhd,2,0.0138800,0.0138774,-2.646e-06,False,True
synth_zipf20_s1,pop_scaled_content,2,0.0545800,0.0545769,-3.065e-06,False,True
synth_zipf20_s1,co_purchase,2,0.0134600,0.0134567,-3.256e-06,False,True
synth_zipf20_s1,lambda_hybrid_0.25,2,0.0584100,0.0584148,4.752e-06,False,True
synth_zipf20_s1,lambda_hybrid_0.5,2,0.0577600,0.0577635,3.535e-06,False,True
synth_zipf20_s1,lambda_hybrid_0.75,2,0.0529200,0.0529200,-3.498e-08,True,True
synth_zipf20_s1,pop_global,3,0.0581900,0.0581869,-3.128e-06,False,True
synth_zipf20_s1,recency_pop_0.1,3,0.0356000,0.0356037,3.713e-06,False,True
synth_zipf20_s1,recency_pop_0.5,3,0.0352600,0.0352603,3.403e-07,True,True
synth_zipf20_s1,recency_pop_1.0,3,0.0357700,0.0357698,-1.671e-07,True,True
synth_zipf20_s1,pop_category,3,0.0585200,0.0585158,-4.174e-06,False,True
synth_zipf20_s1,pop_price,3,0.0601200,0.0601231,3.072e-06,False,True
synth_zipf20_s1,content_knn_1,3,0.0155400,0.0155393,-7.424e-07,True,True
synth_zipf20_s1,content_knn_3,3,0.0143400,0.0143378,-2.197e-06,False,True
synth_zipf20_s1,content_knn_5,3,0.0135100,0.0135058,-4.212e-06,False,True
synth_zipf20_s1,last_item_nbhd,3,0.0156700,0.0156703,3.184e-07,True,True
synth_zipf20_s1,pop_scaled_content,3,0.0563300,0.0563265,-3.504e-06,False,True
synth_zipf20_s1,co_purchase,3,0.0045100,0.0045146,4.580e-06,False,True
synth_zipf20_s1,lambda_hybrid_0.25,3,0.0633100,0.0633080,-1.996e-06,False,True
synth_zipf20_s1,lambda_hybrid_0.5,3,0.0623000,0.0623034,3.385e-06,False,True
synth_zipf20_s1,lambda_hybrid_0.75,3,0.0466600,0.0466557,-4.301e-06,False,True
synth_zipf20_s1,pop_global,5,0.0960600,0.0960645,4.512e-06,False,True
synth_zipf20_s1,recency_pop_0.1,5,0.0764000,0.0763986,-1.386e-06,False,True
synth_zipf20_s1,recency_pop_0.5,5,0.0791800,0.0791827,2.652e-06,False,True
synth_zipf20_s1,recency_pop_1.0,5,0.0807800,0.0807772,-2.811e-06,False,True
synth_zipf20_s1,pop_category,5,0.0868700,0.0868674,-2.561e-06,False,True
synth_zipf20_s1,pop_price,5,0.0961100,0.0961086,-1.444e-06,False,True
synth_zipf20_s1,content_knn_1,5,0.0130700,0.0130713,1.292e-06,False,True
synth_zipf20_s1,content_knn_3,5,0.0133200,0.0133166,-3.404e-06,False,True
synth_zipf20_s1,content_knn_5,5,0.0142700,0.0142698,-1.791e-07,True,True
synth_zipf20_s1,last_item_nbhd,5,0.0135000,0.0135041,4.133e-06,False,True
synth_zipf20_s1,pop_scaled_content,5,0.0859900,0.0859928,2.756e-06,False,True
synth_zipf20_s1,co_purchase,5,0.0045500,0.0045506,6.010e-07,True,True
synth_zipf20_s1,lambda_hybrid_0.25,5,0.0993400,0.0993399,-1.154e-07,True,True
synth_zipf20_s1,lambda_hybrid_0.5,5,0.0912700,0.0912655,-4.455e-06,False,True
synth_zipf20_s1,lambda_hybrid_0.75,5,0.0645900,0.0645890,-9.881e-07,True,True
synth_zipf20_s1,pop_global,8,0.1214500,0.1214537,3.651e-06,False,True
synth_zipf20_s1,recency_pop_0.1,8,0.1146200,0.1146233,3.258e-06,False,True
synth_zipf20_s1,recency_pop_0.5,8,0.1199500,0.1199469,-3.148e-06,False,True
synth_zipf20_s1,recency_pop_1.0,8,0.1195700,0.1195715,1.498e-06,False,True
synth_zipf20_s1,pop_category,8,0.1021800,0.1021756,-4.392e-06,False,True
synth_zipf20_s1,pop_price,8,0.1184500,0.1184458,-4.232e-06,False,True
synth_zipf20_s1,content_knn_1,8,0.0218000,0.0218046,4.602e-06,False,True
synth_zipf20_s1,content_knn_3,8,0.0219200,0.0219245,4.461e-06,False,True
synth_zipf20_s1,content_knn_5,8,0.0223200,0.0223154,-4.575e-06,False,True
synth_zipf20_s1,last_item_nbhd,8,0.0224700,0.0224730,2.959e-06,False,True
synth_zipf20_s1,pop_scaled_content,8,0.0999700,0.0999698,-1.677e-07,True,True
synth_zipf20_s1,co_purchase,8,0.0036100,0.0036066,-3.395e-06,False,True
synth_zipf20_s1,lambda_hybrid_0.25,8,0.1173300,0.1173283,-1.732e-06,False,True
synth_zipf20_s1,lambda_hybrid_0.5,8,0.1030000,0.1029953,-4.732e-06,False,True
synth_zipf20_s1,lambda_hybrid_0.75,8,0.0722800,0.0722794,-5.574e-07,True,True
synth_zipf20_s1,HEADROOM,,-0.0553104,-0.0553104,-6.939e-18,True,True
uci_retail_1_lights,pop_global,0,0.3759100,0.3759118,1.754e-06,False,True
uci_retail_1_lights,recency_pop_0.1,0,0.3461500,0.3461538,3.846e-06,False,True
uci_retail_1_lights,recency_pop_0.5,0,0.3461500,0.3461538,3.846e-06,False,True
uci_retail_1_lights,recency_pop_1.0,0,0.3461500,0.3461538,3.846e-06,False,True
uci_retail_1_lights,pop_category,0,0.3759100,0.3759118,1.754e-06,False,True
uci_retail_1_lights,pop_price,0,0.4124100,0.4124118,1.778e-06,False,True
uci_retail_1_lights,lambda_hybrid_0.25,0,0.3759100,0.3759118,1.754e-06,False,True
uci_retail_1_lights,lambda_hybrid_0.5,0,0.3759100,0.3759118,1.754e-06,False,True
uci_retail_1_lights,lambda_hybrid_0.75,0,0.3759100,0.3759118,1.754e-06,False,True
uci_retail_1_lights,active_elic2,0,0.3759100,0.3759118,1.754e-06,False,True
uci_retail_1_lights,pop_global,1,0.2248400,0.2248430,3.033e-06,False,True
uci_retail_1_lights,recency_pop_0.1,1,0.1254600,0.1254561,-3.865e-06,False,True
uci_retail_1_lights,recency_pop_0.5,1,0.0485300,0.0485331,3.058e-06,False,True
uci_retail_1_lights,recency_pop_1.0,1,0.0485300,0.0485331,3.058e-06,False,True
uci_retail_1_lights,pop_category,1,0.2248400,0.2248430,3.033e-06,False,True
uci_retail_1_lights,pop_price,1,0.2124500,0.2124507,7.313e-07,True,True
uci_retail_1_lights,content_knn_1,1,0.0715900,0.0715905,5.045e-07,True,True
uci_retail_1_lights,content_knn_3,1,0.0715900,0.0715905,5.045e-07,True,True
uci_retail_1_lights,content_knn_5,1,0.0715900,0.0715905,5.045e-07,True,True
uci_retail_1_lights,last_item_nbhd,1,0.0715900,0.0715905,5.045e-07,True,True
uci_retail_1_lights,pop_scaled_content,1,0.2893700,0.2893738,3.808e-06,False,True
uci_retail_1_lights,co_purchase,1,0.2887800,0.2887802,1.828e-07,True,True
uci_retail_1_lights,lambda_hybrid_0.25,1,0.2609800,0.2609838,3.789e-06,False,True
uci_retail_1_lights,lambda_hybrid_0.5,1,0.3663000,0.3662969,-3.115e-06,False,True
uci_retail_1_lights,lambda_hybrid_0.75,1,0.3663000,0.3662969,-3.115e-06,False,True
uci_retail_1_lights,pop_global,2,0.1840600,0.1840607,7.124e-07,True,True
uci_retail_1_lights,recency_pop_0.1,2,0.0000000,0.0000000,0.000e+00,True,True
uci_retail_1_lights,recency_pop_0.5,2,0.0297600,0.0297579,-2.092e-06,False,True
uci_retail_1_lights,recency_pop_1.0,2,0.0331300,0.0331290,-1.034e-06,False,True
uci_retail_1_lights,pop_category,2,0.1840600,0.1840607,7.124e-07,True,True
uci_retail_1_lights,pop_price,2,0.2455800,0.2455797,-3.027e-07,True,True
uci_retail_1_lights,content_knn_1,2,0.0000000,0.0000000,0.000e+00,True,True
uci_retail_1_lights,content_knn_3,2,0.0000000,0.0000000,0.000e+00,True,True
uci_retail_1_lights,content_knn_5,2,0.0000000,0.0000000,0.000e+00,True,True
uci_retail_1_lights,last_item_nbhd,2,0.0000000,0.0000000,0.000e+00,True,True
uci_retail_1_lights,pop_scaled_content,2,0.1739900,0.1739892,-8.071e-07,True,True
uci_retail_1_lights,co_purchase,2,0.1100500,0.1100520,2.043e-06,False,True
uci_retail_1_lights,lambda_hybrid_0.25,2,0.2071200,0.2071182,-1.841e-06,False,True
uci_retail_1_lights,lambda_hybrid_0.5,2,0.1739900,0.1739892,-8.071e-07,True,True
uci_retail_1_lights,lambda_hybrid_0.75,2,0.1739900,0.1739892,-8.071e-07,True,True
uci_retail_1_lights,pop_global,3,0.1153800,0.1153846,4.615e-06,False,True
uci_retail_1_lights,recency_pop_0.1,3,0.0000000,0.0000000,0.000e+00,True,True
uci_retail_1_lights,recency_pop_0.5,3,0.0628900,0.0628869,-3.126e-06,False,True
uci_retail_1_lights,recency_pop_1.0,3,0.0715900,0.0715905,5.045e-07,True,True
uci_retail_1_lights,pop_category,3,0.1153800,0.1153846,4.615e-06,False,True
uci_retail_1_lights,pop_price,3,0.1456000,0.1455992,-8.261e-07,True,True
uci_retail_1_lights,content_knn_1,3,0.0000000,0.0000000,0.000e+00,True,True
uci_retail_1_lights,content_knn_3,3,0.0000000,0.0000000,0.000e+00,True,True
uci_retail_1_lights,content_knn_5,3,0.0000000,0.0000000,0.000e+00,True,True
uci_retail_1_lights,last_item_nbhd,3,0.0000000,0.0000000,0.000e+00,True,True
uci_retail_1_lights,pop_scaled_content,3,0.1456000,0.1455992,-8.261e-07,True,True
uci_retail_1_lights,co_purchase,3,0.0384600,0.0384615,1.538e-06,False,True
uci_retail_1_lights,lambda_hybrid_0.25,3,0.1456000,0.1455992,-8.261e-07,True,True
uci_retail_1_lights,lambda_hybrid_0.5,3,0.0970700,0.0970661,-3.884e-06,False,True
uci_retail_1_lights,lambda_hybrid_0.75,3,0.0970700,0.0970661,-3.884e-06,False,True
uci_retail_1_lights,pop_global,5,0.1577300,0.1577324,2.438e-06,False,True
uci_retail_1_lights,recency_pop_0.1,5,0.2500000,0.2500000,0.000e+00,True,True
uci_retail_1_lights,recency_pop_0.5,5,0.0000000,0.0000000,0.000e+00,True,True
uci_retail_1_lights,recency_pop_1.0,5,0.0000000,0.0000000,0.000e+00,True,True
uci_retail_1_lights,pop_category,5,0.1577300,0.1577324,2.438e-06,False,True
uci_retail_1_lights,pop_price,5,0.1250000,0.1250000,0.000e+00,True,True
uci_retail_1_lights,content_knn_1,5,0.1076700,0.1076691,-8.605e-07,True,True
uci_retail_1_lights,content_knn_3,5,0.1076700,0.1076691,-8.605e-07,True,True
uci_retail_1_lights,content_knn_5,5,0.1076700,0.1076691,-8.605e-07,True,True
uci_retail_1_lights,last_item_nbhd,5,0.1076700,0.1076691,-8.605e-07,True,True
uci_retail_1_lights,pop_scaled_content,5,0.1250000,0.1250000,0.000e+00,True,True
uci_retail_1_lights,co_purchase,5,0.2500000,0.2500000,0.000e+00,True,True
uci_retail_1_lights,lambda_hybrid_0.25,5,0.2217100,0.2217132,3.202e-06,False,True
uci_retail_1_lights,lambda_hybrid_0.5,5,0.2500000,0.2500000,0.000e+00,True,True
uci_retail_1_lights,lambda_hybrid_0.75,5,0.2500000,0.2500000,0.000e+00,True,True
uci_retail_1_lights,pop_global,8,0.0000000,0.0000000,0.000e+00,True,True
uci_retail_1_lights,recency_pop_0.1,8,0.0000000,0.0000000,0.000e+00,True,True
uci_retail_1_lights,recency_pop_0.5,8,0.0000000,0.0000000,0.000e+00,True,True
uci_retail_1_lights,recency_pop_1.0,8,0.0000000,0.0000000,0.000e+00,True,True
uci_retail_1_lights,pop_category,8,0.0000000,0.0000000,0.000e+00,True,True
uci_retail_1_lights,pop_price,8,0.0000000,0.0000000,0.000e+00,True,True
uci_retail_1_lights,content_knn_1,8,0.0000000,0.0000000,0.000e+00,True,True
uci_retail_1_lights,content_knn_3,8,0.0000000,0.0000000,0.000e+00,True,True
uci_retail_1_lights,content_knn_5,8,0.0000000,0.0000000,0.000e+00,True,True
uci_retail_1_lights,last_item_nbhd,8,0.0000000,0.0000000,0.000e+00,True,True
uci_retail_1_lights,pop_scaled_content,8,0.0000000,0.0000000,0.000e+00,True,True
uci_retail_1_lights,co_purchase,8,0.0000000,0.0000000,0.000e+00,True,True
uci_retail_1_lights,lambda_hybrid_0.25,8,0.0000000,0.0000000,0.000e+00,True,True
uci_retail_1_lights,lambda_hybrid_0.5,8,0.0000000,0.0000000,0.000e+00,True,True
uci_retail_1_lights,lambda_hybrid_0.75,8,0.0000000,0.0000000,0.000e+00,True,True
uci_retail_1_lights,HEADROOM,,-0.1586327,-0.1586327,-5.551e-17,True,True
uci_retail_2_lights,pop_global,0,0.4397500,0.4397512,1.202e-06,False,True
uci_retail_2_lights,recency_pop_0.1,0,0.4361800,0.4361775,-2.489e-06,False,True
uci_retail_2_lights,recency_pop_0.5,0,0.4178500,0.4178522,2.171e-06,False,True
uci_retail_2_lights,recency_pop_1.0,0,0.4178500,0.4178522,2.171e-06,False,True
uci_retail_2_lights,pop_category,0,0.4397500,0.4397512,1.202e-06,False,True
uci_retail_2_lights,pop_price,0,0.3023700,0.3023719,1.901e-06,False,True
uci_retail_2_lights,lambda_hybrid_0.25,0,0.4397500,0.4397512,1.202e-06,False,True
uci_retail_2_lights,lambda_hybrid_0.5,0,0.4397500,0.4397512,1.202e-06,False,True
uci_retail_2_lights,lambda_hybrid_0.75,0,0.4397500,0.4397512,1.202e-06,False,True
uci_retail_2_lights,active_elic2,0,0.4397500,0.4397512,1.202e-06,False,True
uci_retail_2_lights,pop_global,1,0.2154800,0.2154820,2.033e-06,False,True
uci_retail_2_lights,recency_pop_0.1,1,0.2449100,0.2449062,-3.839e-06,False,True
uci_retail_2_lights,recency_pop_0.5,1,0.2102700,0.2102677,-2.281e-06,False,True
uci_retail_2_lights,recency_pop_1.0,1,0.2102700,0.2102677,-2.281e-06,False,True
uci_retail_2_lights,pop_category,1,0.2154800,0.2154820,2.033e-06,False,True
uci_retail_2_lights,pop_price,1,0.1428500,0.1428526,2.617e-06,False,True
uci_retail_2_lights,content_knn_1,1,0.1453800,0.1453784,-1.563e-06,False,True
uci_retail_2_lights,content_knn_3,1,0.1453800,0.1453784,-1.563e-06,False,True
uci_retail_2_lights,content_knn_5,1,0.1453800,0.1453784,-1.563e-06,False,True
uci_retail_2_lights,last_item_nbhd,1,0.1453800,0.1453784,-1.563e-06,False,True
uci_retail_2_lights,pop_scaled_content,1,0.3553500,0.3553519,1.947e-06,False,True
uci_retail_2_lights,co_purchase,1,0.3687200,0.3687202,2.104e-07,True,True
uci_retail_2_lights,lambda_hybrid_0.25,1,0.2716800,0.2716840,3.971e-06,False,True
uci_retail_2_lights,lambda_hybrid_0.5,1,0.3628400,0.3628357,-4.262e-06,False,True
uci_retail_2_lights,lambda_hybrid_0.75,1,0.3628400,0.3628357,-4.262e-06,False,True
uci_retail_2_lights,pop_global,2,0.3736800,0.3736773,-2.712e-06,False,True
uci_retail_2_lights,recency_pop_0.1,2,0.3441200,0.3441155,-4.473e-06,False,True
uci_retail_2_lights,recency_pop_0.5,2,0.3464300,0.3464263,-3.691e-06,False,True
uci_retail_2_lights,recency_pop_1.0,2,0.3464300,0.3464263,-3.691e-06,False,True
uci_retail_2_lights,pop_category,2,0.3736800,0.3736773,-2.712e-06,False,True
uci_retail_2_lights,pop_price,2,0.3007900,0.3007906,6.338e-07,True,True
uci_retail_2_lights,content_knn_1,2,0.1532400,0.1532390,-9.522e-07,True,True
uci_retail_2_lights,content_knn_3,2,0.1532400,0.1532390,-9.522e-07,True,True
uci_retail_2_lights,content_knn_5,2,0.1532400,0.1532390,-9.522e-07,True,True
uci_retail_2_lights,last_item_nbhd,2,0.1532400,0.1532390,-9.522e-07,True,True
uci_retail_2_lights,pop_scaled_content,2,0.4336700,0.4336688,-1.152e-06,False,True
uci_retail_2_lights,co_purchase,2,0.3920600,0.3920620,1.984e-06,False,True
uci_retail_2_lights,lambda_hybrid_0.25,2,0.4412700,0.4412722,2.221e-06,False,True
uci_retail_2_lights,lambda_hybrid_0.5,2,0.3570100,0.3570106,6.209e-07,True,True
uci_retail_2_lights,lambda_hybrid_0.75,2,0.3426500,0.3426547,4.736e-06,False,True
uci_retail_2_lights,pop_global,3,0.0462300,0.0462284,-1.573e-06,False,True
uci_retail_2_lights,recency_pop_0.1,3,0.0333300,0.0333333,3.333e-06,False,True
uci_retail_2_lights,recency_pop_0.5,3,0.0462300,0.0462284,-1.573e-06,False,True
uci_retail_2_lights,recency_pop_1.0,3,0.0462300,0.0462284,-1.573e-06,False,True
uci_retail_2_lights,pop_category,3,0.0462300,0.0462284,-1.573e-06,False,True
uci_retail_2_lights,pop_price,3,0.0333300,0.0333333,3.333e-06,False,True
uci_retail_2_lights,content_knn_1,3,0.0420600,0.0420620,1.984e-06,False,True
uci_retail_2_lights,content_knn_3,3,0.0420600,0.0420620,1.984e-06,False,True
uci_retail_2_lights,content_knn_5,3,0.0420600,0.0420620,1.984e-06,False,True
uci_retail_2_lights,last_item_nbhd,3,0.0420600,0.0420620,1.984e-06,False,True
uci_retail_2_lights,pop_scaled_content,3,0.0754000,0.0753953,-4.683e-06,False,True
uci_retail_2_lights,co_purchase,3,0.0810200,0.0810226,2.552e-06,False,True
uci_retail_2_lights,lambda_hybrid_0.25,3,0.0793000,0.0793045,4.523e-06,False,True
uci_retail_2_lights,lambda_hybrid_0.5,3,0.1043600,0.1043643,4.325e-06,False,True
uci_retail_2_lights,lambda_hybrid_0.75,3,0.1043600,0.1043643,4.325e-06,False,True
uci_retail_2_lights,pop_global,5,0.0000000,0.0000000,0.000e+00,True,True
uci_retail_2_lights,recency_pop_0.1,5,0.0000000,0.0000000,0.000e+00,True,True
uci_retail_2_lights,recency_pop_0.5,5,0.0000000,0.0000000,0.000e+00,True,True
uci_retail_2_lights,recency_pop_1.0,5,0.0000000,0.0000000,0.000e+00,True,True
uci_retail_2_lights,pop_category,5,0.0000000,0.0000000,0.000e+00,True,True
uci_retail_2_lights,pop_price,5,0.0000000,0.0000000,0.000e+00,True,True
uci_retail_2_lights,content_knn_1,5,0.1051500,0.1051550,4.959e-06,False,True
uci_retail_2_lights,content_knn_3,5,0.1051500,0.1051550,4.959e-06,False,True
uci_retail_2_lights,content_knn_5,5,0.1051500,0.1051550,4.959e-06,False,True
uci_retail_2_lights,last_item_nbhd,5,0.1051500,0.1051550,4.959e-06,False,True
uci_retail_2_lights,pop_scaled_content,5,0.1264800,0.1264819,1.880e-06,False,True
uci_retail_2_lights,co_purchase,5,0.0322400,0.0322377,-2.266e-06,False,True
uci_retail_2_lights,lambda_hybrid_0.25,5,0.1040200,0.1040172,-2.840e-06,False,True
uci_retail_2_lights,lambda_hybrid_0.5,5,0.2192400,0.2192441,4.146e-06,False,True
uci_retail_2_lights,lambda_hybrid_0.75,5,0.2192400,0.2192441,4.146e-06,False,True
uci_retail_2_lights,pop_global,8,0.0000000,0.0000000,0.000e+00,True,True
uci_retail_2_lights,recency_pop_0.1,8,0.0000000,0.0000000,0.000e+00,True,True
uci_retail_2_lights,recency_pop_0.5,8,0.0000000,0.0000000,0.000e+00,True,True
uci_retail_2_lights,recency_pop_1.0,8,0.0000000,0.0000000,0.000e+00,True,True
uci_retail_2_lights,pop_category,8,0.0000000,0.0000000,0.000e+00,True,True
uci_retail_2_lights,pop_price,8,0.0000000,0.0000000,0.000e+00,True,True
uci_retail_2_lights,content_knn_1,8,0.0000000,0.0000000,0.000e+00,True,True
uci_retail_2_lights,content_knn_3,8,0.0000000,0.0000000,0.000e+00,True,True
uci_retail_2_lights,content_knn_5,8,0.0000000,0.0000000,0.000e+00,True,True
uci_retail_2_lights,last_item_nbhd,8,0.0000000,0.0000000,0.000e+00,True,True
uci_retail_2_lights,pop_scaled_content,8,0.0000000,0.0000000,0.000e+00,True,True
uci_retail_2_lights,co_purchase,8,0.0000000,0.0000000,0.000e+00,True,True
uci_retail_2_lights,lambda_hybrid_0.25,8,0.0000000,0.0000000,0.000e+00,True,True
uci_retail_2_lights,lambda_hybrid_0.5,8,0.0000000,0.0000000,0.000e+00,True,True
uci_retail_2_lights,lambda_hybrid_0.75,8,0.0000000,0.0000000,0.000e+00,True,True
uci_retail_2_lights,HEADROOM,,-0.0653089,-0.0653089,-1.388e-17,True,True
